Size,Sleeve_Type,Color,Collar_Type,Fit,Pattern,Price,Trial_Count,Purchased
M,Full,Yellow,Round,Loose,Printed,2272,6,1
S,Half,Red,V-Neck,Slim,Checked,969,5,0
XL,Sleeveless,Red,Mandarin,Slim,Checked,2694,0,0
XL,Full,Red,Mandarin,Regular,Printed,2127,3,1
M,Sleeveless,White,V-Neck,Regular,Checked,2153,3,0
M,Half,Yellow,Round,Slim,Striped,2291,3,1
S,Full,Red,V-Neck,Regular,Solid,1174,3,1
XL,Sleeveless,White,Round,Loose,Checked,1725,8,0
M,Full,Green,V-Neck,Regular,Printed,973,2,0
S,Half,Red,Round,Regular,Solid,1029,2,0
M,Full,Yellow,V-Neck,Slim,Solid,829,3,1
L,Half,Red,Round,Slim,Checked,349,0,1
M,Half,Red,Polo,Regular,Checked,1010,0,1
L,Half,Green,V-Neck,Regular,Striped,2851,3,0
M,Full,Red,Mandarin,Regular,Solid,396,1,0
M,Sleeveless,Black,V-Neck,Regular,Checked,2728,1,0
M,Half,Black,Round,Regular,Printed,2362,9,1
XL,Full,Red,Round,Loose,Striped,504,0,0
L,Half,Red,Round,Loose,Striped,1121,0,0
S,Full,Black,V-Neck,Slim,Printed,1418,0,0
L,Half,Black,Mandarin,Regular,Striped,2018,2,1
XL,Full,Black,V-Neck,Regular,Solid,1492,4,1
L,Half,Black,V-Neck,Slim,Striped,882,1,1
M,Sleeveless,Blue,Round,Slim,Checked,469,1,0
S,Full,Yellow,Polo,Regular,Solid,2756,9,0
XL,Sleeveless,Yellow,Round,Regular,Striped,2262,5,0
M,Full,Blue,Round,Slim,Solid,1579,9,1
XL,Sleeveless,Green,Round,Loose,Solid,1438,6,0
S,Half,Black,Mandarin,Regular,Printed,1365,2,0
M,Full,Black,Round,Loose,Solid,444,0,1
M,Full,Red,Polo,Slim,Solid,2991,4,0
S,Half,Black,Mandarin,Regular,Solid,1608,3,0
S,Half,Red,Polo,Slim,Striped,1008,3,0
M,Sleeveless,Black,Round,Regular,Printed,892,2,0
L,Half,White,Round,Loose,Printed,286,0,0
M,Full,Black,Round,Slim,Solid,578,3,1
M,Full,Black,Mandarin,Slim,Checked,3000,2,0
S,Half,White,V-Neck,Regular,Striped,2312,2,1
L,Sleeveless,White,Polo,Loose,Solid,731,0,0
L,Full,Black,Round,Slim,Solid,627,1,1
M,Full,White,Mandarin,Loose,Solid,1473,5,0
S,Half,Red,V-Neck,Loose,Solid,696,4,0
S,Half,Blue,Mandarin,Slim,Solid,252,0,1
XL,Half,Black,V-Neck,Loose,Checked,1646,2,0
L,Half,Blue,Round,Loose,Solid,513,0,0
S,Full,Blue,V-Neck,Regular,Checked,1663,2,0
S,Full,Black,V-Neck,Slim,Checked,1825,7,0
M,Sleeveless,Red,Round,Regular,Solid,1558,4,1
M,Half,Yellow,Mandarin,Regular,Printed,2930,2,0
XL,Full,Blue,Polo,Slim,Printed,2346,4,0
S,Sleeveless,Blue,V-Neck,Loose,Striped,1426,3,1
M,Full,Green,Mandarin,Loose,Solid,219,2,0
M,Full,Green,Round,Regular,Striped,663,0,1
M,Half,Green,Round,Slim,Solid,628,1,1
S,Sleeveless,Green,Round,Slim,Striped,2034,1,1
XL,Sleeveless,White,Mandarin,Slim,Printed,210,3,0
L,Sleeveless,Yellow,V-Neck,Loose,Striped,1622,3,1
L,Sleeveless,Green,Round,Regular,Solid,2789,8,0
S,Full,Red,V-Neck,Loose,Solid,1821,2,0
S,Full,Black,Polo,Regular,Striped,1549,3,1
L,Full,White,Round,Slim,Striped,1001,1,1
S,Sleeveless,Black,Mandarin,Regular,Printed,1506,3,0
S,Sleeveless,Red,V-Neck,Loose,Printed,1333,2,0
XL,Sleeveless,White,Round,Loose,Checked,2309,3,0
XL,Half,White,V-Neck,Slim,Striped,1624,4,0
XL,Half,Blue,V-Neck,Slim,Checked,2509,7,0
M,Half,Black,V-Neck,Loose,Solid,3000,0,0
L,Sleeveless,Red,V-Neck,Slim,Printed,293,2,1
M,Sleeveless,Yellow,Polo,Regular,Solid,1588,1,1
S,Half,Black,Polo,Slim,Printed,783,1,0
S,Sleeveless,Black,Round,Slim,Printed,2514,9,0
L,Full,Blue,Polo,Regular,Striped,1434,1,1
XL,Full,Green,Polo,Regular,Striped,2411,4,0
S,Full,Red,Round,Loose,Solid,1818,2,1
L,Sleeveless,Yellow,Mandarin,Regular,Solid,318,4,0
L,Half,White,Polo,Regular,Striped,781,1,1
S,Sleeveless,White,V-Neck,Regular,Striped,727,2,0
M,Sleeveless,Red,V-Neck,Slim,Printed,450,2,1
M,Half,Black,Round,Slim,Solid,1569,2,0
M,Sleeveless,Yellow,V-Neck,Loose,Printed,445,2,0
M,Half,Black,V-Neck,Slim,Striped,1789,3,0
S,Sleeveless,Red,Polo,Slim,Solid,487,3,0
M,Half,Green,Polo,Regular,Solid,1403,2,0
L,Full,White,Round,Regular,Solid,1387,9,1
M,Full,Yellow,V-Neck,Regular,Checked,577,7,1
M,Half,Black,Round,Slim,Checked,1638,1,0
M,Half,Blue,V-Neck,Slim,Striped,1589,4,0
L,Half,Blue,Round,Loose,Printed,447,2,0
L,Full,Blue,Polo,Loose,Printed,1460,2,0
M,Half,Yellow,Mandarin,Regular,Solid,559,7,1
S,Sleeveless,Blue,Polo,Loose,Printed,1961,1,0
S,Sleeveless,Blue,Polo,Slim,Striped,2313,3,0
L,Half,Blue,Mandarin,Regular,Solid,1571,2,1
L,Full,Yellow,Round,Regular,Solid,1746,8,0
S,Full,Red,Mandarin,Slim,Solid,2701,5,0
L,Half,White,V-Neck,Slim,Printed,1135,3,0
XL,Half,Black,Round,Regular,Printed,1081,0,1
S,Sleeveless,Black,Mandarin,Regular,Solid,718,6,0
L,Full,Black,Round,Slim,Solid,603,3,0
M,Full,Red,Mandarin,Slim,Solid,228,3,0
L,Full,Green,V-Neck,Loose,Checked,328,5,0
XL,Full,Black,Mandarin,Loose,Striped,2364,5,0
S,Half,Yellow,Mandarin,Loose,Solid,2763,3,0
XL,Half,Green,V-Neck,Regular,Solid,1080,5,0
L,Sleeveless,Blue,Mandarin,Regular,Printed,1029,3,1
XL,Full,Black,V-Neck,Slim,Solid,1650,3,0
M,Full,White,V-Neck,Slim,Checked,453,1,1
L,Full,Black,Polo,Regular,Striped,497,2,0
L,Sleeveless,Red,Round,Slim,Printed,201,1,1
L,Sleeveless,Red,Mandarin,Slim,Solid,426,5,0
L,Sleeveless,Black,Polo,Regular,Checked,2450,5,0
L,Half,Yellow,Mandarin,Regular,Striped,1319,3,0
L,Half,Blue,Polo,Slim,Solid,1908,4,1
M,Full,Blue,Round,Loose,Solid,764,3,1
L,Sleeveless,Red,V-Neck,Slim,Printed,641,1,1
M,Half,Blue,Round,Regular,Printed,375,3,0
L,Half,Blue,Polo,Loose,Printed,398,0,0
M,Half,Blue,Round,Loose,Striped,1765,3,1
L,Full,Black,Polo,Regular,Solid,2261,4,0
L,Sleeveless,Green,V-Neck,Slim,Solid,843,5,1
XL,Sleeveless,Black,Mandarin,Loose,Striped,970,2,0
S,Half,Green,Polo,Regular,Printed,2870,2,1
L,Sleeveless,Green,Round,Slim,Checked,626,2,0
S,Sleeveless,Black,V-Neck,Loose,Solid,1213,1,1
L,Full,Black,Mandarin,Slim,Striped,972,6,0
M,Half,White,Round,Regular,Printed,964,3,0
M,Full,White,Round,Regular,Solid,2855,6,1
M,Sleeveless,Yellow,Round,Regular,Checked,1663,3,0
M,Full,White,Polo,Loose,Solid,747,2,1
M,Half,Green,V-Neck,Slim,Solid,1748,2,0
L,Full,Red,Mandarin,Slim,Solid,1024,5,1
L,Full,Black,Polo,Regular,Solid,3000,2,0
L,Sleeveless,Blue,Round,Regular,Solid,1697,4,0
M,Full,Green,Round,Regular,Solid,2536,3,0
M,Sleeveless,Black,Round,Regular,Printed,373,3,1
S,Full,Black,V-Neck,Loose,Solid,783,4,1
L,Full,White,Round,Regular,Striped,1396,1,0
M,Full,Blue,Mandarin,Regular,Checked,2765,6,0
M,Half,Black,V-Neck,Regular,Solid,802,5,1
L,Sleeveless,Green,Round,Slim,Solid,419,3,0
XL,Half,Blue,Polo,Slim,Solid,710,2,0
M,Full,Green,V-Neck,Slim,Solid,847,1,1
S,Half,Yellow,V-Neck,Regular,Striped,2298,2,0
M,Full,Blue,Polo,Slim,Striped,653,3,1
XL,Half,Red,Mandarin,Regular,Solid,2750,2,0
M,Full,Yellow,Polo,Slim,Striped,852,2,0
XL,Full,White,Mandarin,Slim,Printed,2071,6,1
XL,Half,Blue,Round,Regular,Printed,366,3,1
L,Full,White,Mandarin,Regular,Striped,983,5,0
M,Half,Yellow,Round,Regular,Checked,1117,8,1
S,Full,White,Round,Regular,Striped,555,0,0
L,Half,Red,Polo,Loose,Solid,2377,2,0
XL,Half,Blue,Polo,Slim,Striped,2111,7,0
L,Sleeveless,Black,V-Neck,Loose,Checked,938,0,0
XL,Full,Red,Mandarin,Loose,Solid,1370,3,1
M,Full,White,Round,Loose,Striped,681,6,0
M,Half,White,Round,Loose,Printed,1907,3,0
XL,Full,White,Polo,Regular,Solid,1992,1,1
L,Full,Black,Mandarin,Slim,Checked,2653,1,1
L,Full,Black,V-Neck,Slim,Printed,350,2,0
M,Full,Red,Polo,Loose,Checked,619,1,0
M,Half,Blue,Round,Regular,Solid,1270,3,1
M,Half,Green,V-Neck,Slim,Checked,1164,1,1
XL,Half,Green,V-Neck,Regular,Solid,1457,7,0
L,Full,White,Polo,Slim,Printed,2080,2,1
L,Sleeveless,Blue,Round,Slim,Striped,2605,3,0
M,Full,Yellow,Round,Loose,Checked,2454,0,0
M,Half,Green,Round,Regular,Solid,2308,2,0
M,Full,Red,Round,Slim,Printed,267,8,0
S,Half,Blue,Mandarin,Regular,Solid,1979,4,0
M,Full,Red,Round,Regular,Solid,677,1,1
S,Full,Yellow,Polo,Loose,Striped,2019,5,0
S,Sleeveless,Blue,V-Neck,Loose,Solid,2303,4,0
M,Half,White,V-Neck,Loose,Solid,287,1,0
XL,Full,Green,Polo,Loose,Printed,966,7,1
M,Full,Green,Polo,Loose,Printed,2894,0,0
M,Full,Yellow,Round,Slim,Checked,650,0,0
S,Half,Red,Round,Slim,Solid,1552,6,0
XL,Full,Red,Round,Loose,Printed,2698,9,1
S,Full,Blue,Round,Regular,Solid,2056,2,1
S,Half,White,Polo,Regular,Printed,974,1,0
M,Full,Blue,Round,Regular,Solid,1594,5,0
M,Sleeveless,Black,V-Neck,Loose,Printed,1442,1,0
L,Sleeveless,White,Polo,Loose,Solid,1575,4,1
S,Half,Black,Polo,Loose,Solid,626,0,0
M,Half,Green,V-Neck,Slim,Striped,1407,1,1
S,Full,Blue,V-Neck,Slim,Checked,807,2,0
M,Sleeveless,Blue,V-Neck,Slim,Printed,773,3,1
L,Full,Green,V-Neck,Slim,Printed,479,10,1
M,Half,Red,Mandarin,Slim,Solid,1918,8,0
M,Sleeveless,Blue,Polo,Loose,Solid,1127,2,1
L,Sleeveless,Red,Polo,Regular,Striped,3000,1,0
XL,Sleeveless,White,V-Neck,Slim,Solid,200,1,0
M,Full,Green,Round,Regular,Printed,1807,0,1
L,Full,White,V-Neck,Slim,Solid,2223,0,0
L,Half,Blue,Mandarin,Slim,Checked,1226,3,0
L,Full,Black,V-Neck,Slim,Solid,1020,0,1
S,Half,Blue,Polo,Slim,Printed,1008,5,1
L,Sleeveless,White,Round,Loose,Checked,311,0,0
XL,Full,Black,V-Neck,Loose,Solid,814,2,1
L,Full,Blue,Round,Slim,Checked,1061,1,1
M,Half,Green,Round,Loose,Striped,211,1,0
M,Sleeveless,Red,Round,Regular,Printed,2203,1,0
S,Full,Black,Round,Loose,Striped,368,10,0
M,Sleeveless,Black,Mandarin,Slim,Striped,516,3,1
M,Full,Red,Round,Loose,Checked,1922,2,1
S,Full,Green,Round,Regular,Solid,2562,4,0
M,Full,Red,Mandarin,Regular,Printed,1986,3,0
L,Half,Blue,Mandarin,Slim,Checked,1718,5,0
XL,Full,Yellow,Mandarin,Regular,Striped,2684,0,1
M,Full,Blue,V-Neck,Slim,Solid,834,3,1
M,Full,White,Mandarin,Regular,Striped,1883,0,0
S,Sleeveless,Blue,Mandarin,Slim,Checked,2412,2,0
S,Sleeveless,Black,Polo,Regular,Printed,2958,5,1
S,Sleeveless,White,Polo,Loose,Checked,1142,0,0
L,Full,Black,Polo,Regular,Striped,2693,8,0
L,Half,Blue,Round,Slim,Solid,1608,3,1
L,Sleeveless,Yellow,Mandarin,Loose,Striped,911,3,0
M,Sleeveless,Black,V-Neck,Regular,Printed,407,3,0
M,Sleeveless,Blue,Polo,Slim,Printed,686,1,0
L,Full,White,V-Neck,Regular,Solid,334,2,1
L,Sleeveless,Green,V-Neck,Loose,Printed,342,0,0
S,Full,Black,Round,Loose,Checked,1601,2,1
S,Half,Green,V-Neck,Loose,Striped,845,1,1
L,Half,Black,Mandarin,Regular,Solid,566,1,0
M,Full,Black,Polo,Slim,Checked,1302,7,1
S,Full,Red,V-Neck,Regular,Checked,767,2,0
L,Half,Red,Round,Loose,Solid,2601,9,0
M,Full,Blue,Round,Slim,Solid,2125,2,1
S,Half,Yellow,V-Neck,Regular,Striped,1308,1,0
M,Full,Green,Round,Slim,Solid,2163,6,0
XL,Half,Black,Round,Regular,Striped,1377,2,0
M,Sleeveless,Blue,Round,Slim,Solid,433,7,0
S,Half,White,Round,Slim,Checked,1888,7,1
S,Full,Red,Mandarin,Loose,Striped,1139,0,0
L,Half,Black,Mandarin,Regular,Striped,3000,0,0
M,Half,Blue,V-Neck,Slim,Printed,602,1,1
S,Full,Blue,V-Neck,Regular,Striped,1859,1,0
XL,Full,Green,Round,Slim,Solid,541,1,1
M,Half,Black,Mandarin,Slim,Printed,1345,0,0
XL,Half,Black,Polo,Regular,Solid,2934,3,0
XL,Full,Red,Mandarin,Regular,Striped,800,0,1
XL,Half,Black,Mandarin,Regular,Solid,2521,5,1
L,Full,Black,Round,Regular,Solid,834,9,1
S,Sleeveless,Red,Round,Slim,Solid,1265,9,0
M,Sleeveless,Black,V-Neck,Slim,Striped,289,3,0
L,Half,Red,V-Neck,Regular,Printed,634,0,0
L,Sleeveless,Green,V-Neck,Regular,Solid,751,3,0
M,Half,Black,Round,Slim,Striped,200,0,0
XL,Sleeveless,Blue,V-Neck,Regular,Printed,2884,3,1
XL,Half,White,Round,Regular,Solid,1602,3,0
S,Half,Blue,V-Neck,Slim,Solid,773,1,0
M,Half,Green,V-Neck,Regular,Checked,3000,1,0
L,Half,Red,Round,Slim,Printed,1968,2,0
L,Half,White,V-Neck,Regular,Striped,451,1,0
XL,Full,Blue,Polo,Regular,Striped,759,5,1
M,Sleeveless,Black,Round,Regular,Printed,225,3,1
L,Sleeveless,Blue,Polo,Slim,Printed,2194,0,1
L,Full,White,Mandarin,Loose,Solid,569,2,1
L,Half,Yellow,Polo,Loose,Striped,2348,0,0
XL,Sleeveless,Red,Round,Loose,Striped,2550,3,0
M,Full,Blue,Mandarin,Regular,Printed,1557,0,0
XL,Sleeveless,White,V-Neck,Regular,Solid,756,3,1
XL,Half,White,Mandarin,Loose,Printed,329,1,0
M,Half,Yellow,Round,Regular,Solid,2074,1,0
L,Half,Black,Round,Regular,Solid,1664,2,0
M,Full,Blue,Round,Slim,Solid,448,3,1
L,Full,Green,Round,Loose,Printed,400,1,1
L,Half,Red,Round,Slim,Checked,2976,9,1
M,Full,Blue,V-Neck,Slim,Solid,257,3,1
M,Sleeveless,Blue,V-Neck,Slim,Striped,844,1,0
M,Half,Black,Polo,Loose,Striped,721,3,0
S,Sleeveless,White,V-Neck,Slim,Solid,758,1,1
M,Half,Black,V-Neck,Regular,Striped,447,1,0
S,Half,Red,Mandarin,Slim,Solid,1824,0,0
M,Full,Blue,Polo,Slim,Solid,654,0,0
S,Half,White,V-Neck,Slim,Solid,2448,3,0
S,Full,Blue,V-Neck,Slim,Striped,498,0,0
XL,Full,Green,Polo,Loose,Solid,1277,2,0
XL,Sleeveless,Blue,Mandarin,Slim,Solid,924,7,1
M,Full,White,Round,Regular,Striped,1042,1,1
XL,Full,White,V-Neck,Slim,Checked,722,3,1
L,Half,Blue,Mandarin,Regular,Striped,2873,2,0
S,Half,Yellow,Round,Slim,Solid,949,7,1
S,Full,Yellow,Round,Regular,Striped,2866,2,1
M,Half,Blue,Round,Regular,Striped,994,6,1
L,Sleeveless,Yellow,Mandarin,Slim,Striped,303,8,0
M,Sleeveless,Blue,Round,Slim,Printed,1723,2,1
XL,Full,Black,Polo,Regular,Checked,2584,9,0
L,Full,White,Polo,Slim,Printed,1638,1,0
L,Full,Yellow,V-Neck,Slim,Solid,570,5,0
XL,Half,Black,Round,Regular,Solid,1127,3,1
M,Half,Yellow,V-Neck,Regular,Printed,3000,1,1
M,Sleeveless,White,V-Neck,Regular,Checked,739,1,1
XL,Sleeveless,Blue,Mandarin,Loose,Solid,2579,1,0
M,Full,White,V-Neck,Slim,Printed,1301,3,1
XL,Full,Red,Round,Regular,Checked,360,1,0
M,Full,Black,Round,Slim,Striped,1359,3,0
M,Sleeveless,Blue,Mandarin,Slim,Printed,2517,6,0
S,Sleeveless,Black,V-Neck,Regular,Checked,268,1,0
S,Half,Red,Polo,Regular,Striped,636,4,1
L,Full,Red,Polo,Slim,Solid,534,2,1
M,Full,Green,V-Neck,Loose,Solid,1834,5,0
L,Full,White,V-Neck,Regular,Solid,1315,0,0
L,Full,Red,V-Neck,Loose,Printed,754,3,0
M,Full,Green,V-Neck,Regular,Solid,430,5,0
L,Full,White,Round,Regular,Solid,1228,1,0
L,Half,Black,Polo,Loose,Solid,332,0,0
S,Half,Red,V-Neck,Slim,Printed,1080,1,1
M,Sleeveless,Red,Polo,Slim,Solid,900,3,1
M,Half,White,Polo,Slim,Solid,642,3,1
L,Half,Green,V-Neck,Loose,Striped,981,0,0
L,Sleeveless,White,V-Neck,Loose,Striped,1623,10,1
XL,Half,Yellow,Polo,Regular,Striped,800,2,1
L,Full,Yellow,V-Neck,Regular,Checked,1761,0,0
M,Half,Yellow,Round,Regular,Printed,2515,2,1
S,Sleeveless,Black,V-Neck,Slim,Printed,461,1,1
XL,Full,Green,V-Neck,Loose,Solid,1573,0,0
S,Full,Blue,V-Neck,Regular,Checked,3000,2,0
S,Sleeveless,White,Polo,Loose,Solid,282,2,0
S,Sleeveless,Black,Polo,Loose,Solid,628,3,0
L,Sleeveless,White,V-Neck,Slim,Printed,1857,6,1
L,Full,Yellow,Mandarin,Regular,Checked,2022,3,1
XL,Full,Red,V-Neck,Regular,Striped,1934,7,0
L,Sleeveless,Red,Mandarin,Regular,Solid,3000,3,1
M,Full,Black,Mandarin,Loose,Solid,588,2,1
S,Full,White,V-Neck,Slim,Striped,756,1,1
M,Full,Black,Mandarin,Regular,Solid,456,1,1
M,Full,White,Round,Loose,Checked,753,2,1
XL,Half,Green,Polo,Regular,Solid,469,2,0
L,Full,White,V-Neck,Regular,Solid,605,3,1
S,Half,Blue,Polo,Slim,Solid,490,8,0
S,Half,Black,Round,Slim,Checked,200,3,0
L,Full,Yellow,Round,Regular,Solid,2282,2,1
M,Half,Yellow,Mandarin,Regular,Checked,399,7,1
XL,Full,White,Mandarin,Slim,Checked,2963,5,0
M,Half,Black,Round,Loose,Checked,2571,0,0
M,Full,Blue,Round,Regular,Striped,1411,1,1
L,Sleeveless,Red,Polo,Regular,Striped,1208,2,0
S,Full,White,V-Neck,Loose,Checked,2030,1,0
S,Sleeveless,Green,Mandarin,Regular,Solid,2838,6,0
S,Half,Green,V-Neck,Regular,Printed,2700,3,0
L,Half,Green,Mandarin,Regular,Solid,469,2,1
S,Full,White,Mandarin,Slim,Striped,446,7,1
L,Full,Red,V-Neck,Loose,Checked,962,2,0
XL,Full,White,Round,Slim,Checked,1675,9,0
L,Sleeveless,White,Polo,Loose,Solid,944,0,0
L,Half,Yellow,Mandarin,Regular,Solid,1796,8,0
S,Half,Black,Round,Regular,Checked,217,4,0
M,Sleeveless,Black,Round,Slim,Solid,1373,1,1
L,Half,Black,V-Neck,Slim,Printed,1147,5,1
M,Half,Green,Mandarin,Slim,Striped,2978,1,1
S,Half,Red,V-Neck,Loose,Striped,1237,1,1
M,Half,Blue,Mandarin,Slim,Printed,1508,1,0
L,Sleeveless,Yellow,V-Neck,Regular,Striped,530,3,1
M,Half,Red,Mandarin,Loose,Striped,2796,3,1
L,Full,Red,Round,Regular,Solid,1561,3,0
XL,Half,Red,Round,Regular,Solid,648,1,0
XL,Half,Black,Round,Regular,Printed,811,1,0
L,Sleeveless,Green,Round,Regular,Printed,1455,0,1
XL,Full,White,Round,Loose,Checked,2829,7,0
XL,Half,White,Round,Loose,Checked,586,7,0
L,Full,Red,Round,Regular,Printed,2060,2,0
S,Sleeveless,White,Polo,Slim,Solid,2343,7,1
XL,Half,Black,Mandarin,Slim,Printed,1411,2,0
L,Half,Red,Round,Loose,Printed,2508,8,0
L,Half,Black,Round,Loose,Printed,2517,1,0
M,Sleeveless,Green,Polo,Slim,Checked,1335,1,0
XL,Half,Black,Polo,Slim,Printed,1181,1,0
S,Full,Black,V-Neck,Regular,Printed,624,2,0
M,Half,Black,Mandarin,Loose,Solid,296,1,1
S,Sleeveless,Blue,V-Neck,Loose,Striped,1935,6,0
S,Full,Blue,Mandarin,Regular,Printed,593,1,1
L,Half,White,V-Neck,Slim,Solid,1370,0,0
M,Full,Green,Round,Regular,Solid,1479,0,1
S,Full,Blue,Round,Regular,Striped,1495,6,1
XL,Sleeveless,Blue,V-Neck,Loose,Printed,2768,4,0
S,Full,Blue,Polo,Slim,Checked,551,3,1
XL,Sleeveless,Black,Polo,Regular,Solid,1356,5,0
S,Full,Black,Mandarin,Regular,Printed,1334,7,0
S,Sleeveless,White,V-Neck,Slim,Printed,602,3,0
M,Full,Green,Polo,Loose,Checked,1374,2,1
L,Full,Red,Polo,Loose,Printed,853,3,1
M,Sleeveless,Red,V-Neck,Regular,Solid,2826,3,1
M,Sleeveless,Red,Mandarin,Slim,Solid,870,7,1
M,Sleeveless,Blue,V-Neck,Slim,Solid,1836,1,0
L,Full,Yellow,Polo,Regular,Checked,912,1,1
M,Sleeveless,Blue,Round,Slim,Solid,1044,4,1
S,Full,White,Polo,Slim,Printed,526,10,1
L,Sleeveless,White,Mandarin,Loose,Printed,323,0,1
XL,Half,Black,V-Neck,Slim,Striped,996,3,1
M,Full,Green,V-Neck,Slim,Striped,474,0,1
S,Sleeveless,Red,Mandarin,Slim,Printed,464,3,0
XL,Full,Blue,Round,Regular,Striped,2650,3,1
M,Half,Blue,V-Neck,Loose,Printed,1016,6,0
L,Full,White,Round,Regular,Printed,1017,5,1
L,Full,Green,V-Neck,Regular,Checked,1576,4,0
M,Full,Yellow,Round,Loose,Printed,2956,3,0
M,Half,Black,Polo,Regular,Solid,583,0,1
M,Full,Yellow,V-Neck,Loose,Checked,2722,4,0
M,Full,Red,V-Neck,Loose,Printed,753,3,0
M,Sleeveless,Yellow,Round,Loose,Checked,861,2,0
M,Sleeveless,Red,Round,Regular,Solid,1106,3,1
S,Half,Blue,V-Neck,Slim,Solid,1256,1,0
S,Full,Blue,Mandarin,Loose,Printed,430,1,0
XL,Full,Black,Round,Slim,Solid,368,0,1
L,Sleeveless,Blue,Mandarin,Regular,Striped,1631,7,1
L,Sleeveless,White,V-Neck,Slim,Striped,869,2,0
L,Full,Black,Round,Regular,Solid,3000,3,0
M,Half,Black,Round,Regular,Printed,787,2,1
M,Full,Red,V-Neck,Regular,Striped,1342,9,1
L,Half,Black,V-Neck,Slim,Solid,697,3,0
S,Full,Green,Round,Slim,Printed,1820,1,1
M,Full,Red,Round,Regular,Solid,1527,3,1
M,Sleeveless,Yellow,Polo,Regular,Checked,812,3,0
XL,Half,Blue,Round,Slim,Solid,366,3,0
M,Full,Black,Mandarin,Regular,Printed,625,10,1
M,Sleeveless,White,V-Neck,Slim,Printed,2221,1,0
M,Half,White,Polo,Regular,Printed,200,4,1
M,Half,Black,Round,Regular,Checked,2564,2,0
L,Half,Red,Polo,Regular,Printed,3000,0,0
XL,Sleeveless,Blue,V-Neck,Regular,Checked,2065,3,0
M,Full,White,Round,Regular,Printed,866,1,0
L,Sleeveless,Blue,Round,Slim,Solid,213,5,0
M,Full,Black,Mandarin,Slim,Striped,642,3,0
S,Half,White,V-Neck,Regular,Printed,2269,0,1
XL,Full,Black,V-Neck,Slim,Solid,1690,0,0
M,Full,White,V-Neck,Slim,Printed,1772,8,1
L,Half,Red,V-Neck,Loose,Striped,2257,9,0
L,Sleeveless,Red,Polo,Loose,Solid,1076,1,1
M,Half,White,Round,Loose,Printed,248,2,1
XL,Full,Green,V-Neck,Slim,Printed,1192,3,0
L,Half,Black,Polo,Slim,Checked,333,0,0
M,Sleeveless,Yellow,Round,Slim,Solid,915,4,0
S,Half,White,Polo,Loose,Checked,1868,3,0
M,Full,Green,Round,Regular,Checked,644,2,1
XL,Full,Black,V-Neck,Loose,Solid,1283,4,0
M,Full,Black,Round,Regular,Striped,558,1,0
S,Full,Yellow,Polo,Slim,Striped,2837,4,0
L,Sleeveless,Blue,Round,Regular,Checked,713,0,0
L,Sleeveless,Red,V-Neck,Regular,Checked,2783,5,0
M,Sleeveless,Green,V-Neck,Slim,Solid,1664,0,0
L,Full,Green,V-Neck,Slim,Solid,438,1,0
M,Half,Yellow,Mandarin,Regular,Striped,768,3,1
S,Full,Yellow,Polo,Regular,Solid,726,1,0
M,Sleeveless,Black,V-Neck,Loose,Striped,1358,3,0
L,Full,Yellow,Polo,Regular,Solid,641,1,0
S,Full,Green,Round,Loose,Solid,1669,0,0
XL,Full,Green,V-Neck,Slim,Solid,1712,0,0
M,Half,Black,Polo,Slim,Solid,892,3,1
M,Full,Yellow,Polo,Slim,Checked,999,3,0
M,Half,Black,Round,Slim,Checked,275,4,0
M,Full,Red,Mandarin,Regular,Solid,2500,7,1
M,Half,Green,Round,Regular,Printed,1619,1,0
S,Full,Blue,Round,Regular,Printed,1941,0,0
L,Full,Black,V-Neck,Regular,Solid,1278,3,1
M,Full,Red,V-Neck,Regular,Striped,1374,2,0
S,Half,Yellow,Polo,Loose,Checked,3000,3,0
M,Full,Green,Polo,Slim,Printed,2276,1,1
L,Full,Black,V-Neck,Regular,Striped,587,1,0
L,Sleeveless,White,Polo,Loose,Printed,2140,8,0
M,Sleeveless,Black,V-Neck,Regular,Printed,1775,3,0
M,Half,Green,V-Neck,Loose,Printed,1845,2,0
M,Full,White,Round,Loose,Solid,212,1,1
L,Sleeveless,Green,Round,Slim,Striped,875,2,0
M,Half,Red,Polo,Slim,Striped,1446,0,0
L,Full,White,Round,Regular,Solid,607,2,0
XL,Half,Black,Polo,Slim,Printed,364,4,0
M,Half,Green,Round,Slim,Solid,2629,3,0
M,Full,Red,Polo,Loose,Solid,1171,0,1
M,Sleeveless,Green,V-Neck,Slim,Checked,836,3,1
XL,Half,Black,Mandarin,Loose,Checked,753,0,0
L,Full,Yellow,Round,Slim,Striped,511,2,1
L,Half,Yellow,V-Neck,Slim,Striped,738,2,1
XL,Sleeveless,Black,Round,Regular,Printed,1365,3,1
M,Sleeveless,Black,Round,Regular,Checked,318,2,0
XL,Full,Black,Round,Slim,Printed,2839,4,1
M,Sleeveless,Yellow,V-Neck,Loose,Printed,434,2,0
S,Full,Yellow,Polo,Regular,Checked,1311,1,0
M,Full,Red,Polo,Regular,Solid,271,5,1
M,Sleeveless,Blue,Polo,Regular,Printed,925,2,0
L,Full,Red,Polo,Regular,Solid,478,3,0
L,Full,Yellow,Mandarin,Regular,Printed,2556,6,0
XL,Full,Black,V-Neck,Loose,Solid,2923,1,1
L,Full,Green,Polo,Regular,Printed,200,3,0
S,Half,Black,Polo,Loose,Checked,607,2,1
M,Full,Blue,Round,Loose,Printed,1378,5,1
S,Full,Black,Round,Loose,Printed,691,1,0
S,Half,Yellow,V-Neck,Regular,Printed,988,1,0
M,Sleeveless,Yellow,Mandarin,Regular,Printed,1638,3,0
XL,Full,Black,V-Neck,Regular,Printed,380,2,0
XL,Sleeveless,Black,Round,Loose,Solid,666,3,1
M,Full,Blue,Round,Regular,Printed,340,2,0
M,Half,Red,Round,Loose,Solid,2094,2,0
S,Half,White,Round,Loose,Striped,218,2,0
S,Full,Blue,Mandarin,Slim,Solid,432,9,1
S,Sleeveless,White,Round,Regular,Solid,1252,7,1
S,Full,Green,Mandarin,Regular,Printed,673,10,0
L,Sleeveless,Yellow,V-Neck,Slim,Solid,1814,2,0
L,Sleeveless,Red,Polo,Slim,Solid,501,3,0
M,Half,Blue,V-Neck,Slim,Striped,646,4,1
L,Sleeveless,White,V-Neck,Loose,Printed,1158,2,0
S,Sleeveless,White,V-Neck,Regular,Solid,679,3,1
L,Full,Black,V-Neck,Slim,Checked,2368,6,0
L,Sleeveless,White,Mandarin,Slim,Striped,2457,5,0
XL,Half,Blue,Polo,Loose,Solid,978,8,0
L,Half,Blue,Polo,Slim,Checked,1932,2,0
M,Half,Blue,Round,Regular,Striped,484,1,0
L,Full,White,V-Neck,Regular,Printed,728,0,0
S,Full,Red,V-Neck,Regular,Striped,847,2,1
S,Sleeveless,White,Round,Slim,Solid,1113,2,0
M,Full,White,Polo,Regular,Solid,933,1,0
S,Full,Blue,V-Neck,Loose,Solid,575,1,1
L,Half,White,Round,Regular,Printed,2118,2,0
M,Sleeveless,Black,V-Neck,Loose,Solid,1427,2,0
M,Half,White,Round,Loose,Striped,1018,0,1
M,Half,Green,V-Neck,Slim,Printed,2896,1,0
M,Full,Red,Polo,Loose,Printed,519,1,1
S,Full,Blue,Round,Slim,Striped,2218,8,1
S,Half,White,V-Neck,Slim,Checked,2089,7,0
S,Half,Yellow,Round,Loose,Solid,353,2,0
L,Half,Black,V-Neck,Regular,Printed,2933,4,0
M,Full,Green,Polo,Slim,Solid,603,2,0
M,Half,Green,Round,Regular,Striped,622,2,1
M,Full,Red,Round,Loose,Solid,542,1,0
M,Full,White,Round,Regular,Solid,700,0,1
M,Half,Green,Polo,Slim,Printed,2676,6,0
M,Half,Black,V-Neck,Slim,Striped,1906,5,0
L,Full,White,Round,Slim,Checked,972,0,1
S,Half,Blue,Round,Regular,Striped,804,2,1
L,Sleeveless,Black,V-Neck,Regular,Printed,885,3,1
S,Full,Black,Round,Slim,Solid,536,2,1
M,Sleeveless,Red,V-Neck,Regular,Printed,474,4,1
L,Half,Green,Round,Regular,Printed,1183,3,0
XL,Full,White,Polo,Regular,Solid,1060,0,0
M,Full,Black,Round,Regular,Solid,2381,0,0
M,Full,Green,Polo,Slim,Solid,563,0,1
S,Full,Black,V-Neck,Regular,Solid,470,3,1
M,Full,Black,V-Neck,Regular,Printed,803,3,1
S,Sleeveless,Blue,Mandarin,Slim,Solid,720,2,0
L,Full,Yellow,Round,Loose,Checked,1187,1,0
L,Full,Blue,Polo,Slim,Printed,799,0,1
S,Full,Blue,Mandarin,Slim,Solid,512,2,1
L,Sleeveless,Black,V-Neck,Loose,Striped,1558,5,0
M,Sleeveless,Blue,Mandarin,Regular,Checked,320,3,0
M,Full,Black,V-Neck,Slim,Solid,1717,1,1
L,Full,Black,Round,Slim,Solid,2166,3,1
XL,Full,White,Round,Slim,Solid,1981,0,0
M,Half,Black,Round,Slim,Printed,785,1,0
M,Half,White,V-Neck,Regular,Striped,2919,4,0
XL,Full,White,Polo,Loose,Striped,766,1,0
M,Half,Blue,Round,Slim,Striped,1406,0,0
L,Full,Green,Round,Slim,Solid,2929,7,1
M,Half,Blue,V-Neck,Loose,Printed,550,1,1
L,Sleeveless,White,Polo,Loose,Striped,935,2,0
M,Half,Blue,V-Neck,Regular,Striped,704,1,0
S,Half,Yellow,V-Neck,Regular,Printed,663,3,0
L,Half,Yellow,Round,Regular,Checked,1855,2,0
S,Full,Red,Round,Loose,Checked,1659,3,0
L,Full,Blue,Polo,Regular,Solid,801,6,0
XL,Half,Blue,Round,Regular,Striped,557,4,0
M,Sleeveless,Black,Round,Regular,Solid,1350,6,1
XL,Sleeveless,Blue,Polo,Regular,Striped,1243,1,0
M,Sleeveless,White,Round,Slim,Solid,2697,0,0
M,Half,Green,V-Neck,Regular,Striped,781,5,0
M,Full,Green,Polo,Regular,Printed,1867,0,0
L,Full,Black,Polo,Loose,Striped,2593,4,0
M,Sleeveless,Green,Round,Regular,Printed,1865,7,1
M,Half,Black,Round,Loose,Checked,323,5,0
M,Sleeveless,Blue,Polo,Slim,Striped,475,0,1
M,Full,Yellow,Mandarin,Regular,Printed,994,2,0
XL,Half,White,Round,Slim,Solid,409,3,0
XL,Full,White,Round,Regular,Solid,898,9,1
S,Full,Black,Mandarin,Regular,Printed,1582,0,1
L,Full,Black,V-Neck,Regular,Solid,675,1,1
S,Half,Green,Mandarin,Slim,Solid,841,3,1
M,Sleeveless,White,V-Neck,Regular,Striped,653,3,0
L,Half,Yellow,Round,Slim,Striped,1583,7,0
S,Half,Red,Polo,Regular,Striped,1359,1,0
M,Full,Black,V-Neck,Loose,Solid,1134,0,0
L,Full,White,V-Neck,Loose,Striped,1053,2,1
M,Half,Red,Mandarin,Regular,Solid,1899,0,1
M,Full,Blue,Round,Slim,Printed,1112,0,1
XL,Half,White,V-Neck,Slim,Solid,2854,9,0
XL,Full,Black,Mandarin,Slim,Checked,659,0,1
L,Half,Green,V-Neck,Slim,Checked,1584,7,0
XL,Sleeveless,Yellow,Polo,Slim,Printed,2977,1,0
M,Sleeveless,Green,Polo,Slim,Solid,2583,0,0
M,Full,Blue,Polo,Loose,Solid,3000,0,0
L,Sleeveless,White,V-Neck,Slim,Printed,1541,1,1
M,Half,Yellow,Round,Loose,Printed,2992,10,0
S,Half,Black,V-Neck,Loose,Striped,1354,2,1
M,Half,Green,Round,Loose,Printed,2687,10,0
M,Sleeveless,Red,Round,Slim,Checked,1771,4,1
L,Full,Black,V-Neck,Slim,Solid,2201,2,0
L,Full,White,Mandarin,Regular,Checked,869,0,1
M,Full,Black,Mandarin,Slim,Printed,1878,2,0
S,Sleeveless,Red,Polo,Regular,Striped,754,3,1
M,Half,White,V-Neck,Regular,Printed,294,2,0
L,Half,Blue,Mandarin,Regular,Solid,1230,7,1
M,Full,Red,Polo,Slim,Solid,1097,0,1
L,Full,Yellow,Round,Regular,Solid,891,2,0
XL,Half,Green,Round,Regular,Striped,858,2,0
XL,Full,Black,Round,Loose,Solid,1378,2,0
M,Full,Black,Polo,Regular,Striped,2176,7,0
S,Sleeveless,White,Polo,Slim,Solid,837,0,0
XL,Sleeveless,Blue,Round,Slim,Checked,570,6,0
L,Half,Blue,V-Neck,Regular,Solid,1016,7,1
L,Full,Yellow,Mandarin,Regular,Printed,2144,5,0
M,Sleeveless,Black,Mandarin,Loose,Printed,200,2,0
S,Sleeveless,Black,Mandarin,Regular,Printed,225,5,0
L,Full,Black,Polo,Regular,Striped,694,0,1
S,Half,Red,Polo,Loose,Checked,1363,3,0
L,Sleeveless,Black,Round,Regular,Checked,1746,1,0
M,Full,Yellow,V-Neck,Regular,Checked,1077,3,0
XL,Sleeveless,Green,Mandarin,Slim,Solid,2445,5,1
M,Full,Blue,Round,Slim,Solid,536,3,0
M,Half,Blue,V-Neck,Regular,Solid,1489,0,0
M,Half,Red,Round,Loose,Striped,568,8,1
XL,Full,Black,Polo,Regular,Checked,1115,3,0
M,Half,Black,Polo,Slim,Solid,484,0,0
M,Sleeveless,Red,Mandarin,Regular,Printed,2551,2,1
L,Full,Black,V-Neck,Regular,Striped,1865,0,0
S,Half,White,Round,Loose,Checked,1555,4,1
M,Sleeveless,Green,V-Neck,Regular,Striped,225,3,0
M,Full,Black,Polo,Slim,Checked,1076,3,0
XL,Full,Green,Round,Slim,Printed,2716,8,1
S,Full,Yellow,Mandarin,Regular,Printed,1176,0,0
M,Full,Red,Polo,Regular,Solid,1894,2,0
M,Full,Yellow,Round,Slim,Printed,935,5,1
L,Full,Blue,Polo,Loose,Checked,2000,3,0
L,Sleeveless,White,Round,Slim,Solid,940,3,0
M,Full,White,V-Neck,Regular,Striped,1210,1,0
M,Full,Green,Polo,Loose,Solid,752,3,1
S,Sleeveless,Yellow,V-Neck,Loose,Solid,799,9,0
M,Half,Blue,Round,Regular,Checked,1767,2,0
S,Full,White,Mandarin,Loose,Printed,1378,0,0
XL,Half,White,Round,Loose,Solid,562,3,0
L,Half,Black,Round,Slim,Printed,913,3,1
L,Sleeveless,White,Polo,Slim,Printed,775,0,0
S,Half,Blue,Round,Loose,Checked,1332,0,0
L,Sleeveless,Black,Round,Slim,Printed,451,5,0
L,Half,White,Mandarin,Regular,Printed,277,1,0
S,Full,Black,Polo,Regular,Printed,466,0,0
M,Full,Red,Round,Slim,Striped,491,4,0
L,Half,White,V-Neck,Slim,Checked,1323,4,1
M,Full,White,V-Neck,Loose,Solid,2440,2,0
XL,Full,Blue,Polo,Regular,Striped,2484,1,0
S,Sleeveless,Black,Polo,Slim,Striped,770,7,1
XL,Half,Red,Round,Regular,Checked,686,1,1
L,Full,White,V-Neck,Slim,Solid,1413,2,0
L,Half,Red,V-Neck,Slim,Striped,578,2,0
L,Full,Blue,Round,Slim,Striped,1907,2,1
M,Full,Black,Round,Slim,Striped,1984,2,0
S,Sleeveless,Black,Round,Regular,Checked,1445,0,0
S,Sleeveless,Yellow,V-Neck,Loose,Printed,1912,3,0
M,Full,Red,V-Neck,Regular,Printed,1003,0,0
L,Full,Black,V-Neck,Loose,Checked,1118,5,1
S,Half,Blue,V-Neck,Slim,Striped,906,3,0
S,Full,Blue,V-Neck,Loose,Solid,310,0,0
L,Sleeveless,Blue,V-Neck,Loose,Striped,761,1,0
XL,Full,Yellow,V-Neck,Loose,Solid,952,3,0
M,Sleeveless,Black,Mandarin,Loose,Printed,1888,4,0
L,Full,Black,Polo,Slim,Solid,200,2,1
XL,Half,Blue,Polo,Loose,Striped,1875,0,1
M,Half,Blue,Mandarin,Slim,Printed,1550,2,0
L,Full,White,Polo,Regular,Solid,861,1,0
L,Half,Blue,Polo,Slim,Solid,1165,3,0
L,Full,Red,V-Neck,Regular,Checked,1581,2,0
M,Sleeveless,Green,Polo,Slim,Checked,1254,2,1
M,Half,White,Round,Regular,Solid,2590,1,0
L,Half,Black,V-Neck,Regular,Checked,650,7,1
M,Half,Red,Round,Slim,Checked,464,2,0
S,Sleeveless,Black,V-Neck,Regular,Solid,2377,6,0
M,Full,Red,Polo,Loose,Solid,216,2,0
M,Half,Blue,Round,Slim,Striped,472,2,1
XL,Full,Green,Mandarin,Slim,Solid,419,8,1
M,Full,White,Mandarin,Loose,Printed,865,1,0
M,Half,Yellow,Round,Regular,Solid,1645,3,0
M,Sleeveless,Red,V-Neck,Regular,Printed,748,1,1
M,Full,Black,Mandarin,Regular,Checked,373,2,0
S,Half,Blue,Polo,Regular,Striped,869,0,0
L,Full,White,Mandarin,Slim,Printed,2852,0,0
L,Full,Yellow,V-Neck,Loose,Solid,317,6,0
S,Half,White,Round,Slim,Solid,1135,1,0
L,Half,Blue,Mandarin,Regular,Solid,3000,2,0
M,Full,Red,Mandarin,Regular,Solid,1066,2,1
L,Full,Blue,V-Neck,Regular,Checked,962,1,1
S,Full,White,V-Neck,Regular,Checked,2178,4,0
L,Full,Red,V-Neck,Slim,Solid,426,1,1
XL,Full,White,Round,Loose,Solid,2217,0,0
M,Full,Black,Round,Loose,Striped,794,3,1
S,Full,Black,Polo,Regular,Solid,200,4,1
L,Full,Yellow,Round,Regular,Solid,2750,1,1
S,Half,Red,Polo,Slim,Printed,1080,8,0
M,Full,Blue,V-Neck,Regular,Printed,979,4,0
XL,Half,Red,V-Neck,Regular,Printed,740,0,0
XL,Sleeveless,Blue,Polo,Regular,Solid,1896,1,1
M,Half,Blue,Polo,Loose,Solid,1158,3,0
M,Full,Red,V-Neck,Slim,Striped,2507,2,1
S,Full,Blue,Round,Loose,Solid,623,1,1
L,Sleeveless,Green,Polo,Regular,Checked,567,3,1
M,Sleeveless,Black,Polo,Loose,Checked,999,2,0
XL,Full,Red,V-Neck,Slim,Printed,1449,9,0
M,Sleeveless,Red,Round,Regular,Printed,1106,2,0
S,Full,Black,V-Neck,Slim,Striped,755,5,0
M,Full,Yellow,Mandarin,Loose,Checked,945,7,0
S,Half,White,V-Neck,Loose,Striped,1197,3,0
S,Full,White,V-Neck,Regular,Striped,1069,1,0
M,Half,Black,Polo,Regular,Solid,2262,5,0
S,Full,Green,Polo,Slim,Striped,431,3,1
L,Sleeveless,Blue,V-Neck,Regular,Striped,1996,9,0
S,Half,Blue,Round,Loose,Printed,2133,1,0
XL,Sleeveless,Red,Round,Regular,Solid,2521,2,0
L,Full,Green,Round,Regular,Solid,1081,4,0
M,Sleeveless,Yellow,Polo,Slim,Printed,520,3,0
XL,Full,Green,Round,Slim,Solid,1091,1,1
XL,Full,White,Mandarin,Loose,Striped,780,2,1
L,Half,White,V-Neck,Slim,Solid,1903,8,0
M,Full,Blue,Round,Regular,Solid,762,2,1
M,Half,Black,Polo,Slim,Printed,1521,2,1
S,Full,Red,Round,Regular,Solid,758,2,0
L,Full,Yellow,Polo,Slim,Printed,950,4,0
M,Sleeveless,Yellow,V-Neck,Slim,Solid,1019,2,0
M,Full,Yellow,V-Neck,Regular,Solid,634,2,0
XL,Full,Yellow,Polo,Regular,Solid,2275,8,1
M,Sleeveless,White,V-Neck,Regular,Solid,2355,1,0
L,Half,Green,Polo,Regular,Striped,1223,4,0
M,Half,Red,V-Neck,Loose,Striped,741,2,1
L,Full,Yellow,Polo,Loose,Solid,818,0,1
S,Half,Red,Mandarin,Slim,Striped,1308,4,0
XL,Full,White,Polo,Slim,Printed,2160,0,0
L,Sleeveless,Blue,Round,Slim,Solid,1580,8,0
L,Full,White,Round,Regular,Printed,1084,3,1
L,Sleeveless,Black,Polo,Regular,Printed,1012,2,1
S,Full,White,Mandarin,Regular,Solid,2049,5,0
XL,Full,Black,Mandarin,Loose,Printed,2735,9,0
S,Full,Black,Polo,Regular,Printed,591,2,1
L,Sleeveless,Red,V-Neck,Regular,Printed,364,3,0
L,Half,White,Polo,Slim,Striped,1272,5,1
L,Full,Yellow,Round,Regular,Solid,357,0,1
XL,Full,Blue,Round,Regular,Checked,1930,0,0
M,Half,Black,Round,Regular,Solid,2104,0,0
M,Sleeveless,Red,V-Neck,Regular,Solid,1093,0,1
L,Full,Green,Round,Regular,Solid,2011,7,1
M,Sleeveless,Red,Round,Slim,Solid,1192,3,1
M,Half,Black,Mandarin,Slim,Solid,2828,9,0
L,Full,Yellow,Round,Regular,Printed,920,1,1
L,Sleeveless,White,Round,Loose,Checked,1096,1,0
M,Half,Black,Mandarin,Regular,Solid,2327,1,0
S,Sleeveless,Black,Round,Slim,Solid,1359,4,1
M,Half,White,V-Neck,Regular,Printed,905,2,1
M,Half,Black,Polo,Loose,Printed,1348,3,0
M,Half,Yellow,V-Neck,Regular,Solid,552,3,0
L,Sleeveless,Black,Polo,Regular,Striped,1654,0,0
L,Sleeveless,White,Mandarin,Regular,Printed,1127,2,0
S,Full,Red,Round,Loose,Solid,653,3,1
S,Sleeveless,Black,Polo,Regular,Solid,926,2,0
M,Full,White,Polo,Regular,Solid,1196,1,0
XL,Sleeveless,Green,Polo,Slim,Printed,1764,2,0
XL,Sleeveless,Blue,Polo,Slim,Striped,2189,6,0
M,Half,Black,Mandarin,Slim,Striped,1791,7,1
M,Half,White,Round,Loose,Striped,1174,0,0
M,Half,White,V-Neck,Regular,Solid,831,5,0
M,Full,Black,V-Neck,Slim,Striped,1182,3,1
M,Half,Green,V-Neck,Loose,Printed,1719,6,1
L,Full,White,V-Neck,Loose,Solid,534,1,0
XL,Half,White,Round,Regular,Solid,778,1,0
XL,Half,Black,Round,Slim,Solid,908,2,1
M,Half,Yellow,Round,Regular,Checked,1883,3,0
S,Full,Red,V-Neck,Regular,Checked,1120,3,0
M,Half,Green,V-Neck,Loose,Printed,1994,2,0
XL,Full,Blue,Polo,Loose,Striped,1216,4,0
S,Half,Green,Polo,Regular,Striped,585,2,1
L,Sleeveless,Yellow,Mandarin,Regular,Striped,1049,4,1
M,Full,Blue,Round,Loose,Striped,938,1,0
XL,Half,Red,Round,Loose,Printed,1019,3,1
M,Full,Yellow,Mandarin,Regular,Solid,1228,1,0
M,Half,Black,Round,Slim,Solid,734,2,0
L,Full,Red,V-Neck,Loose,Checked,763,0,0
L,Full,Black,V-Neck,Slim,Striped,905,4,0
M,Half,Red,Round,Slim,Printed,903,8,1
M,Sleeveless,White,Round,Loose,Solid,377,1,0
M,Full,White,V-Neck,Regular,Solid,579,0,0
S,Full,Yellow,Round,Regular,Striped,930,2,0
M,Full,Black,Round,Loose,Solid,1076,8,1
M,Full,Yellow,Round,Loose,Checked,2552,0,0
XL,Sleeveless,White,Round,Regular,Striped,572,4,0
M,Sleeveless,Black,Round,Regular,Checked,2963,3,1
XL,Full,White,Mandarin,Regular,Striped,924,4,0
M,Half,Black,Round,Loose,Striped,1031,2,0
XL,Full,Blue,Polo,Regular,Printed,1141,0,1
M,Full,Blue,V-Neck,Slim,Striped,1842,1,1
L,Sleeveless,Blue,Round,Slim,Printed,2430,3,0
S,Half,White,Round,Regular,Checked,401,0,0
M,Full,Black,Mandarin,Slim,Solid,1410,2,0
L,Full,Green,Polo,Slim,Checked,469,1,0
L,Full,Yellow,Polo,Regular,Solid,502,1,0
XL,Full,Green,Round,Slim,Solid,1007,3,1
M,Full,Black,Round,Regular,Printed,335,2,0
L,Half,Black,Polo,Slim,Printed,266,1,1
L,Sleeveless,White,Mandarin,Regular,Printed,2369,5,0
L,Full,White,Polo,Regular,Checked,1095,8,0
XL,Full,Black,Mandarin,Slim,Striped,547,3,1
S,Sleeveless,Blue,Mandarin,Loose,Printed,2841,3,1
XL,Half,White,V-Neck,Loose,Solid,387,3,0
L,Sleeveless,Yellow,Round,Regular,Striped,397,0,0
L,Half,Blue,Polo,Regular,Striped,431,1,0
M,Full,Blue,Polo,Slim,Printed,1354,4,1
XL,Half,White,Polo,Slim,Printed,2276,2,0
S,Sleeveless,White,Mandarin,Loose,Solid,2460,5,1
L,Half,Blue,Polo,Loose,Striped,565,1,0
M,Half,Black,Round,Regular,Solid,1781,8,1
M,Half,Blue,Round,Slim,Solid,1602,2,1
M,Half,Blue,Round,Regular,Printed,1004,1,0
M,Half,White,Polo,Slim,Solid,1566,0,1
XL,Half,Yellow,Mandarin,Regular,Solid,1191,0,0
L,Full,Black,Mandarin,Regular,Checked,899,1,1
L,Half,Black,V-Neck,Regular,Striped,1257,5,1
XL,Full,Blue,Round,Slim,Solid,3000,2,0
L,Half,Green,Round,Regular,Checked,764,1,0
XL,Full,White,Round,Regular,Checked,504,0,0
L,Sleeveless,Blue,Mandarin,Regular,Solid,827,2,0
S,Sleeveless,White,Mandarin,Loose,Solid,1604,1,1
S,Half,Red,Mandarin,Slim,Solid,1828,7,0
M,Half,Black,Polo,Slim,Solid,878,3,1
M,Full,Blue,Polo,Regular,Striped,636,0,1
L,Full,Blue,Round,Regular,Solid,909,8,0
L,Full,Black,V-Neck,Regular,Checked,1395,1,0
L,Half,Blue,V-Neck,Loose,Printed,2630,4,1
M,Sleeveless,White,Polo,Slim,Solid,1775,7,0
M,Full,Black,Round,Regular,Striped,288,1,0
S,Sleeveless,Blue,Polo,Loose,Printed,324,0,0
L,Full,Green,V-Neck,Loose,Striped,1274,2,0
L,Half,Blue,V-Neck,Slim,Printed,1803,7,0
S,Full,Black,Round,Regular,Solid,2111,2,1
S,Sleeveless,Black,Polo,Regular,Checked,3000,1,0
S,Full,Black,Round,Loose,Checked,496,3,0
L,Half,Black,Polo,Slim,Printed,1622,8,1
S,Sleeveless,Blue,Polo,Loose,Printed,1649,2,1
L,Half,Blue,V-Neck,Slim,Printed,1994,4,1
L,Half,Red,Mandarin,Loose,Solid,2114,0,0
L,Half,Black,Polo,Loose,Checked,1316,1,0
L,Full,White,Mandarin,Slim,Striped,335,3,0
M,Half,Black,Mandarin,Loose,Solid,621,3,0
M,Half,Yellow,Polo,Slim,Checked,2419,4,0
M,Sleeveless,Black,V-Neck,Loose,Printed,1530,3,0
M,Full,Yellow,V-Neck,Regular,Solid,1550,2,0
M,Half,Red,Polo,Slim,Printed,727,7,1
XL,Half,White,V-Neck,Regular,Solid,1103,2,1
S,Half,Blue,Round,Regular,Solid,895,4,0
M,Full,Red,Polo,Slim,Solid,492,3,0
M,Half,White,V-Neck,Slim,Printed,2016,2,1
S,Half,Red,Round,Slim,Solid,530,1,1
S,Sleeveless,Red,Polo,Regular,Solid,654,0,0
M,Full,Black,Mandarin,Loose,Striped,643,6,1
L,Half,White,Round,Slim,Striped,315,4,1
M,Half,Black,Polo,Loose,Checked,800,1,0
XL,Full,Red,Mandarin,Regular,Striped,886,2,1
M,Full,Blue,V-Neck,Slim,Solid,498,2,1
S,Full,Black,Round,Loose,Solid,2238,1,0
XL,Sleeveless,Yellow,Polo,Loose,Striped,206,7,0
M,Half,Blue,Mandarin,Regular,Checked,2476,6,0
S,Half,White,V-Neck,Loose,Striped,2480,1,0
M,Full,Yellow,Polo,Slim,Solid,2689,2,0
S,Half,Green,Round,Regular,Solid,1820,7,0
L,Full,Red,V-Neck,Slim,Checked,2229,2,0
L,Full,Black,V-Neck,Regular,Printed,212,0,1
L,Half,Black,V-Neck,Regular,Checked,615,3,1
XL,Full,White,V-Neck,Slim,Printed,809,0,0
L,Sleeveless,White,Round,Slim,Solid,668,1,0
M,Sleeveless,Blue,Round,Loose,Striped,573,3,0
XL,Sleeveless,Black,Round,Loose,Checked,1154,2,1
XL,Half,Red,V-Neck,Regular,Printed,1091,1,0
L,Half,White,Polo,Regular,Checked,1959,1,0
M,Full,White,V-Neck,Slim,Printed,820,3,0
L,Sleeveless,Black,Polo,Regular,Solid,1803,0,1
M,Full,Blue,Round,Loose,Printed,498,1,1
M,Full,Blue,V-Neck,Regular,Solid,2013,6,1
S,Full,Black,Polo,Regular,Striped,419,0,1
L,Full,White,Polo,Loose,Checked,1183,4,1
M,Full,Black,Mandarin,Regular,Checked,989,2,0
S,Half,Red,Round,Regular,Solid,2745,2,0
L,Sleeveless,White,Round,Slim,Solid,2487,5,0
S,Half,Blue,Polo,Slim,Solid,879,0,1
S,Full,Blue,Round,Regular,Striped,1020,3,0
XL,Sleeveless,Blue,Mandarin,Regular,Solid,924,0,0
L,Full,White,Polo,Regular,Solid,1180,1,0
M,Full,Blue,Mandarin,Regular,Checked,578,2,0
S,Sleeveless,White,Round,Slim,Striped,738,1,0
M,Half,Red,Round,Loose,Striped,356,1,0
L,Full,Black,Mandarin,Loose,Printed,2335,2,1
S,Full,Black,Round,Slim,Checked,1664,3,0
S,Full,Yellow,V-Neck,Regular,Printed,550,1,0
M,Full,Black,V-Neck,Slim,Solid,430,0,0
XL,Full,Red,Mandarin,Regular,Solid,1446,1,0
M,Full,Green,Polo,Slim,Solid,262,3,1
M,Half,Yellow,V-Neck,Slim,Checked,808,2,1
L,Full,Yellow,V-Neck,Regular,Solid,1552,5,0
L,Sleeveless,Black,Polo,Slim,Printed,939,2,0
L,Full,White,Mandarin,Regular,Printed,2696,8,1
S,Half,Blue,Polo,Slim,Printed,1718,8,1
L,Sleeveless,Red,Polo,Slim,Striped,1326,0,0
S,Sleeveless,Red,V-Neck,Regular,Solid,612,4,1
M,Half,Black,Mandarin,Loose,Striped,333,3,0
L,Full,Blue,Round,Loose,Checked,1744,1,1
XL,Half,Green,Mandarin,Loose,Solid,2227,3,0
L,Full,White,Mandarin,Regular,Striped,1611,2,0
XL,Sleeveless,Black,Polo,Regular,Printed,739,1,0
XL,Sleeveless,Red,Mandarin,Regular,Striped,914,1,0
S,Sleeveless,Black,V-Neck,Regular,Striped,2815,2,1
L,Full,Green,Mandarin,Slim,Printed,2195,6,0
M,Half,Red,Mandarin,Regular,Checked,1012,3,1
S,Half,Red,Polo,Loose,Checked,1879,3,1
S,Half,White,Round,Regular,Checked,262,9,0
L,Sleeveless,Green,Polo,Regular,Printed,993,2,0
L,Full,Black,V-Neck,Regular,Striped,722,0,1
L,Sleeveless,Red,Round,Regular,Printed,509,4,0
S,Sleeveless,Red,Mandarin,Slim,Checked,1369,0,1
L,Full,Green,Mandarin,Regular,Printed,999,2,0
S,Half,Red,Round,Slim,Printed,2221,4,0
S,Half,Blue,Round,Regular,Checked,1760,5,0
L,Full,Red,V-Neck,Slim,Striped,2130,5,0
S,Half,Yellow,V-Neck,Loose,Striped,283,1,0
M,Half,Green,Polo,Loose,Striped,2551,8,0
XL,Full,Red,Round,Regular,Solid,1482,1,0
M,Full,Blue,Polo,Regular,Solid,1226,8,1
XL,Full,Red,V-Neck,Slim,Solid,501,2,1
L,Full,White,Round,Slim,Printed,1048,1,1
S,Full,Black,Polo,Regular,Checked,360,3,1
L,Sleeveless,White,Mandarin,Loose,Checked,1400,1,0
M,Full,Black,Round,Slim,Solid,358,3,0
M,Sleeveless,Black,V-Neck,Regular,Printed,1380,1,0
L,Sleeveless,Yellow,Mandarin,Regular,Striped,651,0,0
L,Full,Black,V-Neck,Loose,Striped,1113,0,1
S,Half,Black,Round,Slim,Solid,1412,1,0
XL,Half,Red,Round,Slim,Solid,766,3,0
XL,Half,White,Round,Slim,Printed,610,2,1
M,Half,Yellow,V-Neck,Slim,Striped,726,0,1
XL,Full,Red,V-Neck,Slim,Checked,2590,2,0
M,Half,Blue,Polo,Regular,Solid,2185,6,1
M,Sleeveless,Black,Round,Slim,Printed,568,7,1
M,Full,White,Round,Regular,Printed,1099,4,0
M,Half,White,Polo,Loose,Striped,752,2,1
M,Full,Yellow,V-Neck,Slim,Striped,735,3,1
L,Half,Green,Round,Regular,Solid,749,2,1
L,Full,Yellow,Mandarin,Loose,Solid,2182,3,0
S,Full,Black,V-Neck,Slim,Checked,643,3,0
XL,Sleeveless,White,Polo,Loose,Solid,1133,0,0
S,Half,Blue,Round,Loose,Checked,2969,9,0
M,Sleeveless,Red,V-Neck,Regular,Solid,615,1,0
L,Half,Yellow,Round,Loose,Printed,2582,5,1
M,Full,Blue,V-Neck,Slim,Solid,2832,2,1
S,Sleeveless,Blue,Round,Regular,Solid,412,1,0
M,Half,Black,V-Neck,Slim,Solid,306,3,0
L,Sleeveless,Black,Round,Slim,Solid,1789,5,0
M,Full,Yellow,Round,Slim,Striped,2531,5,0
M,Sleeveless,Black,Polo,Regular,Printed,578,7,0
M,Half,Black,V-Neck,Regular,Printed,313,2,1
L,Half,Yellow,Round,Loose,Checked,460,2,0
S,Full,Black,Polo,Regular,Checked,2886,2,0
L,Sleeveless,Green,Round,Regular,Checked,1330,8,0
L,Half,Blue,V-Neck,Slim,Striped,1703,1,1
XL,Half,Blue,Polo,Regular,Printed,1590,2,0
L,Half,Black,Round,Regular,Printed,2293,3,0
S,Full,Blue,Round,Loose,Printed,2984,5,0
L,Sleeveless,Green,V-Neck,Slim,Solid,1209,2,0
M,Full,Green,Polo,Regular,Checked,2860,4,0
L,Half,Yellow,V-Neck,Regular,Printed,947,2,0
M,Sleeveless,Black,Round,Loose,Checked,297,5,0
M,Half,Red,V-Neck,Loose,Striped,2962,1,0
S,Sleeveless,Blue,V-Neck,Loose,Solid,317,1,1
M,Full,Red,Round,Regular,Printed,338,2,0
M,Sleeveless,Black,Round,Slim,Printed,643,9,1
S,Full,Red,V-Neck,Loose,Printed,784,0,1
L,Half,Green,Mandarin,Loose,Striped,990,1,0
L,Sleeveless,Black,V-Neck,Slim,Striped,661,2,1
M,Half,Blue,Round,Slim,Printed,1021,2,1
M,Sleeveless,Yellow,V-Neck,Regular,Printed,797,1,0
XL,Sleeveless,Black,Round,Loose,Printed,960,1,1
L,Full,Yellow,V-Neck,Loose,Striped,1980,3,0
L,Full,White,V-Neck,Regular,Printed,787,6,1
M,Sleeveless,Black,Polo,Regular,Striped,231,2,1
M,Full,Green,Round,Regular,Solid,1237,2,0
M,Full,Blue,V-Neck,Loose,Printed,2292,0,0
S,Half,Black,V-Neck,Regular,Checked,874,3,1
M,Half,Green,V-Neck,Slim,Solid,416,1,1
S,Sleeveless,Green,V-Neck,Slim,Printed,447,6,1
L,Half,Black,Mandarin,Loose,Solid,2965,2,0
S,Full,Black,Polo,Regular,Striped,449,3,0
S,Full,Red,V-Neck,Loose,Solid,1435,3,0
L,Half,Yellow,V-Neck,Slim,Striped,1038,2,1
S,Full,Red,V-Neck,Loose,Solid,1068,6,1
S,Full,Black,Polo,Slim,Checked,2014,6,0
M,Sleeveless,Blue,Polo,Regular,Printed,781,2,0
L,Full,Blue,Mandarin,Loose,Striped,1013,1,0
M,Sleeveless,Blue,Round,Regular,Checked,861,3,1
S,Sleeveless,Green,Mandarin,Loose,Printed,971,1,0
M,Sleeveless,Blue,Polo,Regular,Solid,544,0,1
S,Full,Black,Polo,Regular,Solid,769,2,0
S,Half,Black,V-Neck,Loose,Solid,2369,6,1
M,Half,Red,Round,Slim,Solid,1426,0,1
L,Sleeveless,Red,Polo,Regular,Printed,1282,5,1
XL,Sleeveless,Yellow,Mandarin,Regular,Solid,1399,3,1
S,Full,Yellow,V-Neck,Slim,Solid,2671,1,0
M,Half,Green,Round,Slim,Checked,959,0,0
L,Half,Black,Round,Loose,Striped,821,7,1
L,Sleeveless,Black,Mandarin,Regular,Striped,2549,1,0
XL,Full,White,V-Neck,Slim,Solid,769,3,0
M,Half,Yellow,Round,Slim,Printed,1029,3,0
XL,Sleeveless,Green,Round,Loose,Printed,1621,0,0
S,Full,Red,Mandarin,Regular,Printed,1498,6,1
S,Half,Red,Round,Regular,Striped,623,3,1
L,Full,White,Mandarin,Loose,Solid,1778,0,0
M,Full,Red,Round,Loose,Solid,835,2,0
L,Sleeveless,Black,Mandarin,Loose,Solid,2751,1,0
M,Half,Yellow,V-Neck,Slim,Printed,2917,2,1
M,Full,Black,V-Neck,Slim,Solid,1644,3,1
L,Sleeveless,Yellow,V-Neck,Slim,Striped,2998,4,0
L,Half,Yellow,Polo,Regular,Solid,310,4,0
M,Half,Red,V-Neck,Loose,Solid,388,2,0
L,Full,Blue,V-Neck,Loose,Solid,3000,0,0
M,Sleeveless,Black,Polo,Regular,Printed,791,5,1
M,Full,White,Mandarin,Regular,Printed,2208,2,1
S,Sleeveless,Black,Round,Slim,Printed,1799,1,1
M,Sleeveless,White,Polo,Slim,Solid,2628,4,1
L,Full,White,Round,Loose,Printed,697,3,0
S,Half,Blue,V-Neck,Loose,Checked,979,2,0
L,Full,Black,V-Neck,Regular,Checked,1161,0,0
M,Full,Green,Mandarin,Loose,Striped,795,0,0
S,Full,Blue,Mandarin,Slim,Solid,3000,3,0
XL,Half,Black,Polo,Regular,Solid,372,0,1
L,Half,Blue,Round,Loose,Checked,464,0,0
S,Sleeveless,Green,Round,Regular,Striped,1904,2,0
S,Full,Green,Mandarin,Loose,Solid,436,4,0
M,Half,Blue,Round,Slim,Printed,625,3,1
S,Full,Yellow,Polo,Regular,Solid,1388,3,0
XL,Full,Blue,Round,Loose,Solid,402,0,0
S,Full,Red,Mandarin,Regular,Checked,1494,1,1
L,Full,White,Mandarin,Regular,Checked,1479,2,0
L,Half,White,Round,Loose,Printed,530,2,0
L,Half,Blue,Mandarin,Slim,Printed,1366,4,1
M,Full,Black,V-Neck,Slim,Striped,304,3,0
S,Half,Red,V-Neck,Loose,Striped,1039,2,1
XL,Sleeveless,Red,Mandarin,Regular,Solid,741,1,0
M,Half,Blue,Polo,Regular,Striped,634,0,0
L,Half,White,Round,Regular,Checked,338,1,0
XL,Half,Yellow,Round,Loose,Solid,1489,0,0
XL,Half,White,Round,Loose,Striped,1845,9,0
L,Full,Blue,Round,Slim,Checked,2219,8,0
L,Half,Red,V-Neck,Regular,Striped,2015,6,1
L,Half,White,Round,Slim,Checked,431,0,0
L,Sleeveless,Green,V-Neck,Slim,Striped,1922,7,0
L,Full,Red,Mandarin,Loose,Solid,532,1,1
XL,Half,Blue,V-Neck,Loose,Printed,367,7,0
L,Full,White,Polo,Regular,Printed,412,2,0
M,Half,White,Polo,Regular,Solid,953,2,1
M,Full,Yellow,V-Neck,Regular,Checked,1221,0,0
M,Sleeveless,White,V-Neck,Slim,Solid,985,0,0
L,Half,Red,V-Neck,Slim,Solid,1016,3,0
XL,Half,Green,V-Neck,Regular,Solid,776,1,0
XL,Half,White,Round,Slim,Solid,283,3,0
L,Full,Red,Round,Slim,Solid,652,4,0
S,Half,Red,Round,Slim,Solid,2793,4,0
M,Half,Black,V-Neck,Regular,Printed,843,1,0
S,Half,White,Polo,Slim,Striped,628,2,0
XL,Half,Black,Mandarin,Loose,Solid,602,2,0
M,Sleeveless,Black,Mandarin,Regular,Solid,775,2,0
M,Sleeveless,Black,Polo,Loose,Solid,1311,3,1
M,Sleeveless,Blue,Round,Loose,Printed,612,3,0
S,Full,Yellow,Polo,Loose,Checked,1151,4,0
L,Sleeveless,Blue,V-Neck,Loose,Solid,2636,2,0
XL,Sleeveless,Black,Mandarin,Regular,Striped,985,1,0
M,Full,Blue,V-Neck,Regular,Printed,1212,2,0
S,Half,White,Round,Regular,Printed,1914,2,1
L,Sleeveless,Black,Mandarin,Regular,Solid,542,3,0
M,Full,Red,Polo,Loose,Striped,3000,0,0
XL,Half,Black,Polo,Regular,Printed,1907,2,0
L,Sleeveless,Yellow,Polo,Regular,Solid,2068,3,1
L,Full,Blue,V-Neck,Slim,Solid,2908,3,1
M,Full,Red,Round,Regular,Checked,2217,6,0
M,Half,Green,Round,Loose,Solid,3000,2,0
M,Full,Green,V-Neck,Regular,Solid,1140,3,0
XL,Sleeveless,Black,Polo,Regular,Striped,2999,9,0
S,Half,White,V-Neck,Regular,Solid,417,2,0
L,Full,Yellow,Mandarin,Loose,Solid,1021,7,0
S,Full,Black,Polo,Loose,Checked,467,2,1
L,Sleeveless,Black,Round,Slim,Printed,1170,1,0
S,Half,Green,V-Neck,Loose,Striped,2536,0,0
M,Half,Yellow,Polo,Slim,Solid,1424,0,0
S,Full,Red,Polo,Slim,Printed,877,1,1
L,Half,Blue,Round,Loose,Striped,1962,7,1
S,Sleeveless,Red,V-Neck,Loose,Printed,2120,5,0
S,Half,Black,Polo,Slim,Solid,506,2,1
L,Sleeveless,Red,Mandarin,Regular,Checked,520,0,0
L,Sleeveless,Red,Round,Loose,Solid,3000,1,0
S,Sleeveless,Red,Round,Slim,Printed,1248,4,1
XL,Sleeveless,Blue,Mandarin,Slim,Checked,1528,4,1
S,Full,Green,Mandarin,Regular,Striped,1452,2,0
M,Full,Blue,Round,Regular,Striped,545,1,1
M,Sleeveless,Blue,V-Neck,Regular,Printed,2589,9,0
XL,Sleeveless,White,Polo,Loose,Solid,559,0,0
M,Full,Green,V-Neck,Regular,Printed,2867,2,0
M,Full,Black,V-Neck,Loose,Printed,869,5,1
XL,Full,Black,Polo,Regular,Solid,2759,1,0
L,Half,Black,V-Neck,Loose,Striped,619,0,0
M,Sleeveless,Red,V-Neck,Loose,Solid,2112,8,1
L,Full,Blue,V-Neck,Slim,Striped,1049,3,1
S,Full,Red,V-Neck,Slim,Solid,1028,3,1
M,Half,Blue,Polo,Loose,Printed,1147,2,1
S,Full,Blue,Round,Regular,Solid,1991,4,0
M,Half,Black,V-Neck,Regular,Solid,2727,8,1
S,Half,Green,Mandarin,Loose,Printed,2270,8,0
M,Full,Red,Round,Regular,Striped,1649,4,0
S,Half,White,V-Neck,Regular,Solid,826,8,1
S,Full,Green,Mandarin,Slim,Solid,805,2,0
S,Full,Black,V-Neck,Slim,Printed,1258,3,1
XL,Half,Blue,V-Neck,Loose,Solid,2339,2,1
XL,Sleeveless,Blue,Round,Regular,Solid,1235,3,1
M,Full,Blue,Mandarin,Regular,Checked,543,0,0
L,Full,Black,V-Neck,Loose,Striped,667,3,1
L,Half,Black,Polo,Loose,Solid,2646,4,0
M,Half,Blue,Polo,Regular,Printed,765,0,1
XL,Sleeveless,Black,Mandarin,Regular,Printed,3000,2,0
M,Half,Green,V-Neck,Slim,Checked,2477,6,0
M,Sleeveless,Yellow,V-Neck,Regular,Printed,663,3,1
L,Sleeveless,Blue,Round,Regular,Striped,321,5,0
S,Full,Yellow,Round,Slim,Checked,1480,0,1
S,Full,Black,Round,Slim,Solid,2385,3,0
M,Full,White,Round,Regular,Printed,1467,8,1
XL,Full,White,V-Neck,Regular,Printed,1784,0,0
S,Sleeveless,Red,Round,Regular,Solid,1657,6,0
M,Sleeveless,Blue,Round,Regular,Checked,1158,3,1
M,Full,Blue,Round,Loose,Solid,2244,10,1
XL,Full,Yellow,Mandarin,Regular,Solid,2749,8,1
S,Half,Red,V-Neck,Slim,Striped,1452,1,1
S,Full,White,Mandarin,Regular,Solid,612,3,0
M,Sleeveless,Yellow,V-Neck,Slim,Striped,707,8,0
M,Half,Black,Polo,Slim,Striped,2512,3,0
S,Full,Green,Polo,Slim,Solid,985,0,1
M,Sleeveless,Black,Polo,Slim,Striped,432,3,0
M,Half,Green,Mandarin,Regular,Solid,546,5,0
L,Half,Red,Round,Loose,Checked,1171,3,0
M,Full,Black,Round,Loose,Printed,2401,8,0
XL,Sleeveless,Black,Polo,Loose,Printed,830,3,1
L,Full,Red,Round,Loose,Striped,458,9,0
L,Half,White,Mandarin,Loose,Solid,398,0,0
M,Half,Black,V-Neck,Slim,Solid,2669,1,0
M,Half,Red,Mandarin,Loose,Solid,2095,8,0
M,Full,Yellow,Round,Regular,Printed,858,2,1
L,Sleeveless,Black,V-Neck,Slim,Solid,1825,3,0
M,Sleeveless,Blue,Mandarin,Slim,Solid,995,0,1
L,Sleeveless,Black,Round,Slim,Solid,365,0,1
S,Half,Red,V-Neck,Regular,Printed,987,3,0
M,Sleeveless,Black,Round,Slim,Solid,990,1,1
S,Full,Green,Polo,Slim,Checked,2685,6,0
L,Sleeveless,Black,Polo,Regular,Checked,2765,9,0
L,Sleeveless,Green,Polo,Regular,Printed,2734,5,0
L,Half,White,Round,Regular,Striped,902,2,0
M,Sleeveless,Black,Polo,Loose,Printed,2409,0,0
M,Full,Green,Polo,Regular,Checked,494,0,1
XL,Half,Yellow,Mandarin,Loose,Striped,246,3,0
XL,Half,Blue,Polo,Slim,Printed,1033,1,0
L,Half,White,V-Neck,Loose,Solid,1410,3,0
M,Full,White,Round,Regular,Solid,685,1,1
L,Full,Red,Round,Loose,Checked,789,3,0
L,Half,Black,Round,Slim,Solid,2586,0,1
L,Full,Green,Round,Regular,Striped,1212,3,0
L,Half,White,Polo,Loose,Checked,968,4,0
L,Sleeveless,Red,Polo,Loose,Printed,2459,0,1
XL,Half,Black,Polo,Regular,Striped,1838,3,0
S,Half,White,V-Neck,Regular,Printed,2062,2,1
L,Full,Blue,V-Neck,Regular,Solid,1189,6,1
M,Half,Green,Round,Regular,Striped,833,3,1
L,Full,Green,Polo,Regular,Striped,536,3,0
L,Sleeveless,Black,Round,Slim,Solid,2160,5,0
M,Full,Red,V-Neck,Loose,Checked,1557,6,0
L,Full,Black,Polo,Regular,Solid,322,0,1
L,Half,Blue,Round,Slim,Striped,376,0,1
M,Full,Blue,Mandarin,Loose,Striped,1395,2,0
L,Sleeveless,White,Round,Loose,Striped,2065,4,1
S,Full,Blue,Mandarin,Regular,Solid,2630,4,0
S,Sleeveless,White,Polo,Slim,Checked,2054,3,0
S,Full,White,Mandarin,Regular,Checked,2512,6,0
M,Half,Blue,Mandarin,Regular,Striped,859,1,1
S,Half,Black,V-Neck,Slim,Solid,460,3,1
M,Half,Black,V-Neck,Regular,Striped,2662,0,1
S,Half,Black,Round,Regular,Printed,1342,5,0
XL,Sleeveless,Yellow,Polo,Slim,Printed,225,7,0
XL,Half,White,V-Neck,Slim,Checked,303,0,1
L,Half,Black,V-Neck,Loose,Printed,1058,1,1
S,Half,White,Polo,Loose,Striped,856,2,0
M,Half,Black,V-Neck,Regular,Checked,903,5,1
L,Half,Black,V-Neck,Loose,Printed,1565,0,1
S,Half,Black,Polo,Regular,Solid,2072,4,0
M,Full,Blue,V-Neck,Regular,Checked,1323,6,1
XL,Sleeveless,Blue,V-Neck,Slim,Checked,550,1,0
M,Full,Green,Round,Slim,Solid,411,4,0
L,Half,Blue,Polo,Slim,Striped,2287,9,0
XL,Full,Black,Mandarin,Loose,Printed,2585,2,0
S,Half,Green,Polo,Regular,Checked,1371,3,1
S,Full,White,Round,Slim,Solid,1485,3,0
M,Sleeveless,Black,Polo,Loose,Checked,2171,7,0
L,Full,Green,Mandarin,Loose,Solid,1873,8,0
L,Full,Green,Polo,Slim,Printed,665,2,0
L,Full,White,Mandarin,Loose,Checked,2396,8,0
L,Full,Green,Mandarin,Loose,Solid,1251,2,0
M,Sleeveless,White,V-Neck,Regular,Solid,211,2,0
L,Full,White,Round,Slim,Printed,711,2,1
M,Half,Red,Round,Regular,Striped,1477,3,0
S,Full,Green,Round,Regular,Solid,1656,5,1
S,Sleeveless,Green,Polo,Slim,Checked,1062,10,0
L,Full,Black,Round,Regular,Solid,1894,2,1
L,Full,Green,Round,Regular,Striped,887,1,0
L,Full,Red,V-Neck,Regular,Solid,502,0,1
S,Full,Black,Polo,Slim,Solid,946,3,1
L,Sleeveless,Green,Mandarin,Slim,Solid,3000,3,0
L,Sleeveless,Black,V-Neck,Regular,Solid,1295,0,0
L,Full,Black,V-Neck,Slim,Striped,2247,5,0
XL,Full,Green,Polo,Slim,Checked,1600,0,0
M,Sleeveless,Black,Mandarin,Slim,Solid,597,1,1
M,Sleeveless,Yellow,Mandarin,Slim,Solid,1041,2,0
XL,Half,Green,Round,Slim,Checked,1997,3,1
L,Full,Yellow,Round,Regular,Solid,850,2,0
M,Half,Black,Mandarin,Regular,Solid,447,2,0
M,Full,Black,V-Neck,Regular,Striped,628,2,1
S,Full,Black,Mandarin,Regular,Solid,1512,1,1
XL,Half,Red,Mandarin,Regular,Printed,2740,7,0
L,Half,Black,V-Neck,Slim,Printed,2133,3,0
M,Sleeveless,Blue,Round,Loose,Striped,1903,6,1
M,Full,Black,Mandarin,Slim,Solid,544,1,1
M,Full,Blue,V-Neck,Regular,Checked,1316,2,1
XL,Full,Green,Polo,Loose,Printed,1303,3,0
M,Half,Black,Mandarin,Slim,Striped,1631,3,1
M,Full,Blue,Polo,Loose,Solid,1390,2,0
L,Half,White,Round,Slim,Solid,1010,2,0
L,Sleeveless,Black,Polo,Regular,Solid,2068,2,1
L,Full,Black,Round,Loose,Printed,2427,0,0
L,Full,Black,Polo,Slim,Checked,320,2,0
L,Full,Black,Round,Slim,Solid,2248,0,0
M,Full,Black,Round,Loose,Striped,608,3,0
L,Sleeveless,Black,V-Neck,Loose,Striped,1998,6,0
S,Half,Red,V-Neck,Slim,Striped,401,0,0
M,Half,Black,Round,Slim,Checked,1780,4,0
S,Sleeveless,Blue,Polo,Loose,Solid,588,9,1
L,Full,Blue,Round,Loose,Printed,1431,1,0
L,Sleeveless,Blue,Round,Slim,Checked,2608,1,0
XL,Full,Black,Round,Regular,Solid,207,5,0
L,Full,White,Round,Slim,Solid,1649,7,1
S,Half,Blue,Round,Regular,Striped,616,2,0
XL,Full,Green,Round,Slim,Solid,2852,7,1
S,Half,Black,Polo,Regular,Printed,693,2,0
L,Full,Yellow,Polo,Regular,Solid,2236,3,0
M,Full,Black,Round,Slim,Printed,2463,2,1
XL,Half,Black,Mandarin,Regular,Striped,2351,4,0
M,Full,Red,Round,Slim,Printed,1515,4,0
M,Sleeveless,Black,Round,Slim,Solid,1085,2,1
S,Full,Blue,V-Neck,Slim,Printed,647,2,1
S,Sleeveless,Blue,V-Neck,Slim,Printed,321,3,1
XL,Half,Red,Polo,Slim,Printed,908,1,0
L,Full,Red,Polo,Slim,Striped,635,3,1
M,Full,Red,Polo,Loose,Striped,837,10,1
S,Sleeveless,Green,Round,Slim,Striped,3000,3,1
M,Full,White,Mandarin,Regular,Solid,1950,1,0
M,Sleeveless,White,V-Neck,Regular,Checked,238,4,0
S,Full,Black,V-Neck,Regular,Striped,2395,2,0
M,Sleeveless,White,Polo,Loose,Printed,353,6,1
L,Full,Green,Round,Regular,Solid,613,6,0
S,Full,Black,V-Neck,Slim,Printed,1294,2,1
L,Full,Yellow,V-Neck,Slim,Printed,909,1,1
L,Sleeveless,Blue,Mandarin,Loose,Checked,584,2,0
XL,Full,White,Polo,Regular,Printed,1108,6,1
S,Half,Blue,Mandarin,Slim,Solid,2932,0,0
L,Half,White,V-Neck,Slim,Solid,2608,1,0
S,Half,Blue,Mandarin,Slim,Striped,540,3,0
XL,Half,Black,V-Neck,Slim,Solid,214,2,0
XL,Full,White,Mandarin,Regular,Printed,413,2,1
L,Half,Black,V-Neck,Slim,Solid,1582,6,1
L,Half,Black,Mandarin,Loose,Printed,1006,2,0
L,Sleeveless,Green,Polo,Slim,Striped,1299,2,1
M,Half,Yellow,Round,Slim,Printed,1485,1,0
XL,Half,Green,Round,Slim,Striped,2961,0,0
M,Sleeveless,Red,Round,Loose,Solid,1096,2,0
L,Half,Black,Polo,Loose,Striped,1317,3,0
M,Full,Green,V-Neck,Regular,Solid,677,2,0
S,Full,Blue,Round,Regular,Striped,2010,3,1
L,Full,White,Polo,Loose,Checked,427,3,0
L,Half,Black,Round,Slim,Solid,2612,0,1
M,Full,Blue,Round,Regular,Printed,1919,0,0
M,Sleeveless,Red,V-Neck,Regular,Striped,531,2,1
M,Half,Yellow,Round,Regular,Solid,797,1,0
S,Sleeveless,Yellow,Round,Loose,Solid,749,3,0
XL,Half,White,Polo,Regular,Solid,1995,8,0
M,Half,Red,Round,Regular,Printed,1887,8,1
S,Full,Black,Round,Slim,Striped,289,1,1
L,Full,Yellow,V-Neck,Regular,Checked,218,3,1
S,Half,Green,V-Neck,Slim,Printed,1049,3,1
M,Full,White,Polo,Loose,Solid,2139,1,0
L,Full,Green,Round,Slim,Checked,311,5,0
S,Full,White,Mandarin,Loose,Checked,697,1,1
S,Half,Red,Mandarin,Slim,Solid,1979,9,1
XL,Half,Yellow,Polo,Loose,Solid,2953,9,0
S,Full,Black,Round,Loose,Solid,881,1,0
L,Half,Red,Mandarin,Loose,Striped,899,9,0
L,Full,Red,Round,Loose,Striped,2693,0,0
S,Half,Blue,Round,Loose,Striped,2277,3,0
S,Full,Green,Round,Loose,Striped,1689,0,0
L,Sleeveless,Black,V-Neck,Regular,Solid,1282,2,0
L,Full,White,Polo,Regular,Solid,2712,6,0
S,Full,White,Round,Regular,Solid,288,3,1
XL,Full,Blue,Mandarin,Regular,Solid,630,0,0
M,Full,Green,Round,Loose,Solid,594,3,1
S,Half,Blue,Mandarin,Regular,Striped,2429,7,0
M,Full,Red,Round,Slim,Checked,2637,8,0
L,Sleeveless,Red,Polo,Regular,Checked,1929,0,1
S,Half,White,Round,Slim,Striped,863,3,1
S,Full,Black,Mandarin,Regular,Solid,748,3,0
S,Half,Red,Mandarin,Regular,Printed,1157,0,0
M,Half,Blue,Round,Slim,Solid,637,3,1
M,Sleeveless,Black,Round,Regular,Solid,1668,1,0
M,Half,Blue,V-Neck,Regular,Checked,305,8,1
M,Sleeveless,Green,V-Neck,Slim,Checked,2509,1,1
S,Sleeveless,White,Round,Slim,Solid,1230,3,0
M,Sleeveless,Yellow,Polo,Loose,Solid,2833,10,1
M,Full,Blue,Round,Slim,Checked,1575,2,0
M,Half,Black,Polo,Loose,Checked,1035,0,0
M,Full,Black,Round,Slim,Solid,604,1,1
M,Full,Black,Mandarin,Regular,Checked,1364,1,1
L,Half,Black,Round,Loose,Striped,583,0,0
M,Half,Black,Round,Regular,Printed,1172,4,0
XL,Half,White,Round,Slim,Solid,1343,5,0
S,Full,Blue,Polo,Slim,Solid,800,9,0
M,Half,Black,Round,Regular,Solid,834,1,0
XL,Half,Yellow,Round,Regular,Solid,487,1,1
L,Half,Blue,V-Neck,Loose,Solid,1547,2,1
S,Half,Black,Round,Slim,Striped,603,1,0
M,Sleeveless,Black,Round,Slim,Printed,741,3,1
M,Half,Red,V-Neck,Regular,Printed,2565,3,0
M,Full,Blue,Round,Loose,Checked,440,3,0
S,Full,Blue,Round,Slim,Checked,229,3,0
L,Sleeveless,Green,V-Neck,Regular,Striped,1452,4,0
S,Sleeveless,Blue,Round,Loose,Checked,3000,5,0
S,Full,Blue,V-Neck,Slim,Checked,666,0,0
S,Full,White,Polo,Loose,Striped,576,3,0
L,Full,Green,V-Neck,Slim,Solid,1580,0,0
XL,Full,Black,V-Neck,Loose,Solid,1033,2,1
S,Sleeveless,Green,Polo,Slim,Solid,1055,3,0
L,Full,Yellow,V-Neck,Regular,Printed,1862,4,0
S,Full,White,Mandarin,Regular,Printed,369,1,0
M,Full,Yellow,Polo,Slim,Printed,1646,3,0
S,Full,Black,Mandarin,Slim,Checked,516,3,0
S,Full,Red,Round,Regular,Printed,1239,2,0
S,Full,White,V-Neck,Regular,Solid,1773,7,0
M,Full,Black,Mandarin,Regular,Checked,361,1,0
L,Sleeveless,Black,Round,Regular,Printed,2849,5,0
L,Full,Red,V-Neck,Regular,Checked,789,8,1
S,Sleeveless,Yellow,V-Neck,Loose,Solid,611,2,0
M,Full,White,V-Neck,Regular,Striped,1584,2,0
M,Half,Green,Polo,Slim,Solid,1114,3,1
S,Sleeveless,Red,V-Neck,Regular,Solid,1177,9,0
XL,Half,Green,V-Neck,Slim,Printed,1825,1,0
M,Full,Blue,Mandarin,Regular,Solid,1855,5,0
L,Full,Green,Round,Regular,Printed,2286,7,0
M,Half,Black,Polo,Regular,Checked,2476,6,0
M,Full,Green,Round,Slim,Checked,1246,1,1
M,Half,Green,Polo,Loose,Checked,1492,0,0
L,Full,White,Round,Regular,Solid,1057,2,1
S,Half,Red,Round,Slim,Printed,470,1,0
L,Full,Black,V-Neck,Regular,Solid,456,1,1
L,Half,Red,Round,Loose,Solid,1262,3,1
M,Half,Black,Polo,Slim,Striped,429,3,0
XL,Half,Black,Round,Loose,Solid,2026,3,1
XL,Full,Red,Round,Regular,Striped,878,0,0
L,Half,Black,Round,Regular,Printed,1997,8,1
L,Sleeveless,Black,Round,Slim,Printed,736,2,0
L,Half,Black,Round,Regular,Printed,620,3,0
L,Half,Red,Round,Regular,Striped,414,1,0
L,Full,White,Mandarin,Slim,Printed,562,3,0
XL,Full,Green,Mandarin,Loose,Checked,1208,3,0
M,Full,Blue,V-Neck,Slim,Printed,2830,3,0
L,Full,Red,Mandarin,Regular,Striped,697,3,0
L,Sleeveless,Black,Polo,Slim,Solid,426,6,1
S,Full,Green,Mandarin,Regular,Checked,1371,5,1
M,Half,Black,Polo,Regular,Solid,1981,6,0
S,Full,White,Round,Slim,Solid,1500,5,1
M,Half,Black,V-Neck,Slim,Checked,926,3,0
XL,Full,Yellow,Mandarin,Regular,Striped,2986,2,0
XL,Full,Blue,Mandarin,Slim,Printed,1865,5,1
S,Half,Black,Round,Slim,Checked,813,1,0
S,Half,Blue,Mandarin,Loose,Printed,953,4,1
XL,Half,White,V-Neck,Regular,Solid,1640,5,0
L,Full,Green,Polo,Regular,Solid,1222,0,0
M,Full,Yellow,V-Neck,Slim,Solid,1384,2,0
M,Half,Black,Mandarin,Regular,Striped,440,4,0
M,Half,White,Mandarin,Regular,Solid,3000,1,0
L,Half,Blue,Round,Loose,Checked,866,2,1
L,Half,Black,Mandarin,Regular,Checked,777,0,0
M,Half,White,Polo,Loose,Striped,2822,4,0
L,Full,Blue,Round,Regular,Checked,2019,1,0
M,Sleeveless,Black,V-Neck,Loose,Checked,1881,0,1
S,Half,Red,Polo,Slim,Striped,1239,7,1
L,Full,Yellow,V-Neck,Slim,Striped,654,0,0
L,Sleeveless,Green,V-Neck,Regular,Solid,742,7,1
M,Half,Green,Mandarin,Loose,Solid,2286,1,0
M,Half,Blue,Mandarin,Regular,Striped,670,0,1
XL,Sleeveless,Black,Mandarin,Loose,Solid,882,6,0
L,Full,White,V-Neck,Slim,Checked,243,6,0
M,Full,Black,Polo,Regular,Solid,1132,2,0
S,Full,Green,Round,Loose,Printed,391,9,0
XL,Full,Yellow,Mandarin,Regular,Solid,458,3,0
XL,Full,Green,Round,Loose,Printed,598,0,1
XL,Full,Yellow,Round,Regular,Striped,499,1,0
M,Full,Blue,Round,Slim,Printed,719,7,1
L,Half,White,Polo,Loose,Striped,1320,3,0
S,Full,Green,Polo,Slim,Solid,1077,0,1
L,Full,Blue,Polo,Regular,Solid,317,4,0
L,Full,Black,V-Neck,Regular,Solid,487,3,0
S,Sleeveless,Red,V-Neck,Regular,Solid,770,2,0
S,Full,Black,Round,Slim,Solid,2775,5,0
M,Full,Yellow,V-Neck,Loose,Printed,563,0,1
L,Sleeveless,White,Round,Slim,Solid,1598,0,1
L,Half,Blue,Round,Slim,Checked,1412,1,0
XL,Full,White,Round,Loose,Checked,2149,4,1
M,Full,Black,Mandarin,Regular,Solid,1051,2,1
XL,Half,White,Round,Regular,Striped,859,3,0
M,Sleeveless,White,Round,Slim,Printed,706,2,0
S,Half,Yellow,Polo,Loose,Striped,2455,3,0
M,Half,Black,Mandarin,Regular,Printed,2414,9,1
L,Full,Green,V-Neck,Slim,Solid,540,3,0
XL,Half,Red,V-Neck,Regular,Solid,1669,7,0
L,Full,Blue,Polo,Regular,Solid,1572,5,0
S,Full,White,Round,Regular,Checked,2147,3,0
XL,Sleeveless,White,Mandarin,Slim,Checked,1509,8,1
L,Sleeveless,Blue,V-Neck,Regular,Printed,915,2,1
XL,Sleeveless,Red,V-Neck,Slim,Checked,1344,1,0
L,Sleeveless,Red,Mandarin,Regular,Solid,1631,7,1
S,Half,Red,Polo,Regular,Striped,1159,2,0
L,Full,Green,V-Neck,Regular,Checked,759,5,1
S,Sleeveless,Yellow,Polo,Loose,Printed,1441,6,0
M,Half,Blue,Round,Slim,Striped,626,0,1
S,Half,Green,Mandarin,Loose,Printed,1452,0,0
M,Half,Blue,V-Neck,Slim,Solid,3000,0,0
S,Half,Black,Round,Loose,Solid,1113,6,0
XL,Half,Red,Mandarin,Loose,Solid,1166,2,0
M,Sleeveless,Red,V-Neck,Slim,Checked,445,4,0
XL,Sleeveless,White,Mandarin,Regular,Solid,1337,3,0
S,Half,Green,V-Neck,Slim,Printed,2404,2,1
M,Full,Black,V-Neck,Loose,Printed,2601,5,0
L,Half,Yellow,Mandarin,Loose,Printed,1114,1,0
M,Half,Black,V-Neck,Regular,Striped,555,4,1
M,Full,Red,Mandarin,Regular,Striped,548,2,0
XL,Half,Yellow,Polo,Regular,Solid,1228,4,0
M,Full,Black,Round,Slim,Solid,1776,2,0
L,Full,Red,Round,Regular,Checked,850,0,0
M,Half,Black,Polo,Slim,Striped,972,9,1
M,Full,Black,V-Neck,Slim,Checked,200,3,0
L,Half,Green,Polo,Slim,Printed,1932,2,1
S,Full,Blue,Round,Slim,Striped,1931,5,0
S,Full,Blue,Round,Regular,Printed,339,3,1
M,Sleeveless,Black,Round,Slim,Solid,470,1,0
S,Half,Yellow,V-Neck,Loose,Solid,2518,6,0
L,Half,White,Round,Regular,Printed,1258,5,1
XL,Half,Black,Round,Regular,Checked,268,2,0
XL,Half,Blue,Mandarin,Slim,Solid,1247,8,0
M,Full,Black,Polo,Slim,Solid,760,1,1
M,Sleeveless,White,Mandarin,Regular,Checked,1563,3,0
L,Full,Red,Polo,Regular,Checked,2063,2,1
S,Full,Red,Round,Slim,Striped,943,2,1
XL,Full,Black,Polo,Regular,Checked,253,6,0
M,Sleeveless,White,Mandarin,Slim,Solid,200,3,0
S,Half,Green,Round,Regular,Checked,1994,0,0
S,Full,Black,Polo,Regular,Printed,413,4,0
M,Sleeveless,Blue,V-Neck,Slim,Printed,229,1,0
S,Half,White,Round,Loose,Solid,2629,6,1
L,Sleeveless,Yellow,V-Neck,Loose,Striped,1085,8,0
M,Half,Blue,Round,Loose,Striped,808,2,0
M,Full,Yellow,V-Neck,Regular,Checked,234,3,1
M,Half,Green,Mandarin,Slim,Checked,629,0,0
S,Full,White,Mandarin,Regular,Solid,3000,2,1
M,Sleeveless,Green,Polo,Regular,Printed,2754,2,0
S,Full,Black,V-Neck,Loose,Solid,3000,1,1
M,Full,Red,V-Neck,Regular,Solid,200,2,1
S,Half,Black,V-Neck,Loose,Solid,940,5,0
M,Half,Black,Round,Slim,Solid,2992,3,1
S,Full,Black,Polo,Regular,Solid,552,0,0
XL,Half,Yellow,V-Neck,Slim,Striped,739,9,1
M,Half,Black,V-Neck,Slim,Solid,521,0,1
L,Full,Black,Mandarin,Slim,Printed,1543,2,0
M,Half,Blue,V-Neck,Slim,Solid,2890,0,1
L,Full,Red,Mandarin,Loose,Solid,1035,2,0
S,Sleeveless,Black,V-Neck,Slim,Striped,1487,8,1
L,Half,Red,Mandarin,Regular,Solid,690,2,0
XL,Full,Black,Round,Regular,Printed,2309,0,0
M,Full,Blue,Mandarin,Regular,Printed,2365,6,0
L,Half,Red,Round,Slim,Printed,1182,0,0
S,Full,Black,Polo,Slim,Printed,1221,1,1
S,Full,Black,Polo,Slim,Solid,470,0,0
S,Sleeveless,Yellow,Mandarin,Regular,Solid,430,9,0
M,Full,Red,V-Neck,Slim,Printed,1628,3,1
S,Full,Red,V-Neck,Slim,Checked,1408,0,1
S,Sleeveless,Yellow,Polo,Regular,Striped,1422,3,1
M,Full,White,Round,Regular,Printed,2272,5,0
S,Half,Blue,Mandarin,Regular,Checked,466,2,0
S,Half,Blue,V-Neck,Slim,Printed,655,1,0
M,Half,Blue,Round,Regular,Printed,750,2,1
S,Sleeveless,Black,Round,Slim,Solid,1775,5,1
M,Full,Green,V-Neck,Regular,Solid,694,0,1
XL,Half,White,Round,Regular,Printed,1454,4,0
M,Sleeveless,White,Mandarin,Regular,Checked,680,3,0
S,Sleeveless,White,Mandarin,Loose,Printed,787,0,1
L,Full,Green,Round,Slim,Checked,2299,8,0
M,Full,White,V-Neck,Loose,Checked,1220,1,1
L,Half,Yellow,Mandarin,Loose,Checked,806,3,0
L,Full,Yellow,V-Neck,Slim,Striped,1520,2,0
M,Full,Green,V-Neck,Regular,Checked,588,3,0
L,Full,White,Mandarin,Loose,Checked,1434,5,0
S,Full,Blue,Round,Regular,Solid,1724,1,0
L,Sleeveless,Green,Polo,Regular,Printed,378,2,1
S,Full,Green,V-Neck,Loose,Printed,1048,4,0
L,Half,Blue,Polo,Regular,Printed,2084,9,0
XL,Full,Black,Round,Regular,Checked,2002,2,0
S,Sleeveless,Yellow,Round,Regular,Checked,620,9,0
S,Half,Black,V-Neck,Loose,Solid,2379,2,0
L,Full,Yellow,Mandarin,Regular,Solid,828,3,0
M,Half,Yellow,Mandarin,Loose,Striped,857,2,0
XL,Sleeveless,Yellow,Polo,Loose,Solid,978,3,1
M,Half,Blue,Polo,Slim,Checked,2850,3,0
XL,Sleeveless,White,V-Neck,Slim,Striped,2237,1,0
S,Full,Yellow,Mandarin,Regular,Checked,1084,0,0
XL,Half,Green,Mandarin,Slim,Checked,1221,1,0
M,Full,Black,Polo,Regular,Solid,931,3,0
M,Full,Blue,Polo,Regular,Printed,2408,9,0
L,Full,White,Round,Loose,Checked,749,3,1
L,Sleeveless,Green,Round,Regular,Solid,497,2,1
M,Half,Red,Round,Regular,Solid,2591,6,0
XL,Sleeveless,Red,V-Neck,Loose,Striped,2395,10,1
M,Half,Black,Round,Loose,Solid,278,2,0
L,Half,Red,Round,Loose,Checked,2007,2,0
M,Full,Black,V-Neck,Regular,Checked,499,7,1
S,Full,Red,Polo,Regular,Solid,373,1,0
M,Sleeveless,White,Round,Loose,Checked,863,0,0
S,Sleeveless,Green,Mandarin,Regular,Printed,627,4,0
M,Half,Green,Round,Slim,Solid,3000,1,1
L,Half,Yellow,Mandarin,Slim,Checked,2868,2,0
S,Half,Black,V-Neck,Slim,Striped,533,0,1
L,Sleeveless,Blue,Polo,Regular,Checked,486,5,0
L,Full,Blue,Round,Slim,Solid,2552,1,1
S,Full,Yellow,Round,Loose,Printed,1744,2,0
XL,Half,Green,V-Neck,Regular,Checked,1709,8,1
L,Half,Black,Round,Slim,Checked,2772,0,1
S,Half,Green,Mandarin,Slim,Solid,1633,3,1
M,Half,White,Round,Regular,Checked,2411,2,0
L,Full,Yellow,Mandarin,Slim,Printed,1650,0,1
M,Full,Black,V-Neck,Loose,Printed,2198,4,0
M,Full,Red,Round,Regular,Striped,568,7,0
XL,Sleeveless,White,Mandarin,Loose,Striped,1840,9,0
M,Sleeveless,Red,Polo,Slim,Solid,2432,9,0
M,Sleeveless,White,Round,Loose,Striped,712,1,0
S,Sleeveless,White,Polo,Slim,Solid,311,3,1
M,Full,White,Mandarin,Loose,Printed,2123,4,0
M,Full,White,V-Neck,Regular,Striped,934,1,1
M,Full,White,Polo,Slim,Printed,1292,4,1
S,Half,White,V-Neck,Slim,Printed,1944,1,1
XL,Half,Blue,V-Neck,Regular,Printed,2588,10,0
S,Sleeveless,Blue,Round,Regular,Printed,595,3,0
S,Half,Yellow,Mandarin,Slim,Printed,1523,4,0
S,Half,White,Polo,Loose,Striped,2244,2,1
M,Half,Blue,Polo,Regular,Striped,2423,1,1
XL,Sleeveless,Red,Polo,Loose,Striped,2762,8,0
S,Full,Green,Round,Slim,Solid,3000,3,0
M,Full,Black,V-Neck,Slim,Printed,927,2,0
M,Half,Yellow,V-Neck,Slim,Striped,659,3,1
M,Half,Yellow,Polo,Regular,Solid,1374,0,0
XL,Full,Green,Mandarin,Regular,Striped,1860,1,1
M,Full,Red,V-Neck,Regular,Checked,943,1,0
S,Half,Black,V-Neck,Loose,Striped,722,1,0
L,Full,White,Mandarin,Slim,Solid,452,2,1
S,Half,Black,Polo,Regular,Solid,1233,2,1
M,Full,Black,Polo,Loose,Checked,2336,1,0
M,Sleeveless,White,Round,Loose,Solid,1346,9,0
S,Full,Red,Polo,Regular,Striped,2572,4,0
M,Sleeveless,Yellow,Polo,Slim,Printed,331,3,0
M,Half,Red,V-Neck,Loose,Printed,941,8,0
M,Sleeveless,Black,Polo,Slim,Checked,1013,3,0
M,Full,Blue,Polo,Slim,Printed,1244,3,1
S,Sleeveless,Red,Round,Slim,Solid,425,5,1
L,Full,White,Polo,Regular,Striped,2704,0,0
M,Half,Blue,Round,Slim,Solid,718,1,1
S,Half,Black,Polo,Slim,Solid,259,0,1
M,Half,Yellow,V-Neck,Regular,Printed,2155,5,0
M,Sleeveless,Black,Polo,Regular,Solid,403,9,1
XL,Full,Blue,V-Neck,Regular,Printed,1159,9,1
L,Full,Black,V-Neck,Slim,Striped,876,2,1
S,Half,Black,Polo,Slim,Solid,425,2,0
M,Full,Black,V-Neck,Slim,Printed,1007,2,0
M,Half,Black,Round,Slim,Striped,282,0,0
L,Full,Green,Polo,Regular,Checked,1987,2,1
S,Full,Green,Polo,Regular,Solid,2025,6,0
XL,Full,Yellow,V-Neck,Loose,Checked,2317,2,0
L,Full,White,V-Neck,Loose,Printed,1828,3,0
M,Full,Yellow,Mandarin,Slim,Striped,2400,0,1
L,Half,Blue,Mandarin,Loose,Solid,404,0,0
S,Half,Blue,Mandarin,Regular,Printed,799,2,1
S,Full,Red,Mandarin,Regular,Printed,2984,2,0
M,Sleeveless,Yellow,V-Neck,Slim,Printed,924,6,0
M,Half,Blue,Round,Slim,Solid,200,1,1
M,Full,Blue,Polo,Regular,Striped,2382,3,0
XL,Half,Green,Mandarin,Slim,Printed,1716,0,0
L,Sleeveless,Red,Round,Regular,Striped,308,0,0
M,Full,Red,Round,Slim,Checked,1189,2,0
M,Full,Black,V-Neck,Slim,Printed,2003,2,1
XL,Half,Yellow,Round,Loose,Printed,571,3,1
L,Full,White,Round,Regular,Solid,1446,3,0
L,Half,Red,V-Neck,Regular,Printed,655,3,1
S,Sleeveless,White,Polo,Slim,Checked,796,0,0
S,Full,Blue,Round,Loose,Checked,2688,0,1
L,Half,White,Mandarin,Loose,Striped,933,3,0
XL,Sleeveless,White,Round,Loose,Striped,570,1,0
M,Half,Black,Mandarin,Regular,Checked,2644,4,0
L,Full,Black,Mandarin,Loose,Striped,1655,3,1
L,Half,Green,Mandarin,Loose,Checked,1239,1,1
M,Full,Black,V-Neck,Slim,Checked,870,3,0
S,Half,Blue,Polo,Slim,Solid,828,1,1
S,Half,Red,Round,Loose,Checked,1450,2,0
XL,Half,Blue,Polo,Regular,Printed,2872,7,0
L,Full,Blue,Mandarin,Loose,Striped,1660,9,1
M,Sleeveless,White,Polo,Regular,Checked,1693,4,1
M,Sleeveless,Blue,V-Neck,Slim,Solid,2234,2,0
M,Full,Red,V-Neck,Regular,Striped,1118,0,0
M,Sleeveless,Black,Polo,Slim,Printed,250,2,0
S,Half,Red,Round,Loose,Printed,623,0,0
S,Half,Red,Polo,Loose,Solid,1763,7,0
L,Full,Green,Polo,Slim,Solid,2227,1,1
L,Sleeveless,Yellow,Mandarin,Regular,Printed,765,1,0
XL,Full,Yellow,V-Neck,Regular,Striped,2185,2,0
L,Sleeveless,Black,V-Neck,Slim,Striped,1016,1,0
L,Full,Red,Round,Slim,Solid,469,3,1
L,Half,Black,Polo,Regular,Printed,616,3,0
M,Full,Black,Round,Slim,Checked,939,1,1
L,Sleeveless,Red,Mandarin,Slim,Solid,866,1,1
M,Half,White,V-Neck,Slim,Solid,871,1,1
S,Full,Red,Polo,Loose,Checked,747,2,1
M,Half,White,Mandarin,Slim,Solid,812,4,1
XL,Sleeveless,Red,Round,Loose,Solid,736,2,1
S,Half,Blue,Polo,Regular,Solid,801,4,0
L,Sleeveless,Black,Polo,Regular,Solid,1365,2,1
L,Full,White,Round,Loose,Solid,243,1,0
L,Full,Green,Round,Regular,Solid,234,0,0
XL,Full,White,Polo,Loose,Printed,3000,2,0
S,Half,Red,Polo,Regular,Printed,502,9,1
M,Full,Green,Mandarin,Regular,Striped,669,1,1
S,Full,Yellow,Polo,Regular,Printed,990,6,1
M,Sleeveless,Green,Mandarin,Slim,Solid,717,0,0
S,Half,Blue,Polo,Regular,Solid,1433,6,0
XL,Sleeveless,White,Polo,Loose,Solid,1973,3,0
M,Sleeveless,Green,Mandarin,Regular,Solid,476,7,0
XL,Full,Yellow,Polo,Slim,Solid,1403,0,0
XL,Full,Black,Polo,Regular,Solid,857,0,0
M,Sleeveless,Blue,Round,Slim,Solid,483,3,1
XL,Full,White,Mandarin,Loose,Solid,2175,6,0
XL,Full,Black,Round,Regular,Striped,1790,0,0
XL,Sleeveless,Green,Mandarin,Regular,Printed,516,3,0
L,Sleeveless,Black,Mandarin,Loose,Solid,2549,8,0
M,Full,Green,Polo,Loose,Checked,515,1,0
M,Half,Blue,Polo,Regular,Striped,1801,3,0
M,Sleeveless,White,Polo,Slim,Printed,1347,3,0
M,Half,White,Round,Slim,Checked,826,0,1
M,Half,Blue,V-Neck,Slim,Solid,434,3,0
L,Full,Red,Polo,Regular,Printed,844,2,0
M,Half,Green,Polo,Slim,Printed,2102,8,0
S,Full,Yellow,Polo,Loose,Solid,747,3,1
L,Full,Black,V-Neck,Slim,Solid,1727,2,1
XL,Full,Blue,Round,Slim,Checked,200,0,0
M,Full,Red,Round,Loose,Striped,793,4,0
M,Full,Green,Polo,Loose,Striped,836,2,1
XL,Full,Yellow,V-Neck,Regular,Striped,798,2,0
XL,Sleeveless,Black,Mandarin,Loose,Checked,698,1,0
S,Half,Red,Round,Regular,Checked,1475,1,0
M,Full,Black,Polo,Regular,Solid,2836,5,0
XL,Half,Red,Round,Slim,Printed,967,2,0
S,Half,Black,Polo,Loose,Solid,2426,10,0
L,Half,Blue,V-Neck,Slim,Solid,586,3,0
L,Half,Blue,V-Neck,Regular,Solid,959,1,1
M,Sleeveless,Red,V-Neck,Regular,Solid,560,4,0
L,Half,Black,Round,Slim,Printed,1900,2,1
S,Sleeveless,Red,Polo,Regular,Striped,2683,7,0
L,Half,Blue,Polo,Slim,Checked,2744,5,0
XL,Sleeveless,White,V-Neck,Loose,Solid,1002,1,0
M,Sleeveless,Black,Round,Loose,Solid,1254,3,1
M,Sleeveless,Blue,Round,Regular,Printed,795,0,1
S,Half,Green,Mandarin,Slim,Striped,1222,4,0
S,Half,Red,Mandarin,Regular,Printed,1748,9,1
L,Half,Blue,V-Neck,Regular,Checked,1132,3,1
S,Full,Blue,V-Neck,Loose,Checked,449,7,0
M,Full,Green,Round,Loose,Printed,802,0,0
M,Sleeveless,Red,Mandarin,Slim,Solid,1550,2,1
S,Full,White,Polo,Loose,Printed,388,7,1
M,Full,Black,V-Neck,Slim,Printed,1019,2,0
M,Sleeveless,Green,Round,Slim,Striped,1139,2,1
L,Half,Black,V-Neck,Slim,Striped,787,0,1
XL,Full,White,V-Neck,Regular,Printed,629,1,1
L,Half,Blue,Polo,Regular,Striped,2374,9,1
L,Half,Blue,Round,Loose,Striped,1055,0,1
S,Half,Blue,V-Neck,Slim,Checked,820,0,1
S,Full,Red,Mandarin,Regular,Printed,806,0,0
XL,Sleeveless,Yellow,Round,Regular,Printed,353,1,1
L,Half,Red,Mandarin,Slim,Solid,1008,3,0
L,Full,Yellow,Round,Regular,Solid,2783,10,0
S,Half,White,Mandarin,Slim,Solid,2310,4,0
XL,Half,White,Mandarin,Loose,Solid,734,2,0
L,Full,Blue,Polo,Slim,Striped,323,10,0
S,Sleeveless,Blue,Polo,Slim,Printed,2044,4,0
S,Sleeveless,Green,Polo,Slim,Checked,797,3,0
M,Half,Green,V-Neck,Regular,Printed,1203,0,0
L,Half,Black,Round,Slim,Striped,2401,2,0
L,Half,Red,V-Neck,Loose,Printed,2220,4,0
XL,Full,Blue,Polo,Regular,Striped,1154,0,0
L,Sleeveless,Black,Mandarin,Regular,Solid,1083,0,1
M,Full,White,Mandarin,Regular,Solid,911,1,1
L,Sleeveless,Yellow,V-Neck,Loose,Printed,2518,3,1
M,Half,Black,Round,Regular,Checked,1226,3,0
M,Sleeveless,White,Round,Regular,Solid,641,3,1
M,Sleeveless,Red,V-Neck,Slim,Checked,2558,3,0
M,Half,Black,Round,Regular,Printed,208,3,1
L,Sleeveless,White,V-Neck,Loose,Checked,1845,7,0
M,Sleeveless,Yellow,Round,Slim,Printed,298,0,0
S,Half,Green,Polo,Regular,Striped,1482,2,1
L,Half,Blue,Polo,Slim,Solid,2254,2,0
L,Sleeveless,Black,Polo,Slim,Striped,604,2,0
M,Half,Red,Mandarin,Slim,Solid,697,1,0
M,Half,Green,Round,Loose,Solid,1384,4,0
L,Sleeveless,Blue,Mandarin,Slim,Printed,1796,3,0
XL,Half,Black,Round,Regular,Striped,1429,0,1
S,Half,Green,Mandarin,Regular,Solid,423,3,0
L,Half,White,Mandarin,Regular,Printed,525,1,0
M,Sleeveless,Black,V-Neck,Loose,Solid,568,2,0
L,Half,Red,Mandarin,Regular,Solid,1991,8,0
S,Sleeveless,White,V-Neck,Loose,Solid,2415,6,1
M,Full,Red,V-Neck,Loose,Checked,1055,8,1
M,Half,White,Mandarin,Loose,Solid,1055,8,0
S,Sleeveless,Red,Round,Regular,Printed,1821,8,0
M,Sleeveless,Red,Round,Loose,Printed,2965,1,1
L,Sleeveless,Blue,V-Neck,Loose,Striped,412,0,0
L,Sleeveless,Red,V-Neck,Loose,Solid,1155,3,0
S,Full,Red,Polo,Slim,Printed,200,0,0
M,Half,White,V-Neck,Slim,Striped,608,3,0
XL,Full,White,Round,Regular,Solid,436,1,0
L,Full,Red,V-Neck,Regular,Solid,327,3,0
L,Sleeveless,Red,Mandarin,Slim,Solid,1923,6,1
M,Half,Black,Round,Regular,Solid,1728,0,0
M,Full,Blue,Mandarin,Regular,Solid,2502,6,1
M,Full,Black,Mandarin,Loose,Checked,1189,0,1
XL,Sleeveless,Red,V-Neck,Loose,Solid,947,0,1
L,Sleeveless,Black,Polo,Slim,Solid,1385,8,0
L,Half,White,Round,Slim,Checked,2439,0,0
XL,Half,Red,Polo,Regular,Solid,1592,0,0
M,Full,Blue,Polo,Slim,Printed,1906,3,1
XL,Full,Green,Round,Loose,Solid,353,1,0
S,Half,Black,V-Neck,Loose,Solid,890,3,0
XL,Half,Yellow,Round,Regular,Checked,1150,1,0
XL,Full,White,V-Neck,Slim,Solid,1572,7,0
XL,Full,Yellow,V-Neck,Loose,Solid,1430,2,0
S,Half,Black,V-Neck,Regular,Solid,416,3,1
S,Sleeveless,White,V-Neck,Regular,Solid,787,3,1
M,Half,Green,V-Neck,Slim,Printed,1315,5,0
L,Half,White,Polo,Slim,Solid,471,4,0
XL,Full,Black,Round,Regular,Checked,1308,2,1
S,Sleeveless,Green,Polo,Loose,Checked,708,2,0
S,Sleeveless,White,Round,Slim,Solid,389,1,0
L,Full,Black,Round,Loose,Solid,635,2,1
M,Sleeveless,Blue,Polo,Regular,Printed,2666,0,0
XL,Half,Green,Polo,Regular,Checked,1204,2,0
M,Sleeveless,Black,V-Neck,Slim,Printed,1081,3,0
M,Full,Red,Polo,Slim,Striped,2117,5,0
S,Full,White,Mandarin,Slim,Solid,1465,2,0
XL,Full,Green,V-Neck,Slim,Solid,1940,2,0
XL,Sleeveless,White,V-Neck,Regular,Striped,1006,3,1
S,Full,Black,Polo,Regular,Solid,972,2,1
L,Full,Black,V-Neck,Loose,Solid,1823,2,1
M,Full,White,Round,Slim,Printed,3000,2,0
M,Half,Green,Polo,Slim,Printed,1408,3,0
M,Half,Red,V-Neck,Regular,Solid,709,0,1
S,Half,Red,Polo,Loose,Striped,1457,5,1
S,Full,Blue,Round,Slim,Solid,2218,1,1
L,Sleeveless,Black,Round,Regular,Solid,357,1,0
L,Full,Black,Round,Regular,Printed,404,2,1
S,Full,White,Round,Loose,Solid,1251,9,1
S,Half,Yellow,Mandarin,Regular,Printed,2485,0,0
L,Full,White,Round,Regular,Solid,897,2,1
M,Full,White,Round,Slim,Solid,1186,0,1
XL,Half,Black,V-Neck,Regular,Solid,2278,1,0
XL,Half,Green,Polo,Regular,Solid,1449,8,0
M,Sleeveless,Red,V-Neck,Loose,Solid,308,1,0
L,Half,Black,V-Neck,Regular,Striped,567,4,0
M,Sleeveless,Blue,V-Neck,Regular,Striped,1506,2,0
XL,Sleeveless,Yellow,V-Neck,Regular,Checked,1121,1,1
XL,Sleeveless,White,Polo,Regular,Solid,2715,0,1
M,Half,Black,V-Neck,Slim,Solid,1093,1,1
XL,Sleeveless,Red,V-Neck,Regular,Solid,1820,1,0
M,Half,Green,V-Neck,Loose,Striped,1071,5,0
L,Sleeveless,Blue,Polo,Slim,Solid,1119,8,1
S,Full,Black,V-Neck,Slim,Striped,1010,2,1
L,Full,White,Mandarin,Slim,Solid,1488,4,0
M,Full,Black,Mandarin,Slim,Striped,917,3,1
M,Half,Blue,Round,Loose,Checked,1348,6,1
L,Half,Green,Round,Slim,Striped,1150,2,0
S,Half,Black,Round,Regular,Checked,2083,0,1
S,Full,Red,V-Neck,Loose,Solid,760,2,1
S,Full,White,V-Neck,Loose,Solid,721,2,0
XL,Full,Yellow,Polo,Loose,Solid,2431,6,0
M,Sleeveless,Green,Round,Slim,Solid,953,1,1
S,Half,Blue,Polo,Slim,Printed,413,6,0
M,Half,Blue,Round,Loose,Solid,2626,7,0
L,Full,White,Polo,Slim,Printed,2643,3,1
M,Full,White,Round,Slim,Solid,530,0,1
L,Full,Yellow,Polo,Loose,Striped,438,0,0
M,Sleeveless,Black,Mandarin,Slim,Striped,2456,4,0
M,Sleeveless,Black,V-Neck,Slim,Checked,285,8,0
XL,Half,Yellow,V-Neck,Slim,Checked,933,2,0
M,Sleeveless,Red,Round,Slim,Striped,503,2,0
S,Full,Blue,Polo,Regular,Checked,1197,3,0
L,Sleeveless,Yellow,Round,Slim,Solid,1157,0,1
S,Half,Blue,Round,Slim,Solid,1109,2,1
M,Full,White,Round,Slim,Striped,318,1,1
S,Sleeveless,Red,Polo,Loose,Solid,818,0,0
M,Sleeveless,Yellow,V-Neck,Slim,Striped,350,2,0
M,Half,Green,Polo,Regular,Solid,501,3,0
M,Half,Blue,Round,Regular,Solid,200,3,1
M,Half,Green,Mandarin,Slim,Printed,2114,5,0
M,Half,White,Polo,Slim,Printed,1422,2,1
S,Half,Black,Round,Loose,Striped,2384,0,0
L,Full,Black,Round,Regular,Solid,1877,8,1
M,Sleeveless,Black,Round,Regular,Striped,1005,3,0
M,Half,Yellow,Round,Slim,Striped,2397,2,0
S,Sleeveless,Red,V-Neck,Loose,Printed,1193,1,1
M,Half,Black,Round,Slim,Solid,1464,5,1
XL,Half,White,V-Neck,Slim,Striped,1209,3,1
S,Sleeveless,Yellow,Mandarin,Regular,Striped,2708,5,0
XL,Sleeveless,White,V-Neck,Regular,Striped,1330,4,1
L,Full,Red,Mandarin,Regular,Solid,2057,2,0
M,Full,White,Polo,Regular,Printed,344,2,0
L,Half,Green,Round,Slim,Solid,2594,3,1
M,Full,White,Polo,Slim,Striped,262,1,1
M,Half,White,Mandarin,Slim,Solid,886,1,1
L,Half,White,Round,Slim,Printed,2062,2,1
M,Full,Red,Round,Slim,Solid,1361,2,1
XL,Sleeveless,Blue,Mandarin,Slim,Striped,1104,4,1
M,Full,Blue,V-Neck,Regular,Checked,621,1,0
M,Full,Green,Mandarin,Regular,Solid,2864,5,1
XL,Sleeveless,Blue,Round,Regular,Solid,711,1,0
L,Full,White,Mandarin,Slim,Solid,1468,3,0
M,Full,Yellow,Polo,Regular,Striped,2892,2,0
L,Half,Black,Round,Loose,Printed,491,1,1
M,Half,Red,Polo,Regular,Printed,380,1,0
M,Full,Blue,Round,Regular,Printed,1176,1,1
XL,Full,White,V-Neck,Slim,Striped,607,0,1
M,Half,Black,V-Neck,Regular,Printed,1118,2,0
L,Full,Black,Round,Regular,Solid,1868,4,0
L,Full,White,Mandarin,Loose,Checked,1336,3,0
M,Full,Green,Mandarin,Regular,Printed,407,2,1
M,Sleeveless,Black,Polo,Slim,Solid,1319,4,1
M,Sleeveless,Yellow,Mandarin,Regular,Checked,2359,6,0
S,Full,White,Mandarin,Regular,Printed,1164,0,0
M,Half,Green,V-Neck,Slim,Striped,1161,2,1
XL,Half,Yellow,Mandarin,Slim,Printed,744,3,0
S,Sleeveless,Blue,Mandarin,Regular,Striped,2228,3,0
L,Full,White,V-Neck,Regular,Solid,213,1,0
S,Half,Red,Mandarin,Regular,Checked,1915,4,0
M,Half,Red,Round,Slim,Solid,1010,1,1
L,Half,Blue,Round,Loose,Printed,265,2,0
M,Sleeveless,Red,Mandarin,Loose,Checked,931,0,1
S,Full,Blue,V-Neck,Regular,Striped,1397,2,0
M,Half,Red,Round,Regular,Solid,200,1,0
M,Full,Red,Round,Regular,Solid,1245,5,0
S,Sleeveless,Blue,Round,Slim,Striped,2716,2,1
L,Sleeveless,Blue,Mandarin,Slim,Solid,1728,7,1
XL,Half,Red,Polo,Loose,Printed,934,6,0
XL,Half,Green,Round,Loose,Checked,977,2,0
M,Full,Red,Round,Regular,Solid,776,0,1
M,Full,Green,Mandarin,Regular,Printed,513,2,0
M,Sleeveless,Green,Round,Loose,Checked,556,1,1
L,Half,Blue,Round,Slim,Solid,947,3,1
L,Half,Red,Round,Regular,Striped,612,1,0
M,Half,Black,V-Neck,Slim,Striped,375,0,1
XL,Half,Black,V-Neck,Slim,Solid,786,3,1
M,Half,Red,V-Neck,Slim,Printed,1397,2,0
M,Half,White,Polo,Regular,Printed,1438,1,1
S,Half,Green,V-Neck,Regular,Striped,1450,6,1
XL,Full,Yellow,Round,Loose,Striped,2166,10,0
S,Sleeveless,Blue,Polo,Loose,Striped,770,9,0
L,Full,Blue,Polo,Slim,Printed,959,4,0
M,Half,Black,V-Neck,Slim,Printed,692,3,0
M,Full,Yellow,V-Neck,Slim,Checked,591,0,1
XL,Sleeveless,White,V-Neck,Regular,Solid,1219,3,1
XL,Full,Black,Round,Regular,Solid,1995,0,1
M,Sleeveless,Green,Polo,Regular,Printed,837,0,0
S,Half,Green,Round,Slim,Checked,1856,7,0
L,Full,Red,Round,Slim,Printed,2077,1,0
L,Half,Blue,V-Neck,Loose,Printed,505,1,1
M,Full,Blue,V-Neck,Regular,Solid,427,1,1
M,Sleeveless,Green,Mandarin,Regular,Checked,2370,2,0
S,Half,Black,V-Neck,Loose,Printed,366,1,1
S,Half,Green,Round,Slim,Striped,785,5,1
L,Full,Yellow,V-Neck,Loose,Checked,1406,8,0
L,Half,White,Round,Loose,Solid,1999,6,0
M,Half,White,Round,Regular,Solid,2961,0,0
L,Full,Red,V-Neck,Regular,Printed,215,3,0
M,Full,Red,Round,Regular,Printed,719,0,0
XL,Full,Yellow,V-Neck,Regular,Printed,1867,0,1
S,Half,Red,V-Neck,Regular,Checked,339,1,0
S,Sleeveless,Yellow,Polo,Slim,Printed,649,8,1
S,Sleeveless,Black,Polo,Loose,Printed,1568,3,0
M,Half,White,Round,Regular,Solid,999,3,0
L,Full,White,Round,Slim,Striped,1291,2,0
M,Half,Blue,V-Neck,Regular,Printed,634,0,1
S,Full,Red,V-Neck,Regular,Printed,819,9,1
M,Sleeveless,Yellow,Round,Regular,Solid,1646,3,0
L,Full,White,Mandarin,Regular,Checked,1122,3,1
M,Half,Black,Polo,Regular,Solid,1954,1,1
M,Half,Yellow,Round,Slim,Striped,1001,7,1
S,Half,Red,Polo,Loose,Striped,481,3,0
M,Half,Yellow,Round,Loose,Printed,551,1,0
M,Full,White,Polo,Regular,Striped,798,7,0
M,Full,Black,Round,Regular,Solid,585,1,1
M,Full,Blue,V-Neck,Loose,Checked,1340,4,0
M,Half,Green,Polo,Loose,Printed,618,0,0
L,Full,White,Polo,Regular,Checked,401,1,0
M,Sleeveless,Red,V-Neck,Regular,Printed,2469,5,0
L,Half,Green,Mandarin,Loose,Solid,1389,9,0
M,Half,Green,Round,Regular,Printed,506,0,0
L,Full,Green,Round,Slim,Checked,525,8,1
L,Half,Green,Polo,Slim,Solid,253,6,0
M,Sleeveless,Green,Round,Slim,Solid,287,4,0
M,Sleeveless,Blue,Round,Regular,Checked,1390,7,0
S,Full,Green,V-Neck,Loose,Printed,1567,4,0
XL,Half,White,V-Neck,Regular,Solid,790,1,0
L,Half,White,V-Neck,Regular,Checked,742,7,0
L,Sleeveless,Black,V-Neck,Regular,Striped,370,0,0
XL,Half,Red,V-Neck,Slim,Printed,367,2,0
M,Full,White,Round,Loose,Solid,1081,0,0
XL,Sleeveless,Black,Polo,Regular,Striped,560,7,1
XL,Half,Yellow,Round,Regular,Solid,1586,3,0
S,Sleeveless,White,V-Neck,Regular,Striped,1927,0,0
M,Half,Red,Polo,Regular,Striped,1124,0,0
M,Full,Blue,Round,Loose,Striped,574,8,0
M,Full,Red,Round,Slim,Striped,224,0,0
L,Sleeveless,Green,Polo,Loose,Solid,2855,8,0
S,Half,Green,Polo,Slim,Checked,655,2,0
S,Half,White,Round,Loose,Striped,2416,4,1
S,Full,Yellow,Round,Regular,Checked,376,1,1
L,Full,White,Round,Slim,Solid,2876,4,0
M,Half,White,Round,Loose,Solid,1423,4,0
S,Full,Blue,Round,Slim,Checked,1095,4,0
XL,Full,Green,V-Neck,Loose,Solid,1156,0,0
XL,Half,Red,Round,Slim,Printed,2265,5,0
L,Half,Green,Polo,Slim,Solid,1310,6,0
M,Half,Green,V-Neck,Loose,Solid,913,0,1
S,Half,Black,Mandarin,Loose,Checked,1286,4,1
M,Half,Black,Round,Slim,Printed,2543,4,0
S,Full,Blue,Round,Regular,Solid,2299,2,1
L,Full,Green,Round,Slim,Printed,838,0,0
S,Sleeveless,Red,Polo,Regular,Striped,2791,2,0
L,Half,Black,V-Neck,Loose,Printed,2309,3,0
XL,Full,Green,Round,Slim,Checked,1019,8,0
M,Sleeveless,Red,V-Neck,Regular,Striped,906,3,0
L,Sleeveless,Green,Round,Regular,Striped,2222,0,1
M,Full,Black,Mandarin,Regular,Checked,1500,4,0
L,Full,Blue,Polo,Regular,Solid,1179,4,0
L,Half,Blue,Polo,Loose,Printed,2713,3,0
L,Half,Black,Polo,Regular,Striped,324,7,1
S,Half,Red,Round,Loose,Solid,1918,3,1
S,Sleeveless,Yellow,V-Neck,Slim,Solid,2679,9,1
L,Half,Green,V-Neck,Slim,Striped,2172,1,0
L,Full,Red,V-Neck,Regular,Checked,1697,10,0
M,Full,White,V-Neck,Slim,Printed,578,1,1
M,Sleeveless,Blue,V-Neck,Regular,Printed,323,1,0
L,Full,White,Mandarin,Slim,Striped,2975,3,0
M,Full,Yellow,Polo,Loose,Printed,2646,0,0
XL,Full,Blue,V-Neck,Regular,Solid,237,2,0
M,Full,Green,Mandarin,Loose,Striped,1860,4,0
S,Full,Red,V-Neck,Regular,Solid,224,3,0
M,Sleeveless,Green,Polo,Regular,Solid,2923,4,1
M,Full,White,Polo,Regular,Checked,1311,0,0
M,Sleeveless,Black,Polo,Regular,Striped,877,3,1
S,Half,Black,V-Neck,Loose,Striped,2397,1,1
S,Full,Blue,V-Neck,Slim,Checked,512,7,1
S,Sleeveless,White,Polo,Slim,Solid,838,2,0
L,Sleeveless,White,Polo,Loose,Solid,2042,7,1
M,Half,Black,Polo,Loose,Solid,1346,0,0
L,Half,Black,Round,Slim,Printed,902,1,0
M,Full,White,Round,Regular,Solid,1692,1,0
M,Full,Blue,Polo,Regular,Printed,1662,1,0
M,Sleeveless,White,Polo,Regular,Solid,619,3,1
XL,Half,Blue,Mandarin,Regular,Printed,2411,5,1
L,Half,White,V-Neck,Loose,Solid,200,2,0
L,Full,Red,V-Neck,Regular,Striped,2524,4,1
L,Full,Blue,Polo,Regular,Checked,1412,3,0
L,Half,Green,V-Neck,Regular,Checked,2911,7,0
L,Full,Blue,Polo,Regular,Solid,876,0,0
S,Sleeveless,Yellow,Mandarin,Slim,Solid,1258,0,0
S,Half,Red,Round,Regular,Printed,880,0,0
XL,Full,Yellow,Mandarin,Loose,Printed,679,2,0
XL,Full,Blue,Mandarin,Slim,Solid,1090,3,0
XL,Full,Green,Mandarin,Slim,Striped,628,0,0
L,Full,Green,Round,Slim,Solid,605,6,1
S,Half,Yellow,V-Neck,Slim,Solid,1150,10,1
L,Full,White,V-Neck,Regular,Printed,399,1,0
M,Full,Black,Polo,Regular,Solid,741,3,0
XL,Full,Red,Round,Regular,Printed,2235,0,1
S,Half,Green,V-Neck,Slim,Checked,1262,5,1
L,Half,Green,Polo,Regular,Solid,358,1,0
M,Full,Green,Polo,Slim,Striped,1610,2,1
M,Full,Black,Polo,Regular,Printed,798,4,0
M,Full,Green,Round,Slim,Solid,3000,1,1
XL,Half,Black,V-Neck,Regular,Solid,2121,3,1
L,Half,White,Mandarin,Slim,Solid,1052,1,0
L,Half,Blue,Polo,Regular,Striped,2457,0,1
S,Full,Yellow,Mandarin,Regular,Solid,295,3,0
L,Sleeveless,Black,Round,Slim,Printed,1098,4,1
S,Sleeveless,Black,Round,Loose,Printed,911,6,1
L,Half,Blue,Mandarin,Slim,Solid,720,1,0
L,Sleeveless,Red,Polo,Regular,Solid,2795,1,0
M,Full,Blue,Round,Regular,Printed,588,2,0
M,Half,Black,V-Neck,Slim,Solid,505,3,1
XL,Sleeveless,Red,V-Neck,Slim,Solid,472,4,0
L,Full,Black,Round,Regular,Printed,1023,2,0
L,Half,Blue,Round,Regular,Checked,1055,0,0
M,Half,Red,V-Neck,Regular,Solid,1360,5,1
L,Full,Blue,Round,Regular,Printed,2523,3,0
M,Full,Blue,Round,Loose,Striped,1128,3,1
XL,Full,White,Polo,Slim,Solid,2245,4,1
M,Sleeveless,Black,Mandarin,Slim,Solid,402,2,0
L,Full,Black,Round,Regular,Striped,1001,2,1
XL,Half,Green,Round,Loose,Checked,2691,7,1
L,Full,Black,Polo,Loose,Solid,2030,0,0
L,Half,Yellow,Round,Loose,Solid,2785,2,0
S,Half,Yellow,Round,Regular,Printed,457,4,1
L,Full,Blue,V-Neck,Slim,Printed,1456,8,0
M,Sleeveless,Yellow,Round,Slim,Checked,1558,2,0
XL,Full,Black,Round,Regular,Solid,566,0,0
L,Sleeveless,Black,V-Neck,Regular,Solid,1432,3,1
XL,Full,Red,Round,Regular,Checked,534,3,0
XL,Sleeveless,White,Polo,Slim,Solid,1012,3,0
XL,Half,Blue,V-Neck,Loose,Printed,1649,4,0
S,Half,Blue,Round,Regular,Solid,2928,1,0
L,Half,Red,Polo,Loose,Solid,2400,5,1
L,Half,Blue,V-Neck,Regular,Checked,1926,6,0
S,Half,Blue,V-Neck,Slim,Solid,676,4,0
M,Half,Yellow,Polo,Slim,Solid,578,1,1
M,Full,Blue,Mandarin,Loose,Printed,1912,8,0
S,Sleeveless,White,Mandarin,Slim,Printed,1819,2,0
S,Full,Red,Round,Regular,Printed,200,3,0
M,Half,White,Round,Slim,Printed,304,1,0
XL,Sleeveless,Red,V-Neck,Slim,Checked,288,5,0
M,Full,Red,Polo,Regular,Printed,424,3,1
S,Full,Yellow,Polo,Slim,Striped,2068,2,0
M,Sleeveless,Black,Mandarin,Slim,Striped,448,3,0
M,Sleeveless,Black,Round,Loose,Printed,2272,2,0
M,Half,Green,Polo,Regular,Striped,1262,4,0
L,Full,Green,Round,Regular,Printed,1774,5,0
S,Full,Green,V-Neck,Loose,Solid,1221,3,1
L,Full,Blue,Polo,Slim,Printed,2006,8,1
S,Sleeveless,White,Mandarin,Regular,Solid,211,2,0
L,Full,Yellow,Round,Regular,Solid,460,2,0
XL,Half,Black,V-Neck,Slim,Solid,2628,1,1
XL,Sleeveless,Yellow,Polo,Loose,Solid,750,2,0
L,Half,Yellow,Mandarin,Regular,Striped,200,1,0
L,Sleeveless,Blue,Round,Loose,Checked,671,1,0
S,Full,Yellow,Polo,Regular,Solid,1730,1,0
XL,Sleeveless,Blue,V-Neck,Slim,Solid,993,9,0
M,Full,Red,Mandarin,Loose,Printed,564,2,0
M,Full,Black,Mandarin,Regular,Striped,1909,1,0
M,Half,Blue,V-Neck,Regular,Printed,808,6,1
L,Sleeveless,Black,Round,Regular,Striped,1989,1,0
M,Sleeveless,Green,V-Neck,Loose,Printed,695,0,0
S,Full,Blue,Round,Regular,Solid,1824,2,0
S,Half,White,Round,Slim,Solid,1012,3,0
M,Half,White,V-Neck,Regular,Printed,1938,0,1
M,Full,Blue,Round,Regular,Solid,293,4,0
M,Half,Green,Polo,Slim,Checked,1400,1,0
L,Sleeveless,Blue,Polo,Slim,Solid,1122,4,1
XL,Sleeveless,Blue,V-Neck,Slim,Checked,1049,8,0
M,Half,Green,V-Neck,Regular,Striped,630,2,0
M,Half,Black,Round,Loose,Striped,534,2,1
M,Half,Black,Polo,Slim,Striped,1459,3,1
XL,Sleeveless,Red,V-Neck,Regular,Printed,2718,1,0
L,Full,Blue,Polo,Regular,Checked,2862,6,0
M,Half,Red,V-Neck,Regular,Solid,2615,2,1
XL,Full,Yellow,V-Neck,Slim,Printed,2158,1,0
M,Full,Red,Polo,Regular,Solid,1954,1,1
L,Half,Green,V-Neck,Slim,Striped,2319,0,0
M,Half,Red,Polo,Regular,Solid,784,2,1
M,Half,White,Round,Loose,Checked,450,1,0
S,Half,Black,V-Neck,Loose,Checked,2022,2,0
XL,Half,Black,Polo,Regular,Solid,1528,8,0
L,Full,Black,Polo,Regular,Striped,687,2,1
L,Full,Yellow,Round,Slim,Printed,2345,6,1
L,Sleeveless,Black,Round,Regular,Printed,390,2,0
L,Full,Black,V-Neck,Slim,Solid,1509,4,0
M,Sleeveless,White,V-Neck,Regular,Printed,1327,2,0
L,Full,Yellow,Mandarin,Regular,Striped,1825,2,1
L,Half,Green,Round,Regular,Solid,2372,9,1
S,Half,Green,Mandarin,Regular,Checked,2020,5,0
S,Half,Yellow,Round,Slim,Solid,2779,3,1
XL,Sleeveless,Green,Polo,Slim,Solid,625,0,0
S,Half,Green,Mandarin,Regular,Printed,1327,3,0
S,Half,Red,Mandarin,Loose,Printed,857,3,0
XL,Sleeveless,Red,Mandarin,Loose,Solid,2350,1,0
M,Sleeveless,Blue,Round,Slim,Printed,2253,6,0
XL,Half,Red,Polo,Slim,Solid,2416,1,1
S,Full,Black,Round,Slim,Solid,1492,1,0
XL,Full,Blue,Round,Slim,Checked,2199,1,0
S,Sleeveless,White,Polo,Slim,Striped,1891,4,0
M,Full,Black,Mandarin,Slim,Solid,2281,3,1
M,Full,Black,V-Neck,Slim,Checked,1026,3,1
S,Half,Blue,Round,Loose,Checked,2462,3,1
M,Full,White,Mandarin,Loose,Checked,1377,7,0
M,Half,Green,Polo,Slim,Striped,2044,1,1
M,Full,Blue,V-Neck,Regular,Checked,1112,2,1
M,Half,Yellow,Round,Loose,Checked,831,2,0
S,Sleeveless,Black,Round,Regular,Striped,690,4,0
L,Half,Blue,Polo,Slim,Solid,1716,1,0
S,Half,Yellow,Mandarin,Loose,Striped,1077,10,0
L,Sleeveless,White,Polo,Loose,Solid,2233,5,0
L,Half,Green,Mandarin,Regular,Checked,2556,6,0
S,Sleeveless,Black,V-Neck,Regular,Solid,3000,3,0
XL,Half,Black,Round,Loose,Solid,500,2,0
M,Half,Red,Mandarin,Regular,Striped,491,2,0
S,Full,Blue,V-Neck,Regular,Checked,1674,0,0
S,Full,Green,V-Neck,Loose,Solid,726,1,0
XL,Sleeveless,Black,Round,Slim,Printed,2984,4,1
M,Half,Green,V-Neck,Regular,Printed,832,1,1
L,Half,Green,Mandarin,Slim,Solid,2931,6,1
L,Half,Red,V-Neck,Loose,Solid,2351,5,1
L,Full,Green,Round,Loose,Striped,200,1,1
XL,Full,Black,V-Neck,Loose,Striped,1240,4,0
L,Sleeveless,Green,V-Neck,Slim,Checked,1118,4,0
S,Half,Green,Polo,Loose,Checked,1961,2,0
M,Full,Green,Polo,Slim,Checked,446,0,0
M,Half,Blue,Mandarin,Regular,Striped,615,4,1
L,Half,Red,V-Neck,Regular,Checked,1933,0,0
M,Half,Red,V-Neck,Regular,Solid,751,3,0
L,Full,Black,Polo,Regular,Printed,259,1,0
M,Sleeveless,White,Mandarin,Loose,Printed,1046,2,1
S,Full,Green,V-Neck,Regular,Solid,362,0,0
M,Sleeveless,Blue,V-Neck,Loose,Solid,462,1,0
XL,Half,Black,Round,Slim,Printed,1543,4,0
M,Half,Blue,Polo,Slim,Checked,1280,1,1
S,Half,Red,Polo,Regular,Printed,1254,0,0
S,Full,Green,Mandarin,Slim,Striped,1455,3,0
XL,Full,Black,Round,Regular,Printed,459,9,0
M,Sleeveless,Black,Round,Slim,Checked,259,1,0
M,Half,Blue,Round,Loose,Striped,1504,1,0
M,Sleeveless,Yellow,Mandarin,Loose,Checked,747,2,0
L,Half,Black,V-Neck,Slim,Solid,1027,0,1
S,Half,Red,Round,Slim,Printed,473,2,1
L,Sleeveless,Black,V-Neck,Slim,Striped,695,2,0
M,Half,White,Round,Regular,Striped,557,3,1
M,Half,Red,Polo,Regular,Solid,1104,4,1
L,Half,Green,Mandarin,Loose,Solid,2835,1,0
M,Sleeveless,Black,Round,Regular,Printed,557,0,0
S,Half,Blue,V-Neck,Slim,Solid,1739,2,0
XL,Half,White,V-Neck,Slim,Printed,1552,3,0
M,Full,Blue,Round,Regular,Solid,1096,2,1
S,Full,Black,Round,Loose,Solid,1832,3,1
XL,Sleeveless,Blue,Round,Regular,Checked,1370,1,0
S,Full,Red,Polo,Regular,Checked,667,1,1
S,Full,Blue,Round,Loose,Solid,1711,6,1
XL,Sleeveless,Green,Polo,Regular,Checked,1605,3,0
M,Sleeveless,Green,Polo,Regular,Printed,1830,5,0
XL,Full,Red,Polo,Slim,Striped,1961,4,0
XL,Full,White,V-Neck,Loose,Printed,1161,1,0
L,Full,Yellow,Round,Slim,Striped,514,3,0
L,Full,White,V-Neck,Regular,Checked,3000,3,0
M,Sleeveless,Black,Mandarin,Loose,Striped,796,3,0
L,Half,Black,V-Neck,Regular,Checked,790,3,0
L,Full,Black,Round,Regular,Striped,200,3,1
M,Sleeveless,Green,Polo,Regular,Printed,1551,3,0
L,Half,Yellow,Mandarin,Regular,Solid,1869,1,0
L,Half,Green,Mandarin,Slim,Printed,1862,6,0
S,Half,Black,Mandarin,Loose,Solid,1239,3,1
M,Half,Blue,Mandarin,Loose,Printed,879,3,0
S,Half,Black,Polo,Slim,Solid,1472,8,1
M,Sleeveless,Blue,V-Neck,Slim,Printed,512,3,0
L,Full,Blue,Polo,Loose,Printed,1241,3,0
M,Half,Black,Mandarin,Slim,Checked,1798,1,0
M,Half,White,Polo,Loose,Checked,2188,8,0
M,Full,Blue,Polo,Slim,Striped,1398,4,1
S,Sleeveless,Blue,Polo,Slim,Printed,421,7,0
L,Full,Blue,Round,Slim,Striped,1323,3,0
M,Half,White,Polo,Regular,Striped,564,5,0
XL,Half,Black,Mandarin,Slim,Printed,2786,2,1
XL,Full,Blue,Polo,Regular,Printed,885,0,0
L,Full,White,Round,Regular,Printed,633,2,0
L,Half,Black,Round,Slim,Striped,2287,0,1
M,Full,Yellow,Round,Regular,Striped,2199,5,0
XL,Full,Green,Round,Slim,Solid,438,1,0
M,Half,Black,Round,Loose,Solid,637,3,1
L,Half,Red,Mandarin,Slim,Solid,932,3,1
S,Full,Blue,Round,Loose,Striped,1914,7,0
XL,Sleeveless,White,Polo,Loose,Solid,2781,1,0
M,Full,White,Round,Regular,Striped,1377,4,1
L,Half,Black,Round,Regular,Solid,1148,2,1
L,Sleeveless,Black,V-Neck,Regular,Striped,953,2,1
L,Full,Yellow,V-Neck,Regular,Striped,2508,8,0
XL,Half,Blue,V-Neck,Slim,Solid,2209,8,1
XL,Half,Blue,Polo,Slim,Printed,379,9,0
S,Full,Blue,Polo,Regular,Printed,2556,0,0
S,Sleeveless,Blue,Round,Regular,Striped,2307,0,1
L,Half,Blue,Round,Slim,Printed,2882,7,0
M,Sleeveless,White,Polo,Slim,Striped,218,6,1
L,Half,White,Round,Regular,Printed,2443,7,1
M,Half,Black,Polo,Slim,Solid,2342,1,0
XL,Sleeveless,Red,V-Neck,Loose,Striped,1154,0,0
M,Sleeveless,Black,V-Neck,Regular,Striped,2843,2,0
L,Full,Black,Round,Slim,Solid,1567,2,1
L,Sleeveless,Yellow,Mandarin,Regular,Solid,2552,6,0
XL,Full,Blue,V-Neck,Regular,Striped,1145,2,1
M,Full,Black,Mandarin,Regular,Solid,3000,3,0
S,Half,White,Round,Regular,Striped,2035,0,1
XL,Half,White,V-Neck,Slim,Solid,748,5,1
M,Half,Yellow,V-Neck,Regular,Checked,1482,1,1
L,Half,Green,Round,Slim,Printed,527,0,0
L,Full,Black,Polo,Loose,Solid,781,6,0
S,Sleeveless,Black,Round,Regular,Solid,1160,0,0
M,Half,Black,Round,Regular,Solid,2908,3,0
L,Half,Green,Round,Regular,Printed,956,3,0
XL,Full,Blue,V-Neck,Slim,Printed,2128,3,1
S,Sleeveless,Black,V-Neck,Slim,Striped,2519,1,0
L,Sleeveless,Blue,V-Neck,Regular,Striped,1147,4,1
L,Full,Red,V-Neck,Loose,Striped,1670,3,1
M,Half,Green,Mandarin,Slim,Solid,3000,2,0
L,Half,Black,Round,Regular,Solid,1112,3,1
L,Half,Yellow,Mandarin,Slim,Solid,1108,2,1
S,Sleeveless,Yellow,Mandarin,Loose,Printed,2132,5,0
S,Half,Green,Mandarin,Slim,Checked,1735,3,1
S,Half,White,Round,Slim,Checked,914,2,0
M,Full,Red,Round,Slim,Striped,2086,5,0
L,Full,Black,V-Neck,Slim,Printed,2731,5,1
L,Half,Red,V-Neck,Slim,Striped,2081,2,0
L,Full,Red,Polo,Slim,Printed,373,2,0
M,Full,White,Round,Regular,Checked,1906,3,0
L,Full,Black,V-Neck,Regular,Solid,675,5,1
S,Half,Red,Mandarin,Loose,Striped,460,0,0
M,Half,Red,Round,Slim,Solid,590,1,1
L,Full,Black,Round,Regular,Checked,1021,3,0
S,Sleeveless,Black,Round,Regular,Solid,557,0,0
L,Full,Red,Polo,Slim,Solid,1147,4,1
XL,Full,Red,V-Neck,Loose,Striped,1239,0,0
L,Half,Black,Mandarin,Slim,Striped,522,3,0
XL,Half,Blue,Polo,Slim,Striped,413,1,0
S,Half,Black,Round,Regular,Striped,1891,2,1
L,Half,Yellow,Polo,Regular,Striped,2834,3,0
L,Half,Blue,V-Neck,Loose,Striped,563,3,0
XL,Sleeveless,Black,Mandarin,Regular,Solid,356,8,0
L,Full,Red,Round,Loose,Checked,441,0,0
L,Sleeveless,Black,Polo,Slim,Solid,2113,2,0
S,Full,Blue,Round,Regular,Solid,2396,2,0
L,Full,Black,V-Neck,Slim,Checked,1729,5,0
M,Half,Yellow,Round,Regular,Solid,670,1,1
M,Full,Black,V-Neck,Slim,Checked,1312,1,0
M,Half,Blue,Round,Regular,Striped,1159,2,1
XL,Half,Black,Polo,Slim,Solid,958,1,0
S,Full,Red,Round,Slim,Solid,1579,2,0
L,Half,Black,Polo,Slim,Solid,2412,0,0
L,Full,Yellow,Round,Slim,Checked,3000,1,0
S,Sleeveless,Red,Mandarin,Slim,Solid,2952,5,0
L,Sleeveless,Green,V-Neck,Slim,Checked,1226,3,0
M,Half,Blue,Mandarin,Regular,Checked,476,3,1
XL,Half,Red,Mandarin,Regular,Printed,1055,3,0
S,Half,Black,Round,Loose,Printed,918,2,0
S,Half,Yellow,Polo,Regular,Checked,280,7,0
XL,Half,Blue,Mandarin,Slim,Printed,3000,1,0
M,Full,Black,Mandarin,Slim,Striped,905,3,1
S,Sleeveless,Black,Round,Regular,Printed,1429,4,0
L,Half,Green,V-Neck,Regular,Printed,987,3,1
L,Full,Red,V-Neck,Regular,Checked,2555,0,0
S,Full,Yellow,V-Neck,Slim,Checked,998,1,0
M,Half,Blue,Round,Slim,Striped,200,1,0
L,Sleeveless,Black,V-Neck,Slim,Solid,529,4,0
XL,Sleeveless,Blue,Polo,Slim,Solid,356,4,1
S,Full,Red,Mandarin,Loose,Striped,649,0,0
XL,Sleeveless,Red,Round,Regular,Checked,453,0,0
S,Half,Red,Mandarin,Loose,Checked,1752,2,1
L,Sleeveless,Black,Polo,Regular,Solid,539,1,0
L,Sleeveless,Black,Round,Slim,Solid,843,3,1
M,Sleeveless,Yellow,Mandarin,Regular,Striped,1304,2,0
S,Full,Green,Round,Slim,Striped,716,1,1
L,Full,Red,Polo,Regular,Solid,794,8,1
L,Full,Black,V-Neck,Loose,Printed,365,0,1
XL,Full,Red,Mandarin,Loose,Striped,1560,1,1
S,Sleeveless,Red,Mandarin,Slim,Printed,2740,2,1
XL,Sleeveless,White,Polo,Slim,Solid,441,0,1
S,Full,Black,Mandarin,Loose,Striped,326,1,0
M,Full,Red,Polo,Loose,Striped,2477,4,0
XL,Sleeveless,Black,V-Neck,Slim,Solid,2455,2,1
S,Half,Green,V-Neck,Regular,Solid,920,0,0
S,Full,Blue,Polo,Slim,Printed,1179,6,1
S,Full,Black,Mandarin,Slim,Printed,1190,0,1
L,Full,Black,Round,Slim,Printed,1793,4,1
M,Half,Black,Round,Loose,Striped,1163,1,0
S,Full,Blue,V-Neck,Slim,Printed,2792,5,0
S,Half,Blue,V-Neck,Loose,Striped,1413,3,0
S,Sleeveless,Black,V-Neck,Slim,Printed,611,5,1
M,Half,Green,Round,Regular,Solid,1416,0,1
S,Half,White,Polo,Regular,Solid,2099,2,1
M,Full,Green,Mandarin,Slim,Solid,2541,3,0
M,Full,Blue,Round,Loose,Solid,1337,2,1
S,Full,Yellow,Round,Slim,Checked,2824,1,0
S,Sleeveless,Blue,Round,Regular,Solid,752,2,1
S,Full,Black,V-Neck,Regular,Checked,337,5,0
XL,Sleeveless,Blue,Mandarin,Loose,Solid,686,2,1
M,Half,Blue,Round,Slim,Striped,1260,3,0
S,Sleeveless,Green,Mandarin,Loose,Printed,2390,4,0
S,Full,Blue,V-Neck,Loose,Solid,2669,2,0
M,Half,Green,V-Neck,Slim,Printed,814,5,1
M,Sleeveless,Black,Round,Regular,Printed,841,2,1
L,Full,White,Round,Loose,Checked,1987,1,1
M,Full,White,Round,Slim,Solid,527,1,0
S,Full,White,V-Neck,Loose,Printed,1297,4,0
S,Full,Red,Round,Regular,Striped,1374,2,0
L,Sleeveless,Yellow,V-Neck,Slim,Solid,1606,3,0
M,Sleeveless,Green,V-Neck,Loose,Solid,1750,2,0
L,Full,Blue,Polo,Slim,Striped,417,0,1
L,Full,Blue,Round,Slim,Checked,329,3,0
S,Half,White,V-Neck,Loose,Solid,808,2,0
L,Full,Blue,Round,Loose,Solid,1449,8,0
M,Half,Red,Round,Regular,Striped,1120,2,1
L,Full,Blue,Round,Slim,Checked,2480,1,1
S,Full,Red,Mandarin,Regular,Striped,2190,7,1
S,Full,Red,Polo,Loose,Solid,655,9,1
M,Full,Red,V-Neck,Regular,Solid,918,3,0
L,Full,Blue,Mandarin,Regular,Checked,476,7,0
XL,Full,Green,Mandarin,Loose,Solid,892,0,0
M,Full,Green,Round,Slim,Checked,1311,1,1
M,Half,Blue,Round,Regular,Printed,465,4,1
S,Half,Yellow,Polo,Slim,Solid,2214,0,1
XL,Sleeveless,Yellow,Round,Slim,Solid,942,9,0
XL,Half,Black,V-Neck,Regular,Striped,962,3,0
M,Half,Black,Round,Regular,Striped,2531,4,0
XL,Half,White,V-Neck,Regular,Solid,1163,4,1
S,Half,Red,Polo,Loose,Solid,1762,8,1
M,Full,Red,Round,Regular,Printed,379,1,0
XL,Full,Blue,Mandarin,Regular,Checked,1188,3,0
S,Full,Yellow,Mandarin,Regular,Solid,1765,2,0
L,Sleeveless,White,Polo,Regular,Striped,2241,7,0
M,Full,Yellow,V-Neck,Loose,Printed,2554,3,0
S,Full,Blue,V-Neck,Regular,Printed,2028,8,1
L,Full,Yellow,Round,Regular,Striped,587,3,1
L,Sleeveless,White,Round,Slim,Printed,500,1,0
L,Full,Yellow,Round,Loose,Checked,813,2,0
S,Full,Black,Polo,Loose,Solid,2031,0,0
S,Full,Blue,Mandarin,Regular,Printed,1176,1,0
L,Half,Red,V-Neck,Regular,Solid,1500,3,1
M,Half,Red,Round,Slim,Printed,2439,0,0
L,Sleeveless,White,V-Neck,Loose,Printed,531,2,0
S,Full,Green,Round,Loose,Printed,1307,0,0
S,Half,Blue,Polo,Slim,Striped,1064,2,0
S,Half,Black,Polo,Slim,Checked,775,0,1
L,Sleeveless,White,Polo,Regular,Printed,715,2,0
M,Half,Red,Polo,Loose,Checked,3000,1,0
M,Full,Blue,Mandarin,Regular,Printed,526,7,0
M,Sleeveless,Black,Round,Slim,Solid,239,0,0
L,Half,Black,Round,Slim,Solid,1940,8,1
S,Half,White,Polo,Regular,Printed,2412,3,1
M,Half,Yellow,Polo,Regular,Printed,2362,5,0
L,Full,Black,Round,Loose,Solid,2019,4,0
L,Full,Black,V-Neck,Regular,Solid,951,2,0
S,Sleeveless,White,V-Neck,Slim,Checked,2114,1,0
L,Full,White,Mandarin,Regular,Solid,2027,1,0
M,Half,Yellow,V-Neck,Regular,Striped,1789,5,0
L,Full,Blue,Round,Slim,Checked,1108,0,0
XL,Full,Blue,Round,Regular,Solid,2959,0,1
M,Full,Blue,V-Neck,Regular,Solid,681,2,0
L,Full,White,V-Neck,Regular,Checked,1046,4,1
S,Half,Green,V-Neck,Loose,Striped,1438,9,1
XL,Sleeveless,Yellow,Polo,Regular,Solid,1805,2,1
M,Full,Black,Round,Slim,Solid,882,2,1
M,Full,Black,Polo,Slim,Solid,2431,3,0
M,Full,Blue,Round,Regular,Printed,2916,7,0
L,Half,Blue,Polo,Loose,Striped,1101,3,1
L,Sleeveless,Red,Round,Regular,Checked,392,2,0
L,Full,White,Polo,Slim,Printed,1381,3,0
M,Sleeveless,Blue,Round,Loose,Solid,1404,2,0
L,Sleeveless,Yellow,Polo,Loose,Solid,2008,0,0
M,Full,Red,Mandarin,Regular,Printed,603,1,0
M,Full,Red,V-Neck,Loose,Solid,1219,7,1
M,Half,Black,Round,Regular,Solid,569,9,0
L,Sleeveless,Black,Polo,Slim,Printed,1651,6,1
S,Half,Blue,V-Neck,Slim,Printed,557,2,0
M,Half,Blue,V-Neck,Regular,Solid,1398,8,0
M,Half,Red,Mandarin,Slim,Printed,2181,2,0
S,Sleeveless,Yellow,Polo,Regular,Striped,1981,7,1
S,Full,Yellow,Mandarin,Regular,Solid,1061,1,0
S,Full,Yellow,V-Neck,Regular,Striped,1572,3,0
XL,Full,Blue,Polo,Regular,Printed,253,2,0
L,Full,Blue,Round,Regular,Striped,938,3,1
S,Sleeveless,Red,V-Neck,Regular,Checked,2875,1,1
M,Sleeveless,Yellow,Polo,Loose,Solid,1421,3,0
M,Full,Green,Mandarin,Regular,Solid,1420,2,0
L,Half,Green,Round,Slim,Checked,884,0,1
L,Half,Black,Polo,Slim,Striped,749,5,1
L,Full,Black,Round,Regular,Printed,2682,5,0
S,Half,White,Round,Regular,Printed,964,4,0
S,Full,Yellow,Polo,Regular,Solid,1564,9,0
M,Sleeveless,Black,Round,Regular,Printed,1763,1,0
L,Full,Black,Polo,Regular,Solid,1734,3,1
XL,Half,Yellow,Round,Loose,Solid,2251,9,0
S,Half,Green,V-Neck,Slim,Printed,802,3,1
XL,Half,Green,Mandarin,Slim,Striped,649,6,1
L,Sleeveless,Black,Polo,Regular,Solid,1074,0,1
M,Full,Blue,V-Neck,Regular,Printed,1055,2,1
S,Half,White,Round,Regular,Checked,320,1,0
M,Half,Blue,Round,Slim,Solid,539,1,0
L,Sleeveless,Blue,Polo,Regular,Solid,2660,1,0
M,Full,Red,Polo,Loose,Solid,1492,4,1
M,Full,Red,Mandarin,Regular,Solid,1083,3,0
S,Sleeveless,Black,Polo,Regular,Printed,1603,8,0
M,Half,Green,Polo,Loose,Printed,1934,8,0
XL,Full,Black,Mandarin,Slim,Striped,1020,0,0
XL,Full,Black,Mandarin,Loose,Checked,2241,0,0
M,Sleeveless,Black,Polo,Slim,Striped,558,3,0
L,Full,White,Round,Regular,Printed,362,4,0
L,Full,Yellow,Mandarin,Loose,Solid,1348,2,0
L,Sleeveless,Blue,Mandarin,Regular,Solid,985,5,1
XL,Sleeveless,Red,V-Neck,Regular,Printed,588,3,0
S,Half,White,Round,Loose,Solid,1116,6,1
M,Full,Red,V-Neck,Loose,Striped,476,2,1
S,Sleeveless,Green,V-Neck,Slim,Solid,1031,1,0
L,Sleeveless,Green,Mandarin,Regular,Striped,2888,3,0
S,Full,Black,Polo,Slim,Checked,1059,3,1
S,Half,White,Polo,Regular,Striped,1132,4,0
XL,Sleeveless,Blue,Round,Slim,Solid,548,2,0
M,Half,Green,Mandarin,Loose,Solid,539,4,1
M,Sleeveless,Green,Polo,Slim,Checked,2006,0,1
M,Half,Green,V-Neck,Slim,Solid,2490,6,0
M,Half,Blue,Polo,Slim,Striped,1843,1,0
S,Half,Red,V-Neck,Loose,Striped,848,3,0
M,Full,Red,V-Neck,Regular,Printed,1566,1,1
S,Full,Black,V-Neck,Loose,Striped,675,0,0
L,Sleeveless,Black,Round,Regular,Checked,2086,6,0
M,Sleeveless,Green,Polo,Slim,Solid,2524,3,0
XL,Half,Blue,V-Neck,Regular,Solid,821,1,0
M,Sleeveless,Blue,V-Neck,Regular,Printed,1667,4,0
L,Full,White,Round,Loose,Striped,2210,2,0
XL,Full,White,V-Neck,Slim,Solid,637,3,0
S,Half,Red,Round,Slim,Solid,1040,1,1
M,Half,Red,Mandarin,Regular,Striped,524,0,0
L,Half,White,Mandarin,Slim,Printed,1195,2,0
S,Full,Black,V-Neck,Slim,Printed,220,1,0
L,Half,White,Mandarin,Regular,Checked,3000,1,1
M,Half,Black,Polo,Slim,Striped,1328,3,0
XL,Sleeveless,White,Polo,Regular,Checked,1450,10,0
L,Sleeveless,Black,Round,Regular,Printed,892,2,0
XL,Full,Red,Polo,Loose,Striped,618,5,0
L,Full,Red,Polo,Slim,Checked,2541,4,1
L,Sleeveless,Red,Polo,Slim,Solid,1781,5,1
S,Half,Black,Polo,Regular,Solid,811,1,0
M,Full,Green,Mandarin,Loose,Striped,710,1,0
L,Half,Red,V-Neck,Slim,Checked,200,3,1
XL,Full,Yellow,Round,Loose,Printed,1747,0,0
L,Full,Green,Round,Slim,Solid,986,3,0
S,Full,White,Mandarin,Loose,Checked,1766,6,1
S,Full,Green,Round,Loose,Solid,1031,4,0
M,Full,Blue,Mandarin,Loose,Solid,2771,2,0
XL,Half,Blue,Round,Loose,Solid,358,3,0
M,Full,Yellow,Round,Loose,Printed,1249,4,1
S,Full,Blue,Round,Regular,Solid,1605,3,1
XL,Full,Black,V-Neck,Loose,Striped,1108,1,1
L,Sleeveless,Blue,Polo,Regular,Checked,2632,6,0
M,Full,Red,Round,Regular,Checked,1677,2,1
L,Sleeveless,Yellow,V-Neck,Regular,Solid,718,2,1
XL,Sleeveless,White,Polo,Loose,Striped,589,2,1
L,Half,Black,Polo,Regular,Solid,1863,0,0
L,Sleeveless,Red,Polo,Regular,Striped,2105,8,0
XL,Half,White,V-Neck,Regular,Solid,2477,1,0
S,Half,Yellow,Polo,Slim,Checked,638,2,1
XL,Half,Green,Mandarin,Regular,Striped,1456,1,0
M,Full,Red,Polo,Loose,Solid,2189,4,1
XL,Sleeveless,Black,Round,Slim,Printed,1258,2,1
XL,Half,Red,V-Neck,Slim,Printed,441,3,1
M,Full,Yellow,Round,Loose,Solid,918,1,0
M,Half,Blue,Polo,Slim,Printed,2093,6,0
M,Sleeveless,Black,V-Neck,Regular,Solid,728,3,0
S,Full,White,Polo,Loose,Solid,1776,4,1
M,Full,Black,Polo,Slim,Printed,898,1,1
L,Full,Green,Mandarin,Regular,Solid,1652,4,0
S,Sleeveless,Blue,V-Neck,Loose,Printed,876,0,1
L,Full,Green,Polo,Loose,Printed,869,2,1
M,Full,Yellow,Polo,Loose,Striped,2999,3,1
S,Sleeveless,Green,Round,Regular,Solid,739,6,0
M,Full,Red,Round,Regular,Printed,1384,1,1
M,Half,Blue,Mandarin,Regular,Solid,1285,2,0
M,Full,Blue,Round,Regular,Checked,1470,1,1
L,Full,White,Mandarin,Slim,Solid,1051,0,1
XL,Full,Red,Mandarin,Slim,Striped,1479,8,1
M,Sleeveless,White,Round,Slim,Printed,2791,6,0
L,Half,White,Polo,Loose,Solid,1227,3,1
L,Full,White,V-Neck,Slim,Solid,3000,1,0
M,Sleeveless,Black,Round,Regular,Solid,872,1,1
L,Half,Blue,Round,Loose,Printed,2895,8,0
L,Full,White,Polo,Regular,Checked,1297,3,0
XL,Half,Blue,Round,Slim,Striped,632,1,1
L,Sleeveless,Blue,Polo,Loose,Solid,1665,2,0
M,Sleeveless,White,Round,Slim,Solid,641,4,0
M,Full,Black,V-Neck,Regular,Solid,1179,5,1
S,Half,Blue,Round,Slim,Striped,359,3,0
L,Half,White,V-Neck,Slim,Checked,1256,2,0
L,Full,Blue,Polo,Slim,Solid,622,1,1
M,Sleeveless,Blue,Mandarin,Slim,Solid,638,0,1
XL,Full,Blue,V-Neck,Loose,Checked,883,0,0
M,Full,Red,V-Neck,Regular,Striped,865,1,0
L,Half,Green,V-Neck,Regular,Printed,2918,0,0
S,Half,Blue,Mandarin,Slim,Solid,749,1,1
S,Full,Red,Round,Slim,Printed,2720,2,0
M,Sleeveless,Black,Mandarin,Regular,Checked,1539,1,1
M,Half,Yellow,Polo,Regular,Striped,1087,0,1
L,Full,Yellow,Polo,Regular,Solid,451,5,1
L,Full,White,Round,Regular,Striped,781,10,0
L,Half,Red,V-Neck,Regular,Striped,2684,1,0
M,Half,Black,Round,Loose,Striped,1349,8,0
S,Half,Yellow,Polo,Regular,Checked,1017,5,0
XL,Half,Red,Round,Slim,Solid,1372,4,1
L,Half,Green,Round,Loose,Checked,1102,2,0
L,Full,White,Round,Slim,Striped,474,3,0
L,Full,Black,Polo,Loose,Printed,1376,2,1
L,Full,White,Polo,Loose,Solid,295,3,0
L,Half,White,Round,Loose,Solid,1289,1,0
XL,Half,White,V-Neck,Regular,Printed,1866,0,1
L,Half,White,Mandarin,Loose,Printed,1926,4,0
L,Half,White,Round,Regular,Checked,1358,2,0
L,Half,Blue,Mandarin,Slim,Solid,853,0,0
L,Full,Black,V-Neck,Slim,Printed,2354,3,0
M,Sleeveless,Blue,Round,Regular,Printed,1158,6,0
S,Half,Black,Round,Slim,Solid,1345,0,1
M,Full,White,Polo,Regular,Solid,1746,0,0
L,Half,White,V-Neck,Regular,Solid,3000,3,0
XL,Sleeveless,Yellow,Polo,Slim,Checked,2284,5,1
M,Half,Black,Polo,Regular,Printed,1406,8,1
M,Full,Red,Mandarin,Loose,Solid,1088,3,0
L,Full,Green,Polo,Slim,Striped,1063,3,0
XL,Full,Green,Polo,Loose,Checked,1718,2,0
L,Half,Red,Polo,Regular,Striped,343,0,0
S,Sleeveless,Red,V-Neck,Regular,Solid,463,2,1
L,Half,Black,Polo,Regular,Printed,2273,7,1
M,Sleeveless,Red,V-Neck,Regular,Solid,1918,1,1
L,Half,Blue,Mandarin,Regular,Solid,1063,0,0
L,Sleeveless,Green,Polo,Regular,Checked,388,7,1
L,Sleeveless,White,Round,Slim,Printed,647,3,0
S,Full,Black,Mandarin,Regular,Solid,619,0,1
L,Sleeveless,Green,Mandarin,Slim,Striped,521,2,1
S,Half,Blue,Round,Regular,Solid,715,0,0
XL,Half,White,Polo,Regular,Checked,2099,1,0
M,Sleeveless,Yellow,Polo,Regular,Striped,200,3,1
S,Sleeveless,Yellow,Mandarin,Slim,Solid,565,1,0
M,Sleeveless,White,Round,Regular,Checked,510,3,0
L,Half,White,Mandarin,Slim,Solid,662,3,1
S,Half,Red,Mandarin,Regular,Printed,2653,5,0
L,Sleeveless,Blue,Mandarin,Loose,Solid,3000,2,0
L,Sleeveless,Black,Mandarin,Regular,Checked,377,2,1
L,Full,Red,Polo,Slim,Checked,2697,5,0
M,Full,Yellow,Round,Regular,Striped,372,4,1
M,Half,White,Polo,Slim,Striped,721,7,1
XL,Half,Black,V-Neck,Loose,Printed,250,1,0
S,Sleeveless,Red,Round,Regular,Checked,1841,5,1
L,Half,White,Round,Loose,Solid,2577,3,0
S,Full,Blue,Polo,Loose,Solid,506,3,0
M,Full,Green,Round,Loose,Solid,1702,2,0
S,Sleeveless,White,Mandarin,Loose,Checked,2906,3,1
M,Sleeveless,Black,Round,Regular,Solid,384,2,0
M,Half,Blue,V-Neck,Loose,Printed,2549,8,1
S,Half,Blue,V-Neck,Regular,Striped,1851,4,0
M,Sleeveless,Blue,Round,Slim,Solid,1233,0,1
S,Full,Blue,V-Neck,Regular,Printed,222,6,1
S,Full,Red,V-Neck,Slim,Checked,339,0,1
M,Half,White,Polo,Slim,Printed,1657,8,0
L,Full,Black,Round,Slim,Solid,1699,3,1
M,Full,Yellow,V-Neck,Regular,Striped,963,4,0
S,Half,Blue,Round,Regular,Checked,2105,2,0
M,Sleeveless,Yellow,V-Neck,Regular,Solid,642,1,1
M,Sleeveless,White,Round,Slim,Solid,1982,7,0
M,Half,Blue,V-Neck,Regular,Striped,1826,5,0
M,Half,Black,Polo,Loose,Striped,1340,1,0
M,Half,Green,Mandarin,Slim,Solid,2196,3,0
L,Sleeveless,Red,Polo,Regular,Printed,1929,0,0
L,Half,Red,V-Neck,Slim,Checked,456,3,1
L,Sleeveless,Black,Round,Slim,Solid,637,1,1
L,Half,Blue,V-Neck,Regular,Checked,1009,2,0
XL,Half,Black,V-Neck,Loose,Printed,322,5,0
L,Sleeveless,Black,V-Neck,Regular,Solid,336,3,0
M,Sleeveless,White,Mandarin,Slim,Striped,1186,1,0
L,Full,Green,Round,Slim,Solid,1327,3,0
M,Full,Red,V-Neck,Regular,Striped,2860,5,1
S,Half,Black,V-Neck,Regular,Striped,1760,0,0
L,Full,Blue,V-Neck,Slim,Checked,2647,3,1
XL,Half,Black,Mandarin,Loose,Solid,555,0,0
S,Full,Red,Polo,Regular,Checked,2009,0,0
S,Half,Red,Mandarin,Slim,Solid,2212,0,0
L,Sleeveless,Yellow,V-Neck,Regular,Printed,2249,7,1
L,Full,Yellow,Polo,Regular,Printed,832,5,0
XL,Full,Red,Polo,Slim,Solid,736,4,0
L,Sleeveless,Green,Polo,Slim,Striped,2075,0,0
L,Full,White,Polo,Slim,Striped,1213,0,0
L,Half,Red,Polo,Regular,Printed,1794,8,0
L,Half,Blue,Round,Loose,Printed,1200,3,1
L,Half,Yellow,Mandarin,Regular,Solid,2231,0,0
M,Half,Green,Polo,Slim,Printed,818,5,1
XL,Full,Black,Round,Slim,Checked,2532,9,0
L,Sleeveless,White,Polo,Loose,Checked,1318,1,1
L,Full,Blue,Mandarin,Regular,Printed,509,7,1
S,Full,Blue,Mandarin,Regular,Printed,1753,0,0
M,Full,White,Polo,Regular,Checked,2810,3,1
M,Half,Red,Polo,Regular,Checked,2319,3,0
S,Half,Black,V-Neck,Regular,Striped,596,1,0
L,Full,Yellow,Mandarin,Loose,Printed,2212,6,1
S,Half,White,Round,Regular,Solid,545,2,0
XL,Full,White,V-Neck,Regular,Striped,504,2,0
S,Half,Green,Mandarin,Regular,Solid,433,1,0
S,Sleeveless,Green,Round,Slim,Solid,2136,4,1
L,Half,White,Round,Loose,Striped,653,0,1
L,Full,Black,Round,Slim,Solid,970,0,1
S,Half,White,Polo,Regular,Checked,630,3,0
L,Full,White,Mandarin,Loose,Checked,1883,2,0
M,Full,Yellow,Polo,Regular,Striped,974,0,0
M,Full,Black,V-Neck,Loose,Printed,2654,5,0
S,Sleeveless,Red,V-Neck,Loose,Printed,2071,3,0
M,Half,Red,Round,Slim,Solid,1242,1,1
L,Half,Black,V-Neck,Loose,Printed,917,1,1
M,Full,Black,V-Neck,Slim,Printed,474,0,0
M,Full,Yellow,Round,Regular,Solid,1842,1,1
XL,Full,Yellow,Mandarin,Regular,Printed,2068,3,0
M,Half,Black,Round,Loose,Printed,432,4,0
L,Sleeveless,Green,Mandarin,Regular,Checked,1879,1,0
S,Full,White,Polo,Loose,Printed,757,10,0
M,Full,Red,Round,Slim,Checked,3000,0,0
S,Half,White,Polo,Slim,Printed,390,4,0
M,Sleeveless,Black,Polo,Regular,Solid,330,2,1
M,Full,Blue,Polo,Regular,Striped,1248,2,0
L,Full,Red,Mandarin,Loose,Printed,1787,3,0
S,Half,Yellow,Mandarin,Slim,Striped,3000,3,0
M,Half,White,V-Neck,Loose,Striped,761,3,0
S,Sleeveless,Blue,Mandarin,Slim,Solid,1529,3,1
L,Half,Green,Round,Regular,Printed,1302,2,0
L,Sleeveless,Green,Mandarin,Regular,Solid,1063,1,0
M,Full,Yellow,V-Neck,Slim,Solid,1942,2,0
L,Full,Black,Polo,Slim,Printed,2373,5,1
S,Half,Black,V-Neck,Loose,Solid,574,3,0
M,Full,Green,V-Neck,Slim,Striped,2054,9,0
L,Full,Blue,Polo,Regular,Checked,1212,2,0
M,Half,Blue,Round,Loose,Checked,989,0,0
S,Half,Green,Round,Loose,Striped,691,9,0
L,Full,Green,Mandarin,Regular,Striped,2097,1,1
L,Half,White,Mandarin,Loose,Solid,584,3,1
XL,Full,Black,Round,Regular,Solid,530,3,1
L,Full,Blue,Round,Regular,Solid,447,1,1
L,Half,Red,Polo,Loose,Checked,1899,1,1
M,Full,Red,V-Neck,Loose,Printed,913,0,0
S,Half,Green,Round,Slim,Solid,1282,0,1
M,Full,Red,Polo,Regular,Solid,2892,8,0
L,Half,Black,Polo,Slim,Printed,469,7,0
M,Full,Red,Round,Regular,Striped,1041,5,1
XL,Half,Green,Round,Slim,Solid,1144,5,0
M,Half,Green,V-Neck,Slim,Solid,2615,1,0
XL,Half,Blue,Mandarin,Regular,Striped,1978,0,1
L,Half,Red,Polo,Slim,Solid,2243,3,1
XL,Half,Black,Polo,Slim,Checked,2347,0,0
L,Full,Blue,Round,Regular,Striped,1912,2,0
XL,Half,Red,Round,Loose,Striped,312,3,1
S,Full,Red,V-Neck,Slim,Printed,843,1,1
M,Half,White,Mandarin,Regular,Solid,656,0,0
XL,Half,Yellow,Round,Regular,Solid,3000,2,0
M,Full,Green,Mandarin,Loose,Solid,2933,1,0
XL,Half,Black,Mandarin,Regular,Printed,1098,2,0
S,Half,Yellow,V-Neck,Slim,Solid,864,4,1
M,Half,Yellow,Polo,Regular,Checked,744,2,0
L,Half,Yellow,Mandarin,Slim,Solid,1477,2,0
L,Half,Yellow,V-Neck,Loose,Solid,741,0,1
XL,Full,Black,Round,Loose,Striped,2216,0,1
S,Full,Green,Mandarin,Regular,Printed,1549,3,1
M,Half,Black,Round,Regular,Solid,832,0,0
M,Half,White,Mandarin,Slim,Printed,374,3,0
M,Full,Blue,Round,Regular,Striped,1257,0,1
L,Half,Green,Polo,Regular,Solid,1402,0,1
L,Full,Black,V-Neck,Loose,Solid,227,6,1
M,Sleeveless,Yellow,V-Neck,Loose,Striped,2829,8,0
M,Half,Blue,Mandarin,Regular,Striped,1269,3,1
S,Full,White,V-Neck,Loose,Checked,888,6,0
S,Sleeveless,Red,Polo,Loose,Checked,2135,2,0
M,Full,White,Polo,Loose,Striped,1566,2,0
XL,Full,Red,Round,Regular,Solid,747,0,0
M,Full,Blue,V-Neck,Regular,Striped,508,3,1
S,Half,Black,Mandarin,Regular,Solid,796,3,0
L,Full,Blue,Round,Loose,Printed,861,2,0
M,Full,Blue,Mandarin,Slim,Solid,938,3,0
L,Full,White,Round,Loose,Printed,704,3,0
S,Full,Black,Round,Regular,Striped,1416,3,0
M,Full,Black,Round,Slim,Solid,1254,2,1
M,Full,Blue,V-Neck,Slim,Solid,256,3,0
M,Half,White,Polo,Slim,Checked,3000,4,0
M,Sleeveless,Black,V-Neck,Regular,Striped,2063,7,0
S,Sleeveless,Green,Mandarin,Loose,Printed,493,9,0
S,Sleeveless,Black,Mandarin,Slim,Solid,541,3,0
S,Half,Black,V-Neck,Regular,Checked,2360,5,0
S,Full,Black,V-Neck,Loose,Striped,851,3,1
M,Full,Red,Round,Slim,Striped,1278,2,1
M,Sleeveless,White,Mandarin,Slim,Checked,693,1,0
M,Full,White,V-Neck,Loose,Striped,2257,6,0
M,Full,Green,V-Neck,Regular,Solid,2809,1,0
L,Half,White,Polo,Loose,Checked,1876,4,0
L,Sleeveless,Black,Round,Slim,Printed,772,0,1
XL,Half,Blue,V-Neck,Regular,Striped,519,3,0
S,Half,Black,Round,Slim,Solid,2720,5,0
L,Half,Blue,Polo,Loose,Printed,2332,7,0
XL,Full,Black,Round,Regular,Solid,1522,6,1
XL,Full,Yellow,Polo,Slim,Solid,2695,4,0
L,Sleeveless,Red,Polo,Regular,Solid,2621,0,0
S,Half,Black,Round,Loose,Checked,2248,4,0
L,Half,Blue,Mandarin,Regular,Printed,2442,0,0
XL,Sleeveless,Green,Mandarin,Loose,Checked,776,1,0
L,Sleeveless,Red,V-Neck,Loose,Solid,684,2,0
M,Full,Yellow,Polo,Slim,Printed,758,0,1
L,Full,Yellow,V-Neck,Regular,Solid,1385,4,1
L,Half,Green,Round,Slim,Solid,1836,0,0
L,Half,White,Polo,Regular,Printed,1499,3,0
L,Sleeveless,Blue,Mandarin,Slim,Solid,1215,1,0
M,Half,Blue,V-Neck,Loose,Solid,1353,2,0
L,Full,Black,V-Neck,Regular,Printed,2922,4,0
M,Half,Blue,Polo,Loose,Checked,1954,0,1
M,Full,Red,Mandarin,Regular,Printed,729,1,1
L,Half,White,Round,Slim,Printed,1212,2,1
M,Half,Red,Round,Regular,Striped,2217,2,0
XL,Full,Red,V-Neck,Loose,Printed,225,9,0
XL,Half,Red,Round,Loose,Striped,1479,1,0
M,Half,Green,Round,Regular,Striped,845,2,1
M,Sleeveless,Red,Mandarin,Loose,Printed,1105,1,0
S,Half,White,V-Neck,Loose,Checked,2498,8,0
L,Full,Blue,Polo,Slim,Printed,2440,6,1
M,Sleeveless,Red,Round,Slim,Striped,593,2,1
M,Full,Green,Polo,Slim,Solid,476,3,0
M,Full,White,Mandarin,Loose,Striped,533,7,0
XL,Full,Green,Round,Regular,Solid,1207,10,0
S,Sleeveless,Green,Round,Loose,Striped,701,3,0
L,Full,Black,Round,Regular,Printed,1112,8,0
M,Full,Black,Round,Loose,Striped,558,3,0
L,Half,Blue,Round,Regular,Printed,698,2,1
M,Half,Black,Mandarin,Regular,Printed,2229,1,1
L,Half,Black,V-Neck,Slim,Checked,391,1,0
M,Half,Green,Polo,Regular,Solid,653,8,1
S,Sleeveless,Black,V-Neck,Regular,Printed,1332,0,1
S,Half,Red,Polo,Loose,Printed,1284,0,0
S,Sleeveless,Green,V-Neck,Loose,Striped,899,2,0
L,Sleeveless,Blue,Mandarin,Slim,Checked,369,8,0
L,Full,Blue,V-Neck,Loose,Checked,3000,1,0
S,Full,Red,Mandarin,Regular,Solid,2809,0,0
L,Half,Black,Round,Loose,Striped,852,0,0
M,Sleeveless,Blue,Round,Regular,Printed,310,0,0
XL,Full,Black,V-Neck,Regular,Printed,2141,7,1
M,Half,Green,Mandarin,Slim,Checked,2759,0,0
M,Sleeveless,Black,Mandarin,Loose,Solid,2975,5,0
M,Sleeveless,White,V-Neck,Regular,Printed,353,1,0
S,Full,Yellow,Mandarin,Regular,Printed,1469,7,0
M,Half,Yellow,Round,Regular,Checked,1468,0,0
S,Full,Yellow,V-Neck,Slim,Solid,1009,5,1
XL,Sleeveless,Blue,Round,Regular,Solid,1891,3,0
XL,Half,Blue,Mandarin,Regular,Solid,290,0,0
L,Half,Green,Round,Regular,Printed,2104,5,0
S,Half,Yellow,Round,Loose,Striped,865,0,0
S,Half,Red,Round,Regular,Checked,2893,1,0
M,Sleeveless,Green,Polo,Slim,Striped,2195,3,1
XL,Half,White,Round,Slim,Checked,833,2,1
M,Half,Red,Round,Loose,Checked,1209,1,0
M,Half,Blue,Polo,Regular,Striped,2084,3,1
S,Full,Yellow,Mandarin,Loose,Solid,560,6,1
L,Full,White,Round,Slim,Printed,314,5,0
L,Sleeveless,Green,Round,Regular,Checked,2820,2,0
L,Full,Green,V-Neck,Regular,Solid,1243,3,1
XL,Full,Blue,Mandarin,Loose,Striped,840,6,1
L,Sleeveless,White,Round,Regular,Checked,652,2,0
L,Half,White,Round,Regular,Printed,678,2,0
XL,Half,Red,Round,Regular,Printed,780,1,0
M,Full,Red,Polo,Regular,Printed,543,2,0
L,Full,White,Round,Loose,Striped,2639,6,0
M,Sleeveless,Yellow,Mandarin,Regular,Striped,2244,9,0
S,Half,Black,Round,Slim,Printed,1976,6,0
XL,Full,Black,Polo,Regular,Printed,2002,9,0
L,Half,Red,Mandarin,Slim,Checked,2268,7,0
M,Half,Red,Polo,Slim,Solid,1669,6,0
M,Half,Red,V-Neck,Loose,Striped,794,3,0
L,Half,Red,Round,Regular,Printed,2624,1,0
M,Half,Red,Polo,Slim,Printed,1978,1,1
M,Half,Blue,Polo,Regular,Checked,1442,3,1
M,Full,Green,Polo,Regular,Checked,660,3,1
S,Full,Red,Round,Slim,Checked,1797,0,1
L,Sleeveless,Green,Polo,Slim,Striped,822,2,1
L,Sleeveless,Green,V-Neck,Loose,Printed,723,3,0
M,Half,Red,Polo,Slim,Striped,517,5,1
L,Half,Black,Mandarin,Regular,Checked,1762,5,0
S,Full,White,V-Neck,Regular,Striped,339,0,1
S,Full,Blue,Polo,Regular,Printed,338,2,0
S,Sleeveless,Black,Round,Slim,Checked,513,5,0
L,Full,Green,Polo,Slim,Solid,526,3,0
L,Full,Green,V-Neck,Regular,Solid,2365,8,0
S,Half,White,V-Neck,Loose,Solid,1204,9,1
XL,Half,Blue,Round,Loose,Checked,1665,0,0
XL,Half,White,Polo,Slim,Solid,657,1,0
S,Full,Black,Round,Slim,Striped,997,1,0
M,Full,Red,Mandarin,Loose,Checked,277,0,0
L,Sleeveless,Red,Mandarin,Regular,Printed,315,2,1
L,Half,White,Polo,Regular,Solid,414,3,0
XL,Sleeveless,Red,Round,Regular,Checked,1575,7,0
L,Full,Red,Round,Regular,Solid,1460,4,1
XL,Half,Blue,Round,Loose,Checked,3000,2,0
L,Full,Red,V-Neck,Regular,Solid,1726,2,1
M,Half,Red,Polo,Regular,Checked,1995,8,0
L,Half,Red,Polo,Regular,Striped,597,3,1
M,Half,Black,Polo,Regular,Solid,1581,3,0
S,Sleeveless,Black,Round,Regular,Solid,438,1,1
M,Full,Black,Polo,Regular,Solid,1121,2,1
M,Half,Yellow,Round,Loose,Printed,1846,2,1
L,Full,Black,Round,Regular,Striped,1375,0,0
L,Full,Black,Polo,Loose,Solid,225,3,0
M,Sleeveless,Black,Mandarin,Loose,Solid,970,2,0
XL,Half,Black,V-Neck,Regular,Printed,295,2,1
XL,Sleeveless,White,V-Neck,Regular,Printed,1180,0,0
S,Sleeveless,Black,Polo,Loose,Striped,2865,1,0
S,Half,Yellow,V-Neck,Slim,Striped,2115,3,0
XL,Sleeveless,Black,Round,Regular,Solid,357,7,1
L,Sleeveless,White,Polo,Slim,Solid,1706,2,0
XL,Full,Red,Round,Loose,Printed,972,3,0
S,Full,Blue,Mandarin,Loose,Solid,511,8,1
M,Sleeveless,Black,Polo,Loose,Printed,1606,1,0
L,Half,White,Polo,Regular,Striped,1150,6,1
L,Half,Black,Polo,Regular,Solid,1374,3,0
M,Full,Blue,V-Neck,Slim,Striped,2206,0,1
XL,Sleeveless,Red,Mandarin,Regular,Solid,453,5,0
XL,Full,Green,Round,Slim,Solid,1639,6,1
XL,Full,Blue,Round,Loose,Striped,2763,7,0
M,Full,Red,Round,Slim,Solid,2204,1,0
L,Half,Red,Mandarin,Slim,Printed,2759,3,0
M,Half,Black,Round,Slim,Printed,726,1,1
M,Half,Green,V-Neck,Regular,Printed,393,0,0
M,Full,Blue,Round,Slim,Solid,907,6,1
L,Half,Black,Polo,Regular,Checked,289,4,0
M,Full,Green,Round,Slim,Printed,642,3,0
L,Full,Blue,Round,Slim,Solid,2331,4,0
L,Half,Red,Mandarin,Loose,Printed,568,3,0
XL,Half,Blue,V-Neck,Loose,Striped,1588,0,0
S,Full,Black,V-Neck,Regular,Striped,473,1,0
S,Full,Red,Polo,Slim,Solid,3000,0,0
L,Full,Green,V-Neck,Loose,Solid,801,3,0
M,Half,Black,Round,Regular,Striped,212,1,1
S,Full,Red,V-Neck,Slim,Checked,2188,9,1
M,Full,Black,Polo,Regular,Solid,2679,9,0
XL,Sleeveless,Green,Mandarin,Regular,Striped,657,8,0
M,Half,Yellow,Mandarin,Loose,Printed,331,0,0
L,Full,Yellow,Polo,Slim,Checked,2433,10,1
S,Sleeveless,Blue,Round,Loose,Solid,1148,1,1
XL,Half,Blue,Mandarin,Regular,Printed,2421,7,1
XL,Full,Red,Round,Regular,Solid,751,2,0
S,Full,White,Mandarin,Loose,Printed,884,0,0
M,Half,White,Round,Regular,Printed,777,0,0
XL,Full,Black,Round,Regular,Checked,2886,3,1
M,Full,Yellow,Round,Regular,Solid,1706,4,1
M,Sleeveless,Blue,Round,Regular,Printed,1170,3,0
L,Full,Blue,Round,Slim,Printed,2199,1,0
M,Full,Red,V-Neck,Loose,Checked,2120,7,0
XL,Full,Red,Polo,Regular,Solid,350,7,0
L,Sleeveless,Yellow,Round,Regular,Checked,999,3,0
L,Full,Yellow,V-Neck,Slim,Solid,705,2,0
S,Half,Red,Mandarin,Regular,Checked,1272,3,0
M,Full,Blue,Mandarin,Slim,Solid,237,2,1
M,Half,Black,Round,Regular,Striped,501,3,1
L,Sleeveless,Black,Round,Regular,Solid,213,0,0
M,Full,Green,Mandarin,Regular,Checked,386,2,1
L,Sleeveless,Red,Round,Regular,Solid,821,1,0
S,Half,Yellow,V-Neck,Regular,Printed,1437,3,1
L,Full,Red,Round,Regular,Printed,1478,1,1
L,Full,Black,Mandarin,Regular,Solid,2129,3,1
S,Sleeveless,Blue,V-Neck,Regular,Printed,1085,2,1
M,Full,Black,V-Neck,Loose,Printed,435,3,1
S,Half,Yellow,Mandarin,Slim,Printed,1108,2,1
L,Sleeveless,Black,Round,Loose,Striped,1432,4,0
S,Sleeveless,Yellow,Round,Slim,Striped,2074,0,0
S,Full,Green,Polo,Regular,Striped,1302,3,0
M,Full,Green,Polo,Regular,Solid,2008,7,0
L,Half,Black,Round,Regular,Checked,1522,2,0
S,Full,Blue,Round,Slim,Printed,525,6,1
XL,Half,Black,Polo,Regular,Solid,1573,8,0
XL,Full,White,V-Neck,Slim,Solid,1298,3,0
M,Sleeveless,Black,Mandarin,Slim,Printed,837,9,1
M,Half,Yellow,Round,Loose,Solid,466,1,0
M,Sleeveless,Red,V-Neck,Loose,Checked,676,2,0
S,Full,Blue,Round,Slim,Solid,944,3,1
S,Sleeveless,White,Mandarin,Regular,Striped,2829,10,0
S,Half,Yellow,V-Neck,Regular,Solid,296,3,0
XL,Half,Red,V-Neck,Slim,Striped,2962,0,1
L,Sleeveless,Black,V-Neck,Slim,Solid,1714,1,0
S,Sleeveless,Red,V-Neck,Slim,Striped,587,2,1
M,Sleeveless,White,V-Neck,Loose,Printed,1350,0,1
XL,Sleeveless,Yellow,Round,Regular,Printed,777,0,0
S,Full,Red,Polo,Slim,Solid,457,4,1
L,Full,White,Mandarin,Loose,Printed,847,2,1
L,Sleeveless,Red,V-Neck,Slim,Solid,1459,1,1
M,Half,Black,Polo,Loose,Solid,2753,8,0
M,Full,Red,V-Neck,Slim,Striped,1625,6,1
XL,Full,White,Mandarin,Regular,Printed,1753,3,0
M,Full,White,V-Neck,Regular,Solid,3000,0,0
XL,Sleeveless,Red,Mandarin,Regular,Striped,463,3,0
L,Full,Green,Round,Regular,Striped,949,2,0
L,Full,White,Polo,Loose,Checked,1099,1,0
XL,Sleeveless,Black,Polo,Slim,Checked,265,6,0
S,Half,Yellow,Round,Regular,Striped,2555,5,0
XL,Half,White,Mandarin,Regular,Solid,1044,2,0
M,Half,Black,Round,Regular,Solid,1269,1,0
L,Full,Blue,Round,Regular,Striped,733,2,1
L,Half,Black,Polo,Loose,Solid,1126,2,0
M,Half,Black,V-Neck,Regular,Printed,2573,5,0
S,Half,White,Round,Slim,Printed,547,2,0
XL,Full,Blue,V-Neck,Regular,Striped,547,1,0
M,Half,Blue,Polo,Loose,Printed,618,1,0
M,Full,Blue,Polo,Slim,Printed,981,4,1
L,Full,Blue,Polo,Slim,Solid,987,1,1
S,Full,Blue,Polo,Slim,Checked,1533,2,1
M,Full,Green,Polo,Regular,Solid,1785,5,1
XL,Sleeveless,Black,Round,Regular,Striped,1254,0,1
S,Sleeveless,Yellow,Polo,Slim,Solid,1667,6,0
L,Half,White,Polo,Regular,Checked,2336,5,0
M,Half,White,Polo,Slim,Solid,2839,6,0
M,Sleeveless,White,V-Neck,Regular,Striped,1051,4,1
XL,Sleeveless,Red,Mandarin,Slim,Printed,2562,3,0
S,Half,White,Round,Regular,Checked,213,7,0
M,Full,Black,Polo,Regular,Solid,1802,6,0
M,Half,Red,Round,Slim,Printed,602,2,0
L,Sleeveless,Yellow,V-Neck,Regular,Solid,385,3,0
S,Sleeveless,Black,Polo,Regular,Solid,2668,5,1
S,Half,Red,V-Neck,Regular,Solid,1758,1,0
L,Sleeveless,Blue,Polo,Slim,Solid,1417,6,1
L,Half,Red,Round,Regular,Striped,1308,3,1
M,Half,Black,Mandarin,Regular,Checked,718,3,1
L,Sleeveless,Red,Polo,Loose,Printed,861,0,0
M,Half,Green,Mandarin,Regular,Printed,303,6,1
M,Half,White,V-Neck,Loose,Checked,233,0,0
L,Half,Yellow,Round,Regular,Printed,1586,5,0
S,Half,White,Round,Slim,Printed,832,1,0
L,Half,Blue,Mandarin,Slim,Striped,351,1,1
M,Full,Red,V-Neck,Slim,Checked,1740,10,1
M,Full,White,Polo,Loose,Checked,948,2,0
S,Sleeveless,Black,Round,Regular,Solid,2043,1,0
M,Full,Yellow,V-Neck,Regular,Checked,612,7,1
L,Full,Red,Mandarin,Regular,Striped,2438,4,0
M,Full,Black,Round,Slim,Printed,1870,0,0
S,Half,Green,V-Neck,Regular,Solid,834,3,0
M,Half,Black,Mandarin,Regular,Printed,2449,5,1
M,Full,White,Polo,Slim,Solid,718,1,1
S,Full,White,Mandarin,Slim,Checked,1862,2,1
S,Half,Red,V-Neck,Regular,Checked,2481,9,0
L,Sleeveless,White,Round,Regular,Printed,926,2,1
L,Full,White,Round,Regular,Solid,298,3,1
M,Sleeveless,Black,Polo,Regular,Printed,576,3,1
L,Half,White,V-Neck,Loose,Striped,2416,3,0
S,Sleeveless,White,Round,Loose,Solid,2940,7,1
L,Half,Yellow,Polo,Regular,Printed,548,2,0
M,Half,Blue,Mandarin,Regular,Striped,615,0,0
M,Half,Blue,Polo,Loose,Checked,1198,1,0
M,Full,Yellow,V-Neck,Slim,Striped,2080,1,0
S,Half,Green,Polo,Regular,Striped,1267,0,1
XL,Sleeveless,Black,V-Neck,Slim,Solid,2849,2,0
L,Half,Black,Round,Slim,Solid,1989,3,0
S,Full,Yellow,Round,Regular,Striped,717,3,0
S,Sleeveless,Blue,Mandarin,Loose,Checked,2287,6,1
M,Half,Red,V-Neck,Loose,Solid,1008,0,0
XL,Half,Black,Round,Regular,Checked,241,3,0
M,Half,Red,Round,Regular,Printed,334,1,1
S,Half,Black,V-Neck,Loose,Solid,929,7,1
L,Sleeveless,Black,V-Neck,Loose,Solid,692,7,1
S,Sleeveless,White,Round,Loose,Solid,1723,1,1
L,Full,Blue,Round,Loose,Printed,2832,2,0
L,Half,Black,Mandarin,Loose,Solid,479,2,0
L,Sleeveless,Red,Round,Loose,Solid,1604,0,0
L,Full,White,Polo,Regular,Solid,2547,0,1
M,Half,Blue,Mandarin,Slim,Checked,594,1,1
M,Half,Red,Polo,Slim,Solid,1061,0,1
XL,Half,Black,V-Neck,Slim,Solid,798,6,0
M,Full,Green,V-Neck,Loose,Striped,956,2,0
L,Sleeveless,Black,Polo,Regular,Striped,1772,4,0
M,Half,Red,Mandarin,Regular,Printed,1856,9,1
XL,Full,Red,Round,Slim,Striped,371,5,0
M,Sleeveless,Blue,Polo,Regular,Printed,1778,3,0
L,Full,Black,Polo,Loose,Checked,2695,3,0
XL,Full,Red,Round,Regular,Striped,1231,7,0
L,Half,Green,Polo,Regular,Solid,1155,3,0
M,Sleeveless,Black,Round,Slim,Printed,962,2,1
L,Full,White,Polo,Regular,Printed,1512,6,0
L,Half,Green,Polo,Loose,Printed,2759,4,1
L,Sleeveless,Blue,Round,Regular,Printed,2689,7,1
M,Half,Green,Mandarin,Slim,Checked,930,7,0
M,Half,White,V-Neck,Slim,Printed,451,3,1
L,Half,Black,Round,Slim,Solid,1351,1,1
XL,Half,Blue,Polo,Loose,Checked,944,2,1
S,Half,Green,Round,Loose,Striped,2293,7,0
L,Half,Yellow,Polo,Regular,Striped,590,3,0
S,Full,White,V-Neck,Slim,Printed,1370,3,0
XL,Full,Black,V-Neck,Regular,Checked,732,2,0
S,Sleeveless,Blue,V-Neck,Slim,Printed,1628,6,0
M,Full,Black,Mandarin,Regular,Solid,686,2,1
M,Full,Yellow,V-Neck,Regular,Striped,535,2,1
XL,Half,Black,Mandarin,Slim,Checked,1177,3,0
S,Half,White,V-Neck,Slim,Checked,1747,5,0
M,Half,Blue,Polo,Loose,Striped,1285,0,0
M,Full,Black,Round,Regular,Solid,657,1,0
XL,Half,Blue,Round,Slim,Printed,1430,1,0
XL,Full,Red,Mandarin,Loose,Solid,2598,3,0
L,Full,Blue,V-Neck,Loose,Striped,2799,3,0
M,Full,Blue,Round,Regular,Printed,1027,3,1
M,Full,Blue,Mandarin,Regular,Solid,1712,4,0
XL,Half,White,Polo,Regular,Solid,1508,3,0
S,Sleeveless,Yellow,Polo,Slim,Solid,2511,4,1
S,Full,Green,Round,Regular,Striped,3000,3,1
XL,Full,Red,Round,Regular,Striped,589,3,1
L,Sleeveless,Green,Round,Regular,Printed,2030,6,0
L,Full,Blue,Polo,Loose,Solid,1535,2,1
S,Sleeveless,Black,Round,Regular,Striped,640,3,0
L,Sleeveless,White,Round,Loose,Solid,259,2,0
XL,Full,White,V-Neck,Regular,Checked,1586,2,1
L,Sleeveless,Red,V-Neck,Loose,Solid,2407,7,1
M,Full,Black,V-Neck,Slim,Solid,1167,2,1
L,Sleeveless,Black,Mandarin,Regular,Checked,648,1,0
S,Sleeveless,Blue,Polo,Slim,Solid,1414,0,1
M,Half,Green,Mandarin,Slim,Printed,2428,0,1
S,Full,White,V-Neck,Loose,Solid,2879,5,0
L,Sleeveless,Red,Polo,Loose,Printed,2514,5,0
XL,Sleeveless,Green,Round,Regular,Printed,605,0,0
L,Sleeveless,Red,Round,Slim,Solid,1138,1,0
M,Half,Blue,V-Neck,Slim,Solid,2775,9,0
L,Sleeveless,Yellow,Mandarin,Regular,Printed,288,3,1
L,Full,Black,Round,Slim,Printed,516,3,1
M,Half,Black,Round,Loose,Printed,373,2,1
L,Sleeveless,White,Round,Loose,Printed,2809,5,0
M,Full,Blue,V-Neck,Regular,Striped,1194,1,0
L,Half,Blue,Mandarin,Slim,Printed,1769,6,0
XL,Half,Red,V-Neck,Loose,Printed,1021,5,1
XL,Full,Black,Polo,Slim,Solid,886,0,1
M,Sleeveless,Red,Round,Regular,Solid,1070,3,1
L,Sleeveless,Yellow,Mandarin,Slim,Striped,523,1,0
S,Full,Black,Polo,Regular,Striped,2220,5,0
S,Half,White,V-Neck,Slim,Printed,465,2,0
XL,Half,Yellow,Round,Regular,Solid,926,6,0
M,Half,Red,Round,Slim,Solid,470,2,1
L,Half,Blue,Polo,Slim,Printed,603,10,1
M,Half,Red,Mandarin,Regular,Checked,432,3,1
M,Full,Blue,Mandarin,Loose,Solid,650,2,0
L,Full,Black,Round,Slim,Printed,1423,4,1
M,Full,Blue,Polo,Slim,Printed,1689,7,1
XL,Half,Black,Round,Loose,Printed,1217,5,1
M,Half,White,V-Neck,Regular,Solid,1045,1,1
S,Half,Blue,V-Neck,Regular,Printed,543,2,0
L,Half,Blue,V-Neck,Slim,Printed,438,6,1
M,Full,Green,V-Neck,Loose,Checked,1362,3,0
XL,Half,White,Round,Slim,Printed,2152,9,0
S,Sleeveless,White,Round,Loose,Checked,654,0,0
M,Half,Red,V-Neck,Regular,Solid,2807,2,0
L,Sleeveless,Green,Round,Regular,Checked,1049,3,0
L,Full,White,Round,Slim,Solid,1077,1,1
L,Half,White,Round,Slim,Checked,1012,2,1
L,Half,Blue,V-Neck,Loose,Printed,1455,3,1
M,Full,White,Polo,Loose,Printed,546,1,0
M,Sleeveless,Black,V-Neck,Regular,Solid,527,1,1
M,Half,Green,Mandarin,Slim,Printed,1835,4,0
XL,Full,Green,Polo,Slim,Printed,651,6,1
S,Sleeveless,Blue,V-Neck,Regular,Checked,1481,4,0
L,Full,Black,Round,Slim,Printed,603,1,0
S,Sleeveless,Blue,Round,Slim,Printed,1341,8,1
M,Full,White,Mandarin,Regular,Striped,2272,0,1
XL,Half,Black,V-Neck,Regular,Printed,2125,3,1
M,Sleeveless,Green,Polo,Slim,Solid,1338,3,0
M,Half,Blue,Round,Regular,Printed,2408,6,0
L,Full,Black,V-Neck,Regular,Striped,2078,2,0
L,Full,Blue,Polo,Regular,Solid,980,2,0
L,Sleeveless,Blue,V-Neck,Slim,Checked,1507,3,0
L,Half,Green,Polo,Loose,Striped,1982,0,1
XL,Sleeveless,Red,Round,Slim,Printed,1001,3,1
L,Sleeveless,Blue,Mandarin,Slim,Printed,1251,8,1
XL,Half,Green,Polo,Loose,Checked,2854,2,1
S,Sleeveless,Black,Mandarin,Slim,Striped,2149,2,0
M,Half,White,Round,Regular,Checked,1600,3,0
L,Full,White,Round,Regular,Printed,2982,2,0
S,Half,Red,Polo,Slim,Solid,2272,8,0
M,Full,Red,Polo,Slim,Checked,402,2,1
M,Full,Green,Polo,Slim,Checked,1150,3,0
S,Half,Green,Round,Slim,Printed,683,9,1
S,Half,White,Mandarin,Regular,Solid,1477,5,1
L,Sleeveless,Black,Polo,Loose,Printed,2738,0,0
M,Half,Blue,Polo,Regular,Checked,638,10,1
M,Full,Green,V-Neck,Loose,Solid,231,2,0
L,Half,Black,Polo,Regular,Solid,1160,0,1
M,Sleeveless,Blue,Mandarin,Slim,Solid,575,3,1
L,Sleeveless,Red,Mandarin,Loose,Printed,1051,2,1
S,Half,Green,V-Neck,Slim,Printed,1197,3,1
M,Half,Red,Polo,Slim,Solid,2992,1,0
S,Full,Red,V-Neck,Loose,Striped,1076,0,0
M,Full,Red,Polo,Regular,Solid,1716,3,0
XL,Half,White,Mandarin,Regular,Printed,908,1,0
M,Half,Yellow,V-Neck,Loose,Solid,1870,5,0
M,Full,Red,Round,Regular,Striped,701,3,1
M,Sleeveless,Blue,Polo,Slim,Striped,1019,0,1
M,Half,Black,Round,Regular,Checked,1675,3,1
M,Sleeveless,Red,Round,Regular,Solid,2224,0,0
L,Half,Yellow,Polo,Slim,Checked,1154,9,0
S,Half,Green,Mandarin,Regular,Solid,901,0,1
M,Half,Blue,Polo,Slim,Printed,1024,1,0
L,Half,White,V-Neck,Slim,Solid,705,2,0
S,Half,Blue,V-Neck,Loose,Printed,1128,3,0
M,Sleeveless,Black,Polo,Slim,Solid,1224,1,1
XL,Full,Black,Polo,Loose,Checked,2624,4,0
S,Half,Black,Polo,Regular,Printed,727,1,1
M,Sleeveless,Red,Mandarin,Loose,Striped,1528,3,0
L,Full,White,Polo,Regular,Checked,1097,3,0
L,Half,Blue,Round,Regular,Striped,574,0,0
L,Full,Blue,Mandarin,Loose,Checked,2370,1,0
M,Full,Black,V-Neck,Regular,Solid,789,1,1
S,Full,Red,Polo,Slim,Checked,523,5,0
M,Full,Black,Mandarin,Loose,Solid,2061,6,0
S,Half,Blue,V-Neck,Slim,Printed,2523,4,0
S,Half,White,Polo,Regular,Solid,610,2,1
S,Full,Red,Polo,Slim,Solid,270,3,0
L,Half,Yellow,Polo,Regular,Printed,1022,7,1
M,Half,Green,Mandarin,Loose,Checked,901,2,0
M,Half,Yellow,Mandarin,Loose,Printed,2661,4,0
M,Half,Red,V-Neck,Loose,Striped,946,2,0
XL,Full,Green,Round,Loose,Solid,843,3,0
M,Half,Red,V-Neck,Regular,Solid,1072,2,1
M,Full,Green,Round,Slim,Checked,829,2,1
M,Sleeveless,Green,V-Neck,Regular,Checked,1246,6,1
M,Half,Red,Polo,Regular,Solid,965,1,0
XL,Half,White,Mandarin,Slim,Solid,2664,1,1
M,Sleeveless,Green,Mandarin,Regular,Solid,1371,2,0
M,Full,Red,V-Neck,Regular,Checked,1419,4,0
XL,Half,Black,V-Neck,Regular,Solid,1290,0,0
M,Full,Black,Polo,Loose,Solid,626,4,1
L,Sleeveless,Black,Mandarin,Slim,Solid,956,5,0
M,Full,Red,Mandarin,Regular,Printed,2703,3,0
M,Full,White,Round,Slim,Solid,1319,0,1
M,Half,Blue,Round,Loose,Solid,766,3,0
L,Full,Black,Round,Regular,Striped,825,3,1
M,Full,Yellow,Polo,Regular,Checked,1213,7,0
M,Full,Blue,Polo,Regular,Striped,1096,3,0
S,Sleeveless,White,V-Neck,Loose,Printed,2812,8,0
S,Sleeveless,Red,Mandarin,Loose,Striped,613,6,1
S,Sleeveless,Yellow,Mandarin,Regular,Printed,2999,8,1
L,Full,Blue,Round,Regular,Solid,1462,0,0
L,Sleeveless,Blue,Round,Slim,Solid,1561,7,1
S,Full,Green,Mandarin,Regular,Checked,219,2,0
S,Full,Yellow,Round,Slim,Solid,553,3,1
L,Sleeveless,White,Round,Regular,Striped,3000,0,0
L,Full,Green,Round,Slim,Solid,2272,1,1
XL,Full,White,V-Neck,Loose,Solid,1067,3,0
L,Half,Yellow,Round,Regular,Printed,930,2,1
L,Half,Black,V-Neck,Loose,Printed,949,0,1
M,Full,White,V-Neck,Regular,Solid,1334,0,1
L,Half,Green,Round,Regular,Printed,2477,9,0
M,Half,Blue,V-Neck,Regular,Striped,981,0,1
M,Full,Blue,Mandarin,Slim,Striped,2932,2,0
M,Sleeveless,Green,Round,Loose,Striped,1762,4,0
L,Full,Black,Polo,Slim,Printed,2547,2,0
M,Half,Red,Round,Loose,Printed,522,2,0
L,Full,Green,Mandarin,Regular,Printed,801,2,0
L,Sleeveless,Green,Round,Slim,Striped,632,2,1
M,Full,Black,Round,Loose,Checked,2076,2,0
XL,Full,Red,Polo,Slim,Checked,1018,1,1
S,Sleeveless,Black,V-Neck,Regular,Striped,200,1,0
S,Full,Green,Round,Regular,Checked,263,2,0
M,Half,Green,Round,Slim,Striped,2504,1,1
XL,Half,Blue,Mandarin,Loose,Striped,1335,2,1
S,Half,Yellow,Mandarin,Regular,Striped,1978,10,1
L,Full,Red,V-Neck,Regular,Solid,1412,9,0
L,Half,Green,Round,Slim,Solid,2396,1,1
L,Half,Blue,Round,Regular,Solid,1300,7,0
M,Full,Yellow,Round,Regular,Printed,2073,6,0
L,Half,Black,V-Neck,Regular,Striped,628,0,1
S,Half,Black,V-Neck,Slim,Striped,774,0,0
XL,Half,Black,Polo,Regular,Checked,2863,1,0
M,Half,Yellow,Round,Regular,Printed,1198,8,0
M,Sleeveless,Red,Polo,Regular,Solid,2075,8,0
XL,Full,Blue,Mandarin,Slim,Solid,357,4,0
M,Full,Blue,Mandarin,Slim,Checked,1314,7,0
M,Full,Green,Polo,Regular,Printed,281,2,1
L,Sleeveless,Blue,V-Neck,Regular,Striped,638,0,0
L,Sleeveless,Black,V-Neck,Loose,Striped,823,7,0
L,Half,Green,V-Neck,Regular,Solid,2007,4,1
S,Full,Yellow,V-Neck,Regular,Printed,895,9,0
M,Half,Black,Round,Regular,Checked,2679,3,0
S,Full,Black,Polo,Regular,Checked,2986,6,0
S,Full,White,Round,Regular,Solid,1035,2,0
S,Full,Black,Round,Regular,Striped,2056,4,1
M,Sleeveless,Blue,Mandarin,Slim,Striped,532,3,1
M,Half,Green,Round,Regular,Printed,585,1,1
XL,Full,White,V-Neck,Loose,Solid,2315,8,0
L,Full,Green,V-Neck,Slim,Printed,1458,3,0
L,Half,Black,V-Neck,Slim,Striped,2071,6,0
M,Full,Black,Mandarin,Regular,Solid,855,1,0
L,Full,Black,Round,Slim,Solid,2617,8,1
M,Full,Blue,Round,Regular,Printed,2160,2,1
M,Half,Yellow,Round,Loose,Printed,1281,1,0
M,Full,Green,Mandarin,Loose,Solid,1171,1,0
S,Full,White,Polo,Loose,Printed,607,3,0
S,Full,Black,Mandarin,Regular,Solid,349,1,1
XL,Full,Yellow,V-Neck,Loose,Printed,379,1,0
L,Half,Blue,Round,Slim,Printed,2541,7,0
M,Half,Green,Mandarin,Loose,Solid,1937,6,0
S,Sleeveless,White,Round,Regular,Striped,1265,1,1
XL,Sleeveless,Blue,Polo,Loose,Solid,882,2,1
L,Full,Black,Mandarin,Regular,Solid,2401,1,1
XL,Sleeveless,White,Mandarin,Regular,Printed,973,6,0
L,Full,Blue,V-Neck,Slim,Striped,1796,5,0
S,Full,Blue,V-Neck,Slim,Solid,705,1,0
M,Half,White,Round,Slim,Checked,857,3,0
L,Half,White,Mandarin,Regular,Solid,1258,0,0
S,Half,Green,Round,Loose,Solid,2225,4,0
S,Sleeveless,White,Mandarin,Regular,Striped,1558,3,0
S,Half,Green,V-Neck,Slim,Printed,2666,6,1
L,Full,Black,Polo,Regular,Printed,230,1,0
S,Sleeveless,Blue,Polo,Regular,Striped,2649,6,0
S,Sleeveless,Black,Polo,Slim,Solid,2900,6,0
M,Half,Green,Round,Loose,Printed,1251,3,0
M,Half,White,Mandarin,Loose,Checked,1913,2,0
L,Half,Blue,V-Neck,Loose,Striped,2272,3,0
XL,Sleeveless,Red,Round,Loose,Solid,529,4,1
L,Full,Yellow,Round,Regular,Checked,1102,6,0
S,Half,Blue,Mandarin,Regular,Printed,388,9,1
M,Full,Red,V-Neck,Loose,Solid,407,1,1
S,Sleeveless,Red,V-Neck,Slim,Printed,2326,8,0
S,Full,Blue,Mandarin,Slim,Solid,220,3,1
XL,Half,White,Mandarin,Regular,Striped,1086,7,0
M,Full,Black,Mandarin,Regular,Solid,884,4,1
M,Sleeveless,White,Mandarin,Loose,Striped,1803,1,1
XL,Half,Blue,V-Neck,Slim,Solid,2838,2,1
L,Full,Red,Mandarin,Regular,Printed,2978,4,0
L,Full,Black,V-Neck,Regular,Solid,945,8,1
XL,Half,Black,Round,Slim,Printed,585,3,0
L,Full,Red,Polo,Regular,Striped,1923,4,0
L,Full,Black,Round,Loose,Solid,1088,1,1
S,Half,White,Polo,Regular,Solid,2076,2,0
M,Half,Black,Round,Regular,Solid,1024,1,0
XL,Sleeveless,Green,V-Neck,Slim,Striped,1350,3,1
XL,Sleeveless,Yellow,V-Neck,Slim,Striped,1783,5,0
L,Half,Red,Polo,Regular,Printed,807,6,0
XL,Full,Black,Round,Regular,Checked,1296,0,1
L,Half,Blue,Mandarin,Loose,Printed,1092,0,0
L,Sleeveless,Blue,V-Neck,Loose,Printed,1147,1,0
L,Half,Green,V-Neck,Slim,Solid,529,1,0
M,Sleeveless,Yellow,Polo,Loose,Solid,527,6,0
L,Half,White,Round,Slim,Printed,1604,3,0
L,Sleeveless,Blue,Round,Regular,Printed,3000,0,1
L,Half,Red,V-Neck,Slim,Solid,552,3,1
L,Half,Red,Mandarin,Slim,Printed,1049,1,0
L,Sleeveless,White,V-Neck,Slim,Striped,1969,1,0
M,Half,Blue,Round,Loose,Printed,2986,1,0
S,Sleeveless,Green,Round,Regular,Striped,2376,3,0
L,Full,Red,Mandarin,Loose,Checked,811,1,0
S,Full,Black,Round,Slim,Striped,751,1,0
XL,Half,Black,Polo,Slim,Printed,2154,3,0
S,Sleeveless,Black,Polo,Slim,Printed,2694,6,0
XL,Sleeveless,White,Polo,Slim,Solid,979,1,0
M,Half,Black,Mandarin,Loose,Checked,1183,3,0
XL,Half,Red,V-Neck,Slim,Solid,1153,4,0
L,Half,Blue,Round,Loose,Solid,672,2,1
M,Sleeveless,Blue,Round,Regular,Solid,1038,3,1
L,Sleeveless,Green,V-Neck,Regular,Striped,816,3,0
M,Full,Blue,V-Neck,Loose,Solid,1020,3,0
XL,Full,White,Polo,Slim,Solid,1593,3,1
S,Half,Black,Mandarin,Loose,Solid,746,3,1
M,Full,Yellow,V-Neck,Slim,Checked,1179,7,1
S,Full,Blue,Round,Regular,Striped,1471,2,1
S,Half,Blue,Mandarin,Slim,Striped,2540,8,0
XL,Sleeveless,Red,Round,Slim,Printed,588,3,1
S,Half,Red,Round,Regular,Checked,1489,3,0
M,Sleeveless,Red,Round,Slim,Printed,457,3,0
M,Half,Black,V-Neck,Loose,Solid,1396,0,1
L,Full,Black,Round,Regular,Striped,409,3,0
L,Full,Green,Polo,Slim,Solid,822,0,1
S,Half,Green,Round,Regular,Printed,1301,1,1
L,Sleeveless,White,Round,Slim,Checked,709,1,0
XL,Sleeveless,Green,Polo,Regular,Printed,1219,2,0
M,Sleeveless,White,Round,Regular,Solid,1057,3,0
S,Full,Blue,Mandarin,Regular,Printed,2765,1,0
XL,Half,Green,Mandarin,Slim,Printed,2058,6,1
XL,Full,Yellow,Polo,Loose,Printed,1471,3,1
S,Half,Yellow,Mandarin,Regular,Striped,1869,4,0
XL,Sleeveless,White,Round,Slim,Checked,1231,3,1
XL,Half,Green,V-Neck,Regular,Striped,926,3,0
XL,Half,Black,Mandarin,Regular,Printed,913,3,0
M,Full,Black,Polo,Slim,Printed,1436,4,1
XL,Sleeveless,Green,V-Neck,Slim,Solid,315,0,0
S,Full,Yellow,Polo,Regular,Striped,2006,8,0
M,Half,Green,V-Neck,Regular,Printed,369,1,0
M,Full,Black,Mandarin,Regular,Striped,1553,0,1
S,Half,White,Polo,Slim,Checked,2342,9,0
S,Full,Red,Round,Regular,Printed,721,0,0
S,Sleeveless,Blue,Round,Slim,Solid,759,2,1
M,Half,Red,Polo,Loose,Striped,2342,1,0
L,Sleeveless,Black,V-Neck,Loose,Checked,1180,1,0
L,Sleeveless,Black,Polo,Slim,Solid,478,5,1
L,Full,Black,Mandarin,Slim,Solid,402,2,1
M,Sleeveless,Red,V-Neck,Regular,Solid,2541,2,0
S,Full,Blue,V-Neck,Slim,Checked,338,6,1
M,Sleeveless,Blue,Round,Loose,Solid,923,0,0
M,Full,Blue,V-Neck,Loose,Printed,263,2,0
L,Full,White,Round,Loose,Striped,2283,8,0
L,Full,Blue,Mandarin,Regular,Printed,1400,3,0
L,Full,Red,Mandarin,Slim,Striped,1873,6,0
M,Full,Blue,Polo,Regular,Printed,3000,0,1
L,Half,White,Mandarin,Regular,Striped,605,9,1
XL,Full,Red,Round,Regular,Solid,1616,8,1
M,Sleeveless,Green,Mandarin,Loose,Solid,501,3,0
M,Full,Green,Round,Loose,Striped,382,2,1
L,Half,White,Polo,Regular,Checked,604,3,0
L,Half,Blue,Polo,Regular,Solid,953,0,1
M,Half,Blue,V-Neck,Slim,Solid,572,1,0
S,Half,Blue,Round,Slim,Printed,764,0,0
S,Full,Blue,V-Neck,Regular,Solid,1086,9,1
L,Full,Red,Polo,Regular,Striped,915,0,1
S,Full,Black,V-Neck,Slim,Striped,2663,3,1
M,Full,Black,Polo,Regular,Striped,647,1,0
L,Sleeveless,White,Round,Regular,Solid,1586,3,0
L,Full,Red,V-Neck,Regular,Printed,1422,3,0
S,Full,Blue,V-Neck,Regular,Printed,1167,1,0
L,Sleeveless,White,V-Neck,Loose,Checked,1333,2,0
M,Sleeveless,Red,V-Neck,Regular,Printed,2402,0,0
S,Full,Black,Polo,Slim,Printed,868,2,1
S,Full,Blue,Round,Loose,Printed,350,9,0
S,Half,White,V-Neck,Slim,Checked,2017,4,0
M,Sleeveless,Green,Mandarin,Loose,Solid,3000,3,1
XL,Full,Black,Round,Loose,Printed,851,3,0
L,Sleeveless,Blue,V-Neck,Regular,Striped,1538,1,0
S,Full,Red,Round,Loose,Checked,841,3,0
S,Full,Black,V-Neck,Regular,Striped,556,5,0
S,Half,Red,Mandarin,Loose,Striped,2115,0,0
S,Half,Blue,Mandarin,Slim,Striped,861,3,1
M,Full,Red,Polo,Regular,Printed,2200,0,0
L,Sleeveless,Black,Mandarin,Regular,Solid,723,3,0
L,Half,Blue,Polo,Slim,Solid,260,0,0
L,Sleeveless,Blue,Mandarin,Regular,Solid,2375,5,0
L,Half,Blue,V-Neck,Regular,Solid,452,3,0
M,Half,Green,Mandarin,Loose,Printed,2132,6,0
M,Sleeveless,White,Polo,Slim,Striped,1815,1,1
S,Full,Red,Round,Loose,Printed,2338,3,0
M,Full,Black,V-Neck,Slim,Checked,2234,0,0
M,Full,Yellow,Mandarin,Regular,Solid,636,2,0
L,Sleeveless,Yellow,V-Neck,Slim,Solid,1028,4,0
L,Half,Red,Polo,Loose,Striped,2046,3,0
XL,Sleeveless,Green,Round,Slim,Checked,1586,6,0
S,Full,Red,Mandarin,Slim,Striped,1084,6,0
L,Full,White,Mandarin,Slim,Printed,1860,6,0
L,Half,Black,Round,Loose,Solid,607,2,1
S,Half,Green,V-Neck,Slim,Checked,748,2,1
L,Full,Blue,V-Neck,Slim,Striped,656,2,1
M,Full,White,Round,Loose,Printed,1661,4,1
L,Full,Blue,Polo,Regular,Striped,2025,0,0
S,Sleeveless,Yellow,Mandarin,Loose,Printed,1218,5,0
M,Half,Blue,V-Neck,Slim,Striped,1281,1,0
XL,Full,Yellow,Round,Regular,Printed,1894,0,0
S,Full,Black,Polo,Loose,Solid,1519,4,0
M,Full,White,Mandarin,Slim,Printed,241,0,1
M,Half,Black,Round,Slim,Striped,941,3,0
M,Sleeveless,Red,Round,Slim,Printed,494,2,0
XL,Sleeveless,Black,Polo,Slim,Striped,2229,9,0
M,Full,Yellow,V-Neck,Regular,Printed,225,4,1
XL,Full,Yellow,V-Neck,Slim,Printed,667,1,0
XL,Sleeveless,White,Mandarin,Loose,Striped,2846,1,0
L,Sleeveless,Red,Mandarin,Slim,Printed,2360,0,0
M,Full,Black,Round,Regular,Printed,1529,3,1
L,Half,Green,V-Neck,Loose,Solid,2456,5,0
M,Full,Black,Round,Slim,Printed,956,2,0
L,Sleeveless,Green,Polo,Slim,Checked,2157,7,0
L,Half,Blue,Polo,Loose,Striped,1382,5,1
M,Half,Black,Mandarin,Regular,Striped,587,3,0
M,Full,Green,Round,Regular,Solid,1642,5,0
L,Sleeveless,Red,Round,Loose,Solid,1944,2,1
L,Full,Green,V-Neck,Regular,Solid,212,0,0
XL,Sleeveless,Blue,Mandarin,Regular,Solid,2034,10,1
M,Half,Yellow,Round,Regular,Solid,414,0,0
M,Sleeveless,Blue,Polo,Loose,Printed,1360,4,0
XL,Full,Black,Round,Regular,Checked,956,0,0
M,Half,White,Mandarin,Loose,Printed,446,0,0
M,Half,Blue,Mandarin,Regular,Printed,1025,1,1
XL,Sleeveless,Black,Polo,Regular,Solid,1922,10,0
M,Sleeveless,Red,Round,Regular,Solid,200,3,1
M,Half,Yellow,Round,Regular,Printed,200,3,0
XL,Half,White,V-Neck,Loose,Solid,355,1,0
L,Half,Black,V-Neck,Regular,Checked,1474,5,1
XL,Sleeveless,White,V-Neck,Loose,Checked,2724,2,0
M,Full,Black,Mandarin,Loose,Striped,1137,1,0
L,Full,Green,Polo,Slim,Checked,934,0,0
S,Full,White,Mandarin,Regular,Solid,1067,7,0
M,Sleeveless,Green,Polo,Regular,Solid,2620,4,1
S,Sleeveless,Black,Polo,Regular,Solid,1240,3,0
M,Full,Red,V-Neck,Regular,Solid,2096,0,1
M,Half,Black,Mandarin,Slim,Checked,2542,0,1
S,Sleeveless,Yellow,Mandarin,Regular,Checked,1666,3,0
M,Half,Blue,Polo,Regular,Striped,1591,8,1
M,Sleeveless,Yellow,Polo,Slim,Solid,2933,1,1
M,Full,Green,Mandarin,Regular,Striped,524,1,0
M,Full,Black,Polo,Regular,Solid,543,1,0
M,Half,Yellow,Mandarin,Slim,Printed,918,1,1
M,Half,Green,Round,Loose,Solid,1556,1,1
M,Sleeveless,Yellow,V-Neck,Regular,Striped,1870,6,0
S,Half,Black,V-Neck,Slim,Printed,1667,3,0
M,Half,Yellow,Round,Slim,Solid,925,2,1
L,Half,Red,V-Neck,Loose,Checked,2658,1,0
M,Full,White,V-Neck,Regular,Striped,746,7,0
S,Sleeveless,Yellow,Round,Loose,Striped,1056,1,0
L,Half,Black,Round,Regular,Solid,2804,6,0
L,Full,Blue,Round,Slim,Solid,329,0,1
S,Half,Red,Round,Slim,Solid,691,4,1
M,Half,Green,Mandarin,Regular,Printed,858,2,0
L,Sleeveless,Red,Round,Regular,Checked,994,0,1
M,Sleeveless,Blue,V-Neck,Loose,Printed,1034,4,0
S,Sleeveless,Blue,Polo,Regular,Printed,827,1,0
M,Full,Green,Round,Slim,Solid,1163,1,1
L,Full,Black,Polo,Regular,Solid,2600,2,1
XL,Full,White,V-Neck,Regular,Striped,2811,2,0
XL,Sleeveless,Yellow,Mandarin,Loose,Solid,1589,8,0
M,Full,Black,V-Neck,Regular,Printed,2082,3,0
S,Full,White,V-Neck,Loose,Solid,910,4,0
M,Sleeveless,Blue,V-Neck,Regular,Solid,1531,8,0
M,Half,Blue,V-Neck,Slim,Solid,1946,4,0
M,Full,White,Mandarin,Regular,Striped,1561,1,1
L,Half,Black,V-Neck,Loose,Solid,573,5,1
M,Half,Black,V-Neck,Regular,Solid,1540,9,0
XL,Sleeveless,Green,V-Neck,Loose,Solid,615,4,1
S,Full,Blue,Polo,Slim,Solid,2573,6,1
S,Full,Green,V-Neck,Regular,Printed,1111,2,0
L,Full,Blue,Polo,Loose,Checked,603,0,0
L,Full,Yellow,Mandarin,Loose,Striped,713,2,1
S,Sleeveless,Red,Round,Regular,Printed,1366,2,0
XL,Half,White,Mandarin,Loose,Printed,2937,9,0
S,Full,Blue,Polo,Slim,Striped,2773,0,0
L,Sleeveless,Green,Round,Slim,Printed,1428,1,0
S,Full,White,Polo,Loose,Solid,281,3,0
M,Full,Red,Mandarin,Slim,Solid,526,0,1
XL,Full,Blue,Polo,Slim,Checked,2335,1,0
S,Sleeveless,White,V-Neck,Regular,Solid,2611,6,1
L,Half,Blue,Round,Loose,Checked,1947,5,1
L,Half,Black,Polo,Regular,Striped,2477,8,0
M,Half,Blue,Mandarin,Regular,Checked,441,1,1
M,Full,Yellow,Round,Loose,Printed,433,1,0
XL,Half,Red,V-Neck,Loose,Solid,1564,5,1
S,Full,White,Polo,Loose,Printed,841,1,0
L,Full,Blue,Round,Slim,Solid,3000,1,0
L,Half,Green,Mandarin,Regular,Printed,673,1,0
L,Full,Green,Mandarin,Loose,Striped,1030,0,1
M,Half,Green,Mandarin,Regular,Checked,1226,2,1
M,Full,Blue,V-Neck,Loose,Printed,1218,6,0
M,Half,Yellow,Mandarin,Loose,Printed,2520,3,0
L,Full,Yellow,Mandarin,Slim,Printed,706,7,0
L,Full,Black,Polo,Loose,Solid,392,1,0
M,Full,Green,V-Neck,Loose,Printed,1425,3,1
L,Half,Yellow,V-Neck,Regular,Printed,806,0,0
XL,Half,Black,Mandarin,Regular,Solid,316,1,0
L,Full,Blue,Round,Regular,Printed,914,9,1
L,Half,Red,Mandarin,Regular,Printed,1180,1,1
S,Full,White,Round,Regular,Checked,1981,4,0
M,Full,Red,Round,Slim,Checked,460,1,0
M,Sleeveless,White,V-Neck,Slim,Solid,2904,6,1
S,Half,Green,Round,Loose,Printed,643,2,1
XL,Full,White,Mandarin,Regular,Printed,1939,6,0
L,Full,Red,Round,Loose,Solid,837,1,0
M,Sleeveless,Black,Polo,Slim,Solid,1415,1,0
M,Full,Green,Round,Slim,Solid,1215,0,1
L,Sleeveless,Black,Polo,Slim,Printed,2708,8,0
M,Half,Green,V-Neck,Regular,Striped,1151,2,0
M,Full,Blue,Mandarin,Regular,Striped,1411,0,1
S,Full,Black,Mandarin,Slim,Printed,636,0,0
L,Sleeveless,Black,Polo,Regular,Printed,800,0,0
XL,Half,White,V-Neck,Slim,Solid,2638,6,0
S,Half,White,Polo,Regular,Checked,1730,2,0
M,Sleeveless,Black,Round,Slim,Checked,410,0,0
S,Sleeveless,Blue,V-Neck,Slim,Checked,1424,0,0
M,Half,Blue,Round,Loose,Solid,1955,4,1
S,Half,Black,V-Neck,Loose,Solid,1540,3,0
M,Half,White,Round,Slim,Solid,1257,2,0
XL,Full,White,Mandarin,Slim,Striped,1541,2,1
M,Full,Blue,Polo,Slim,Checked,1965,5,0
M,Full,White,V-Neck,Loose,Printed,905,1,1
M,Sleeveless,Green,V-Neck,Slim,Solid,780,5,0
M,Half,Blue,Mandarin,Regular,Printed,2588,4,0
XL,Half,Black,Round,Loose,Printed,763,0,1
S,Sleeveless,Red,Mandarin,Slim,Checked,908,0,1
S,Sleeveless,Yellow,Polo,Slim,Striped,939,3,0
XL,Half,Blue,Polo,Regular,Solid,616,3,0
L,Sleeveless,White,V-Neck,Slim,Striped,275,4,1
M,Half,Blue,V-Neck,Slim,Printed,2253,2,1
S,Full,Green,V-Neck,Loose,Solid,840,1,1
M,Half,Black,Mandarin,Slim,Solid,698,3,0
M,Full,Green,V-Neck,Loose,Checked,897,1,0
M,Half,Black,Round,Slim,Printed,1855,6,1
XL,Full,Black,Mandarin,Regular,Checked,2803,0,0
S,Full,Red,Polo,Regular,Printed,3000,3,1
M,Half,Green,Polo,Regular,Checked,978,1,0
XL,Half,Black,V-Neck,Regular,Printed,501,0,0
S,Half,Blue,Round,Regular,Printed,604,1,1
L,Full,Green,Polo,Regular,Solid,3000,2,0
S,Full,White,Round,Regular,Checked,1302,10,0
S,Full,Black,Polo,Regular,Solid,2613,0,0
M,Half,White,Round,Slim,Checked,3000,2,1
XL,Full,White,Round,Loose,Printed,1141,5,1
M,Full,Blue,Mandarin,Regular,Printed,1419,8,0
S,Half,Blue,V-Neck,Loose,Striped,1814,3,0
M,Full,White,Polo,Slim,Solid,371,1,1
XL,Half,Blue,Round,Slim,Checked,1395,1,0
S,Full,Black,V-Neck,Regular,Solid,1773,2,0
M,Full,Red,V-Neck,Slim,Printed,660,4,1
XL,Half,Black,V-Neck,Regular,Solid,510,1,1
XL,Sleeveless,Black,Round,Slim,Solid,2517,5,0
L,Full,White,Mandarin,Regular,Printed,1094,3,1
M,Full,Blue,Polo,Regular,Solid,2211,2,1
M,Sleeveless,Red,V-Neck,Slim,Checked,942,4,0
L,Full,Blue,Round,Slim,Striped,633,2,1
S,Sleeveless,Red,Mandarin,Regular,Solid,1077,2,0
S,Half,Blue,Round,Loose,Solid,2052,3,0
XL,Half,Blue,V-Neck,Regular,Checked,2132,7,0
L,Half,White,Round,Regular,Striped,627,3,0
L,Full,White,Mandarin,Regular,Solid,405,0,1
M,Sleeveless,Yellow,Mandarin,Loose,Checked,699,2,0
XL,Full,Blue,Round,Regular,Printed,425,2,0
L,Full,Green,V-Neck,Regular,Solid,1273,2,1
M,Full,White,Round,Regular,Striped,1062,3,1
S,Full,Blue,Mandarin,Regular,Striped,1044,3,0
S,Half,Red,V-Neck,Loose,Solid,1780,2,0
M,Full,Black,Polo,Slim,Striped,1804,1,1
M,Full,Blue,Mandarin,Slim,Striped,1465,3,1
XL,Half,White,V-Neck,Slim,Solid,758,4,1
L,Half,White,Polo,Regular,Striped,632,0,1
M,Sleeveless,Blue,Round,Loose,Checked,549,3,1
L,Sleeveless,Blue,Mandarin,Loose,Striped,1006,0,1
S,Half,White,Polo,Loose,Checked,524,0,0
M,Half,White,Polo,Slim,Striped,652,3,1
L,Half,Black,Mandarin,Loose,Solid,1673,2,0
M,Sleeveless,Green,Polo,Slim,Printed,707,2,0
M,Sleeveless,Black,Round,Regular,Solid,733,3,1
L,Full,White,Polo,Regular,Printed,284,1,0
M,Sleeveless,Yellow,Round,Regular,Printed,683,0,1
L,Half,Black,Mandarin,Regular,Solid,656,3,0
M,Sleeveless,Black,V-Neck,Loose,Checked,1259,3,0
L,Half,Blue,Round,Regular,Checked,519,6,0
XL,Full,Green,V-Neck,Slim,Checked,727,2,1
L,Sleeveless,Red,Mandarin,Slim,Solid,2958,5,0
M,Full,Black,V-Neck,Slim,Printed,2416,1,0
S,Half,Black,V-Neck,Regular,Printed,839,3,1
M,Full,Black,Round,Loose,Printed,803,0,0
L,Full,Blue,Mandarin,Loose,Checked,1378,2,0
M,Sleeveless,Black,Round,Loose,Printed,687,0,0
M,Full,Red,Polo,Regular,Solid,838,2,1
S,Half,Red,V-Neck,Regular,Solid,2106,0,1
M,Half,Red,Mandarin,Slim,Printed,1877,4,1
XL,Half,Yellow,Polo,Slim,Striped,2545,0,0
XL,Full,Black,Polo,Loose,Striped,632,5,0
M,Half,Black,Round,Regular,Solid,2344,8,0
XL,Half,Red,Polo,Regular,Striped,1493,2,0
M,Full,White,Round,Loose,Printed,430,2,0
M,Full,Blue,V-Neck,Regular,Solid,2668,8,0
S,Full,Red,V-Neck,Regular,Solid,1283,3,0
S,Half,White,Mandarin,Loose,Printed,1137,7,0
M,Full,Red,V-Neck,Regular,Striped,3000,1,0
S,Half,White,Polo,Slim,Striped,1015,7,0
L,Half,White,Polo,Regular,Striped,1354,2,0
S,Full,Black,Round,Regular,Striped,522,0,0
M,Sleeveless,Yellow,Polo,Slim,Striped,1033,1,0
L,Full,Green,V-Neck,Slim,Striped,1137,3,0
S,Half,White,Round,Regular,Solid,1468,3,1
L,Half,White,Round,Regular,Printed,2123,3,0
XL,Half,White,V-Neck,Loose,Striped,993,4,0
S,Full,Green,Polo,Slim,Striped,1860,10,1
L,Sleeveless,Yellow,Round,Slim,Striped,438,2,1
S,Sleeveless,Blue,Mandarin,Loose,Printed,327,2,0
M,Half,Black,Mandarin,Regular,Striped,1562,7,0
S,Full,Yellow,V-Neck,Loose,Solid,2168,0,0
S,Half,Yellow,V-Neck,Slim,Checked,1956,2,0
XL,Full,Blue,Round,Slim,Solid,1203,1,1
L,Full,Green,Round,Slim,Checked,2374,0,0
M,Full,Blue,V-Neck,Slim,Printed,354,9,0
L,Full,Black,Polo,Slim,Printed,1125,5,1
XL,Half,Black,Polo,Slim,Striped,1157,1,0
L,Full,Red,Polo,Loose,Printed,1767,2,0
S,Half,Red,Mandarin,Loose,Solid,1038,0,0
M,Full,Green,V-Neck,Loose,Printed,673,0,0
L,Full,Green,Mandarin,Regular,Printed,1872,8,1
M,Full,Blue,V-Neck,Slim,Solid,3000,1,1
XL,Sleeveless,Green,Round,Loose,Striped,2528,1,1
XL,Sleeveless,Red,Round,Slim,Solid,2500,5,1
S,Full,White,Polo,Regular,Striped,1566,4,1
L,Half,Red,Round,Regular,Solid,343,0,0
L,Half,Green,V-Neck,Slim,Striped,2748,6,1
XL,Sleeveless,Blue,Round,Regular,Solid,293,0,0
L,Half,Blue,V-Neck,Regular,Solid,2434,9,0
M,Half,Black,Polo,Regular,Printed,2606,0,0
XL,Full,Red,Polo,Regular,Striped,347,4,1
S,Half,White,V-Neck,Regular,Checked,517,2,0
S,Half,Green,Mandarin,Regular,Printed,2439,1,0
XL,Full,Yellow,Mandarin,Loose,Checked,2816,1,0
S,Sleeveless,Yellow,Polo,Regular,Printed,1063,2,0
XL,Sleeveless,Black,Mandarin,Slim,Solid,719,7,0
L,Full,Black,Polo,Loose,Striped,1655,1,0
M,Half,Red,V-Neck,Slim,Printed,996,5,1
XL,Full,Green,V-Neck,Regular,Printed,865,1,1
L,Half,Black,Polo,Slim,Solid,1777,0,0
M,Half,Yellow,Mandarin,Slim,Striped,486,5,0
M,Full,White,Round,Slim,Checked,906,1,1
M,Sleeveless,Blue,Round,Loose,Striped,361,2,0
S,Full,Black,Round,Regular,Checked,555,0,0
L,Sleeveless,Red,V-Neck,Regular,Printed,1256,1,1
XL,Full,Green,V-Neck,Regular,Solid,2725,2,0
S,Half,Green,Mandarin,Loose,Solid,247,3,0
L,Sleeveless,Red,Polo,Slim,Solid,1398,3,0
S,Sleeveless,Green,Round,Slim,Striped,1646,4,1
L,Half,Blue,Round,Regular,Printed,1235,2,0
S,Half,Green,V-Neck,Loose,Printed,2031,6,0
S,Full,Green,Round,Regular,Printed,923,1,1
L,Sleeveless,Black,Mandarin,Loose,Striped,1520,1,0
L,Half,Red,Mandarin,Regular,Checked,889,1,0
L,Half,Blue,V-Neck,Regular,Checked,1245,2,1
M,Full,Green,Round,Slim,Printed,2454,3,0
XL,Half,Black,Round,Regular,Printed,1272,5,1
L,Full,Black,V-Neck,Loose,Printed,2864,0,0
XL,Full,Red,Round,Slim,Printed,306,1,0
M,Half,Yellow,Round,Loose,Printed,522,0,0
L,Sleeveless,Black,V-Neck,Regular,Printed,2301,3,0
S,Half,Black,Mandarin,Loose,Solid,1951,3,0
L,Half,White,V-Neck,Regular,Solid,2777,8,0
M,Full,Yellow,Round,Loose,Checked,790,3,1
S,Full,Black,Polo,Slim,Solid,862,0,0
M,Full,Black,Polo,Regular,Striped,798,0,0
L,Full,Blue,Polo,Slim,Solid,2623,0,0
S,Sleeveless,Red,Round,Slim,Striped,2138,1,1
L,Full,Red,Mandarin,Slim,Printed,614,4,1
XL,Half,Black,V-Neck,Regular,Striped,2863,2,0
M,Sleeveless,Black,Round,Slim,Solid,1690,0,0
M,Half,White,Round,Regular,Checked,2712,6,0
L,Full,Black,Round,Slim,Solid,627,2,1
S,Half,Red,Mandarin,Loose,Printed,2360,9,0
L,Half,Black,Mandarin,Regular,Striped,368,2,0
L,Half,White,Polo,Loose,Checked,2864,0,0
M,Sleeveless,Black,V-Neck,Loose,Printed,1229,0,0
L,Half,Black,Mandarin,Regular,Checked,1278,2,0
M,Full,Black,Polo,Regular,Solid,2854,4,1
XL,Full,Blue,Polo,Regular,Printed,1583,0,0
M,Full,Green,Mandarin,Regular,Checked,343,1,0
S,Half,Black,Mandarin,Slim,Solid,2531,1,0
XL,Full,Red,Polo,Slim,Solid,1883,4,0
L,Half,Black,Round,Slim,Printed,365,1,0
M,Sleeveless,Black,V-Neck,Regular,Striped,493,1,1
M,Full,Red,V-Neck,Slim,Striped,774,2,1
L,Half,Blue,Mandarin,Loose,Checked,1140,1,0
S,Sleeveless,Black,Round,Regular,Printed,668,3,0
S,Full,Green,V-Neck,Slim,Striped,2849,6,1
XL,Sleeveless,Black,V-Neck,Slim,Checked,821,5,1
M,Full,Black,Mandarin,Regular,Printed,2832,1,0
L,Full,Blue,Round,Slim,Printed,781,0,0
M,Sleeveless,Red,Round,Slim,Striped,1850,1,1
M,Half,Blue,Round,Slim,Solid,531,2,0
S,Sleeveless,Blue,V-Neck,Slim,Solid,1274,3,0
XL,Full,Yellow,V-Neck,Slim,Solid,993,0,0
M,Full,Black,Polo,Regular,Solid,2578,2,0
L,Full,Yellow,V-Neck,Slim,Solid,1806,2,1
M,Sleeveless,Blue,Round,Regular,Solid,1044,3,1
L,Sleeveless,Red,Mandarin,Regular,Solid,1315,0,1
S,Sleeveless,Green,Mandarin,Slim,Checked,2664,2,0
L,Half,Red,V-Neck,Slim,Printed,1997,1,1
M,Sleeveless,Black,Round,Slim,Checked,1372,4,1
M,Full,Black,Round,Slim,Solid,666,3,0
L,Full,Yellow,Mandarin,Regular,Solid,899,2,0
S,Full,Blue,Mandarin,Slim,Checked,897,3,1
M,Half,Red,V-Neck,Slim,Solid,1531,10,0
L,Sleeveless,Green,V-Neck,Slim,Checked,3000,3,1
M,Half,Red,V-Neck,Loose,Checked,1288,2,0
L,Sleeveless,Red,Polo,Regular,Checked,939,1,0
S,Half,Red,Polo,Regular,Checked,1413,0,0
S,Sleeveless,Black,Round,Slim,Printed,1082,5,0
XL,Sleeveless,Yellow,V-Neck,Slim,Checked,1529,3,0
XL,Full,Yellow,V-Neck,Regular,Solid,3000,1,0
S,Full,Red,Polo,Slim,Striped,1941,5,0
XL,Full,Yellow,Round,Slim,Striped,716,2,1
M,Full,Yellow,Polo,Regular,Solid,872,1,1
M,Sleeveless,Green,Round,Regular,Checked,264,4,0
L,Half,White,Polo,Loose,Solid,1579,9,0
XL,Half,Black,Round,Regular,Striped,1235,6,0
M,Sleeveless,Yellow,Polo,Regular,Solid,393,3,0
M,Half,Red,Mandarin,Slim,Solid,444,6,1
M,Sleeveless,Blue,V-Neck,Regular,Solid,1111,0,0
M,Sleeveless,White,Polo,Loose,Printed,1297,5,1
M,Full,Green,Mandarin,Slim,Solid,1284,0,1
L,Half,Red,Mandarin,Loose,Solid,1169,0,0
S,Sleeveless,Red,Round,Regular,Checked,2087,1,1
M,Full,Black,V-Neck,Regular,Printed,2946,3,0
M,Half,Black,Polo,Loose,Striped,1410,10,0
L,Half,Blue,Mandarin,Regular,Printed,1015,4,0
S,Sleeveless,Green,Polo,Slim,Solid,3000,2,1
XL,Half,Blue,Round,Loose,Solid,2239,4,1
M,Sleeveless,White,V-Neck,Regular,Checked,649,0,1
L,Half,Green,V-Neck,Regular,Printed,983,1,1
S,Full,Green,V-Neck,Slim,Printed,516,2,1
M,Full,White,Mandarin,Loose,Checked,2348,9,1
M,Half,Blue,Polo,Slim,Solid,886,0,0
M,Full,Red,V-Neck,Regular,Printed,2757,8,0
S,Half,Yellow,Polo,Regular,Printed,2600,9,0
XL,Half,White,Mandarin,Loose,Solid,996,3,0
S,Full,Red,V-Neck,Slim,Checked,2064,3,1
M,Half,Blue,Round,Regular,Solid,2566,2,0
S,Sleeveless,Black,V-Neck,Regular,Striped,2376,2,1
S,Full,Green,Round,Loose,Solid,838,1,0
L,Half,Blue,Round,Regular,Checked,1302,0,1
S,Sleeveless,Black,Mandarin,Slim,Printed,1976,1,0
XL,Half,Black,Polo,Loose,Printed,837,3,0
S,Full,White,Mandarin,Regular,Solid,368,2,1
S,Full,White,Polo,Regular,Solid,547,7,0
M,Half,Blue,Round,Loose,Checked,376,2,1
L,Full,Red,Mandarin,Slim,Checked,914,0,0
L,Half,Black,Polo,Loose,Striped,1833,3,0
XL,Sleeveless,Blue,Mandarin,Regular,Solid,1457,1,0
M,Full,Blue,Round,Loose,Solid,1106,2,1
M,Half,Red,V-Neck,Slim,Checked,1603,1,0
M,Sleeveless,Blue,Polo,Regular,Solid,1734,7,0
M,Full,Red,V-Neck,Slim,Solid,2761,0,0
M,Half,Black,Polo,Slim,Printed,934,2,1
L,Sleeveless,Black,Mandarin,Regular,Checked,2851,6,1
L,Sleeveless,Green,Mandarin,Slim,Printed,1570,6,0
M,Full,White,V-Neck,Slim,Printed,943,1,0
M,Half,Yellow,Round,Regular,Printed,1516,7,0
L,Full,Green,Round,Loose,Solid,1765,2,0
S,Half,Red,V-Neck,Slim,Solid,459,1,0
M,Half,White,V-Neck,Slim,Checked,1226,3,1
M,Sleeveless,White,Round,Regular,Striped,2613,1,0
M,Full,White,V-Neck,Regular,Checked,200,0,0
XL,Full,Black,Polo,Loose,Printed,2855,4,0
S,Full,Black,Mandarin,Loose,Checked,1321,0,0
S,Half,Blue,Round,Loose,Printed,1122,0,1
S,Full,White,V-Neck,Loose,Printed,1264,0,0
XL,Half,Black,Round,Loose,Striped,1232,0,1
XL,Full,Black,Polo,Slim,Solid,1587,4,0
M,Full,Black,V-Neck,Loose,Solid,401,2,0
XL,Full,Black,Polo,Loose,Solid,599,0,0
XL,Full,Blue,Mandarin,Regular,Striped,3000,1,0
M,Half,White,Polo,Loose,Solid,1435,1,0
M,Half,Blue,V-Neck,Regular,Solid,1249,3,0
M,Sleeveless,Yellow,Round,Regular,Striped,685,2,1
M,Sleeveless,Black,Mandarin,Loose,Striped,1522,0,0
S,Sleeveless,White,Mandarin,Regular,Printed,1255,3,1
S,Full,Yellow,Round,Regular,Striped,2742,0,0
L,Half,Red,Mandarin,Regular,Solid,2433,3,0
L,Sleeveless,White,Mandarin,Slim,Checked,1760,4,0
L,Full,Blue,Polo,Slim,Printed,1410,3,1
M,Half,Black,Polo,Regular,Printed,269,3,1
M,Full,White,Mandarin,Loose,Solid,483,3,0
XL,Half,Blue,Round,Slim,Striped,1619,5,0
S,Sleeveless,Red,Polo,Slim,Solid,1681,3,0
S,Half,Black,Polo,Regular,Solid,208,3,0
L,Half,Black,V-Neck,Slim,Solid,481,2,1
L,Sleeveless,White,Mandarin,Regular,Printed,1704,1,0
L,Full,Red,Polo,Regular,Printed,920,0,0
L,Sleeveless,Black,Round,Loose,Solid,338,3,1
M,Sleeveless,Blue,Polo,Slim,Checked,2801,5,1
M,Full,Green,Round,Regular,Striped,964,2,0
M,Full,White,Mandarin,Slim,Printed,200,1,0
M,Sleeveless,White,Mandarin,Regular,Solid,1751,4,1
M,Half,Green,V-Neck,Regular,Checked,514,9,1
L,Half,White,Mandarin,Regular,Printed,1600,10,0
M,Sleeveless,Black,Round,Regular,Solid,945,3,1
L,Sleeveless,Yellow,Polo,Slim,Striped,223,9,0
S,Sleeveless,Blue,Mandarin,Regular,Solid,2670,6,0
L,Sleeveless,Red,V-Neck,Regular,Striped,981,4,0
M,Half,Black,Round,Regular,Printed,267,0,0
XL,Sleeveless,Blue,Polo,Loose,Checked,2676,5,0
S,Sleeveless,Blue,Round,Slim,Striped,684,0,1
S,Full,White,Mandarin,Slim,Checked,3000,3,1
M,Full,Black,V-Neck,Loose,Solid,1151,1,0
L,Half,Red,Polo,Regular,Printed,2508,3,0
L,Full,Green,V-Neck,Regular,Striped,2248,3,0
M,Half,Black,Mandarin,Regular,Solid,2888,0,0
M,Sleeveless,White,Polo,Slim,Striped,1959,4,0
M,Half,White,Round,Loose,Solid,3000,2,0
L,Full,Green,Polo,Regular,Printed,566,5,0
S,Half,Blue,Round,Loose,Striped,2966,5,0
M,Sleeveless,Green,Mandarin,Regular,Printed,823,0,0
S,Half,Red,Polo,Regular,Solid,3000,2,0
L,Half,White,Round,Regular,Striped,1273,3,0
L,Half,Blue,Round,Loose,Solid,2508,0,1
XL,Half,Black,V-Neck,Loose,Printed,245,1,1
L,Sleeveless,Black,Round,Regular,Solid,1068,5,0
L,Full,Yellow,Mandarin,Slim,Solid,767,1,0
L,Sleeveless,White,Mandarin,Regular,Striped,867,3,0
L,Full,Black,Polo,Regular,Solid,614,8,0
L,Half,Green,Round,Regular,Printed,408,2,0
L,Sleeveless,Black,V-Neck,Slim,Printed,1956,10,1
L,Sleeveless,Yellow,Round,Slim,Printed,905,4,1
L,Full,Black,Polo,Regular,Striped,1455,4,0
S,Full,Black,Polo,Loose,Printed,647,3,1
XL,Sleeveless,Black,Mandarin,Slim,Printed,1924,4,0
M,Full,Red,V-Neck,Regular,Striped,512,2,0
M,Half,Yellow,Round,Regular,Printed,738,6,1
XL,Sleeveless,Black,Polo,Regular,Striped,668,3,1
M,Sleeveless,Black,V-Neck,Regular,Striped,2020,1,0
M,Full,Yellow,Round,Loose,Checked,793,2,0
M,Half,White,Mandarin,Loose,Solid,1840,10,1
L,Full,Red,Polo,Regular,Printed,1016,3,0
L,Full,Black,Mandarin,Slim,Solid,813,0,1
M,Full,Yellow,V-Neck,Slim,Printed,2916,0,0
M,Sleeveless,Yellow,V-Neck,Slim,Striped,1649,3,0
M,Full,Blue,Polo,Regular,Checked,1143,1,1
XL,Half,Black,Mandarin,Regular,Printed,359,2,0
S,Half,Black,V-Neck,Slim,Printed,2063,0,0
XL,Full,White,Round,Slim,Printed,2718,8,0
S,Half,Black,Mandarin,Regular,Printed,2589,5,0
L,Full,Yellow,Mandarin,Regular,Printed,2935,3,1
S,Half,White,V-Neck,Regular,Checked,848,7,0
M,Half,Black,Polo,Loose,Printed,2266,2,1
M,Half,Red,Polo,Slim,Solid,1189,0,1
M,Half,Red,V-Neck,Regular,Striped,311,5,0
L,Full,Red,Round,Loose,Solid,569,3,0
L,Full,Black,Mandarin,Loose,Solid,1690,4,0
M,Full,Black,V-Neck,Regular,Striped,737,0,0
S,Full,Red,Round,Slim,Printed,244,2,0
L,Full,Black,Round,Slim,Solid,518,3,1
M,Half,Yellow,Mandarin,Regular,Checked,664,1,1
L,Half,Blue,Polo,Loose,Solid,2167,6,0
S,Sleeveless,White,Round,Regular,Solid,1271,0,0
L,Full,Green,Mandarin,Regular,Solid,2465,3,0
L,Sleeveless,Blue,Round,Regular,Printed,2437,6,0
L,Full,Black,Polo,Regular,Solid,1127,1,0
S,Full,Blue,Mandarin,Slim,Printed,1767,6,1
M,Sleeveless,Black,Polo,Loose,Solid,1653,0,1
M,Sleeveless,White,Round,Slim,Striped,2118,7,0
S,Full,Black,Mandarin,Loose,Solid,695,3,0
M,Half,Green,V-Neck,Loose,Solid,2387,4,0
L,Sleeveless,Blue,Polo,Regular,Striped,2178,1,1
S,Half,Black,Polo,Regular,Printed,441,3,1
S,Sleeveless,Black,Polo,Slim,Printed,773,1,1
L,Full,Red,Round,Regular,Solid,777,1,0
M,Sleeveless,Green,Polo,Regular,Solid,823,1,0
M,Sleeveless,Red,V-Neck,Slim,Printed,720,3,1
S,Full,Blue,Polo,Loose,Solid,736,6,0
M,Sleeveless,Red,V-Neck,Regular,Printed,583,3,1
XL,Full,Green,Round,Regular,Solid,1530,0,1
XL,Sleeveless,Blue,Round,Slim,Checked,989,0,0
XL,Sleeveless,Black,Polo,Loose,Printed,466,2,1
XL,Full,Blue,Polo,Regular,Checked,1514,1,1
M,Sleeveless,White,V-Neck,Loose,Solid,1631,3,1
S,Sleeveless,Black,V-Neck,Regular,Striped,825,3,0
L,Half,Black,V-Neck,Loose,Solid,2504,6,1
L,Half,Red,Polo,Loose,Checked,1990,6,0
XL,Full,Red,Round,Loose,Solid,1098,3,1
M,Sleeveless,Red,Mandarin,Slim,Checked,1242,5,1
S,Sleeveless,Yellow,V-Neck,Regular,Checked,915,8,0
L,Full,Red,Polo,Slim,Checked,388,0,0
L,Full,Green,Round,Loose,Checked,2976,1,0
XL,Half,Blue,Polo,Loose,Printed,931,3,0
S,Full,Red,V-Neck,Slim,Printed,2375,3,0
L,Full,White,V-Neck,Regular,Printed,2033,2,0
S,Half,Green,Polo,Regular,Striped,466,1,0
L,Half,Red,Round,Slim,Checked,1198,3,0
M,Full,White,Round,Slim,Striped,772,1,1
S,Full,Blue,V-Neck,Regular,Solid,1597,1,1
XL,Half,Green,Polo,Loose,Striped,1402,0,0
S,Sleeveless,Black,Round,Slim,Checked,1365,3,0
L,Full,White,Round,Regular,Solid,765,7,1
M,Half,Black,Round,Regular,Striped,2172,8,1
L,Full,Blue,Round,Loose,Striped,1983,3,1
L,Full,White,V-Neck,Slim,Printed,2443,2,0
M,Half,Blue,Round,Regular,Solid,497,2,0
XL,Full,Blue,V-Neck,Slim,Striped,232,9,1
S,Full,Blue,Polo,Slim,Solid,1434,0,0
M,Half,White,Round,Slim,Solid,909,0,0
M,Full,White,Polo,Regular,Solid,549,3,1
M,Half,Blue,Round,Regular,Striped,832,4,0
M,Sleeveless,Red,V-Neck,Slim,Solid,299,0,1
S,Sleeveless,Yellow,Round,Regular,Checked,1103,1,0
S,Half,Black,V-Neck,Loose,Solid,1847,0,1
M,Full,Black,Polo,Loose,Checked,1864,6,0
M,Sleeveless,Blue,Polo,Slim,Solid,1099,1,1
L,Half,White,Round,Regular,Striped,1253,1,1
L,Half,Yellow,Polo,Loose,Checked,340,5,0
M,Sleeveless,Red,Polo,Regular,Solid,843,0,0
M,Half,Black,Round,Regular,Checked,3000,2,0
M,Half,Black,Round,Loose,Printed,2003,0,0
L,Sleeveless,Green,Polo,Regular,Checked,475,1,0
M,Sleeveless,Yellow,Round,Regular,Striped,1036,1,0
XL,Full,Red,V-Neck,Regular,Printed,1799,4,0
L,Half,Green,Round,Slim,Solid,390,0,0
M,Sleeveless,Blue,Round,Loose,Checked,2854,9,0
XL,Full,Black,Round,Slim,Solid,2686,8,1
M,Half,Black,Polo,Slim,Striped,1650,1,0
L,Sleeveless,Blue,Mandarin,Regular,Striped,1805,0,0
L,Sleeveless,Yellow,Mandarin,Slim,Printed,1384,8,0
M,Full,Blue,Polo,Slim,Striped,2481,7,1
L,Sleeveless,Yellow,V-Neck,Loose,Striped,1482,4,1
S,Full,Black,Mandarin,Regular,Printed,245,4,0
XL,Half,Black,V-Neck,Loose,Solid,2711,5,1
L,Half,Red,Polo,Slim,Checked,677,4,0
L,Half,Red,V-Neck,Regular,Striped,1105,3,1
S,Half,Red,Mandarin,Loose,Striped,2184,2,1
M,Half,White,Mandarin,Loose,Striped,779,3,0
L,Full,Green,Polo,Loose,Checked,420,3,1
M,Full,Black,Polo,Slim,Striped,2539,5,0
L,Full,Green,V-Neck,Regular,Printed,363,3,1
L,Full,White,Mandarin,Slim,Printed,1823,5,0
M,Half,Blue,Round,Loose,Checked,925,2,0
S,Full,Blue,Mandarin,Regular,Solid,2037,8,1
L,Half,Green,V-Neck,Slim,Solid,1765,1,0
L,Sleeveless,Yellow,V-Neck,Slim,Printed,2441,2,0
L,Full,White,Mandarin,Regular,Solid,2656,2,0
L,Full,Black,Round,Regular,Solid,611,3,1
L,Sleeveless,Blue,Mandarin,Regular,Striped,1064,3,0
XL,Full,Blue,V-Neck,Slim,Checked,2321,1,0
L,Full,Yellow,Round,Regular,Solid,1359,4,0
M,Half,Black,Round,Slim,Solid,2637,3,0
L,Full,Black,Polo,Loose,Printed,490,7,1
L,Sleeveless,Black,V-Neck,Loose,Checked,737,10,0
S,Sleeveless,Black,Mandarin,Loose,Printed,1630,1,0
L,Full,White,Polo,Slim,Printed,2091,7,0
L,Sleeveless,Blue,V-Neck,Regular,Striped,1383,1,0
M,Half,White,Mandarin,Slim,Striped,1041,1,0
L,Sleeveless,Blue,Polo,Loose,Striped,799,0,0
M,Full,White,Mandarin,Regular,Checked,1491,0,0
M,Half,Green,V-Neck,Slim,Printed,1658,10,0
L,Full,Blue,Mandarin,Loose,Solid,894,0,1
XL,Full,Black,V-Neck,Slim,Striped,287,1,1
XL,Half,Green,Polo,Loose,Solid,2927,0,0
M,Full,Red,V-Neck,Loose,Solid,2299,2,1
L,Half,White,V-Neck,Loose,Solid,2146,4,0
S,Full,White,V-Neck,Slim,Solid,2130,3,0
S,Full,White,Round,Slim,Checked,2975,2,0
M,Full,Green,Round,Regular,Printed,387,3,1
L,Full,Red,Round,Regular,Solid,860,3,1
S,Full,Green,V-Neck,Loose,Solid,2489,8,0
S,Sleeveless,Black,Mandarin,Slim,Solid,992,2,0
S,Half,Blue,Polo,Slim,Solid,1168,6,1
L,Full,Black,V-Neck,Loose,Solid,1949,5,1
L,Full,Green,Round,Regular,Printed,331,1,0
XL,Half,Blue,Round,Regular,Solid,1964,5,0
L,Half,Black,Polo,Regular,Checked,837,0,1
M,Half,Black,Polo,Slim,Printed,985,4,1
M,Sleeveless,Red,Round,Regular,Solid,479,2,0
S,Sleeveless,Black,Polo,Slim,Solid,2763,4,1
L,Half,Yellow,Round,Slim,Checked,2715,5,1
L,Half,Red,V-Neck,Regular,Striped,423,3,0
M,Full,Blue,Polo,Loose,Solid,2530,0,1
M,Full,White,Polo,Loose,Checked,1365,3,0
M,Sleeveless,Red,Round,Slim,Printed,515,7,1
S,Full,Yellow,Round,Slim,Striped,332,8,0
S,Full,Red,Polo,Regular,Striped,1524,3,0
XL,Half,Red,V-Neck,Regular,Solid,3000,0,1
M,Sleeveless,White,Polo,Loose,Solid,2253,10,0
S,Full,Black,Mandarin,Regular,Striped,259,0,0
S,Full,Red,Mandarin,Regular,Solid,1308,1,0
L,Full,Green,V-Neck,Regular,Solid,1278,0,0
S,Full,White,Round,Slim,Solid,925,3,1
M,Half,Blue,Polo,Regular,Solid,588,3,0
L,Full,Red,Round,Regular,Checked,2437,5,0
S,Sleeveless,Black,Mandarin,Slim,Solid,252,2,0
L,Sleeveless,Blue,V-Neck,Slim,Checked,2214,0,0
S,Full,Black,V-Neck,Slim,Solid,1394,0,0
M,Full,Black,Round,Regular,Solid,490,2,0
L,Half,White,V-Neck,Regular,Striped,2098,5,0
XL,Full,Black,Round,Regular,Striped,2167,3,1
S,Sleeveless,Black,Round,Slim,Striped,1290,3,0
XL,Full,Black,Polo,Slim,Solid,1471,1,1
S,Full,Green,Mandarin,Regular,Solid,461,6,0
M,Full,White,Polo,Loose,Striped,661,2,0
XL,Full,White,Round,Regular,Solid,1725,5,0
XL,Half,Black,V-Neck,Slim,Solid,1175,1,1
XL,Full,White,Mandarin,Slim,Checked,2242,8,1
M,Full,Green,Polo,Slim,Checked,2658,3,0
S,Sleeveless,Red,Mandarin,Slim,Checked,466,0,0
L,Full,Green,Round,Loose,Checked,2818,4,0
M,Full,White,V-Neck,Regular,Solid,2443,1,0
L,Sleeveless,Black,Polo,Slim,Solid,1530,2,0
L,Half,Red,Mandarin,Slim,Checked,543,5,0
L,Full,Blue,Mandarin,Loose,Solid,609,2,0
XL,Half,Red,Mandarin,Slim,Solid,626,1,1
M,Full,Red,V-Neck,Loose,Solid,358,4,1
M,Full,Green,Round,Regular,Solid,431,2,0
M,Half,Red,Round,Regular,Solid,578,0,1
S,Full,Blue,V-Neck,Regular,Striped,1946,1,0
XL,Sleeveless,White,Round,Regular,Striped,671,1,0
L,Sleeveless,White,Round,Regular,Striped,1146,7,0
L,Half,Blue,Round,Loose,Checked,596,1,1
M,Full,White,Polo,Regular,Solid,1132,1,0
S,Sleeveless,Blue,Round,Loose,Printed,676,2,1
S,Sleeveless,Black,Polo,Loose,Solid,516,1,0
S,Full,Blue,V-Neck,Regular,Printed,414,3,1
M,Full,Red,Mandarin,Regular,Solid,349,3,0
S,Half,Yellow,Polo,Slim,Solid,1454,2,1
L,Full,Black,Round,Slim,Striped,1229,5,1
M,Sleeveless,Red,Mandarin,Regular,Printed,625,3,0
S,Half,Black,Polo,Slim,Solid,1315,0,0
S,Full,Red,Polo,Regular,Solid,791,2,1
XL,Sleeveless,Black,V-Neck,Loose,Printed,375,0,1
L,Half,White,V-Neck,Slim,Solid,2839,7,0
M,Half,Yellow,Polo,Regular,Solid,621,8,1
L,Full,Green,Polo,Regular,Checked,2140,1,0
L,Sleeveless,Blue,Round,Regular,Solid,710,1,1
XL,Half,White,Mandarin,Slim,Striped,664,7,0
M,Full,Black,Round,Slim,Printed,2064,1,0
S,Sleeveless,Red,Polo,Slim,Printed,1888,1,0
S,Half,Black,Polo,Slim,Solid,2931,1,1
S,Half,Green,Round,Loose,Printed,1746,2,0
XL,Full,Red,Mandarin,Regular,Solid,236,0,1
L,Full,Blue,Round,Regular,Solid,1796,7,1
M,Half,White,Round,Regular,Printed,1261,3,1
L,Sleeveless,Black,Round,Loose,Printed,1479,5,1
S,Sleeveless,Green,Mandarin,Slim,Solid,714,7,0
XL,Full,Red,Polo,Regular,Checked,326,4,0
S,Full,Red,V-Neck,Loose,Printed,311,0,0
L,Sleeveless,Black,V-Neck,Loose,Striped,838,1,1
M,Sleeveless,Yellow,Round,Slim,Solid,1075,0,1
M,Sleeveless,Yellow,Round,Loose,Printed,2214,0,1
M,Half,Black,Polo,Regular,Striped,666,0,0
M,Sleeveless,Black,Round,Regular,Striped,653,3,0
M,Half,Black,V-Neck,Loose,Solid,1563,4,0
L,Sleeveless,Yellow,V-Neck,Regular,Striped,1661,0,0
S,Full,Red,Round,Regular,Striped,644,3,0
L,Full,Black,Round,Regular,Solid,2523,2,0
L,Half,Green,Polo,Slim,Striped,814,1,1
L,Full,Black,V-Neck,Loose,Printed,1695,3,0
M,Half,Black,Round,Loose,Striped,1916,2,1
M,Sleeveless,Black,Polo,Slim,Solid,1861,1,1
S,Sleeveless,Black,Round,Regular,Printed,772,2,0
M,Full,Red,V-Neck,Regular,Checked,1078,1,1
S,Sleeveless,Green,Mandarin,Regular,Printed,542,5,0
M,Full,Red,Polo,Slim,Solid,1837,6,1
M,Half,Black,Round,Regular,Solid,1003,2,1
L,Half,Black,Mandarin,Regular,Solid,1548,2,1
S,Half,Black,Mandarin,Regular,Striped,2654,3,0
M,Full,Red,V-Neck,Slim,Striped,2730,3,0
XL,Sleeveless,Black,Polo,Regular,Printed,1884,0,1
XL,Half,Red,Polo,Regular,Solid,2106,5,0
M,Sleeveless,Blue,Mandarin,Slim,Striped,987,3,0
M,Sleeveless,Black,Round,Regular,Striped,390,2,0
L,Sleeveless,White,Polo,Slim,Printed,783,9,1
S,Full,Red,Mandarin,Regular,Solid,321,0,1
S,Full,Blue,Polo,Regular,Checked,406,10,0
M,Full,Blue,Round,Regular,Striped,2196,2,0
L,Full,Black,Polo,Loose,Striped,1493,0,0
S,Full,Red,Round,Regular,Checked,522,0,0
L,Sleeveless,White,V-Neck,Regular,Solid,637,3,1
M,Sleeveless,Black,V-Neck,Slim,Solid,1984,7,0
S,Full,Black,Polo,Regular,Printed,1530,3,0
XL,Full,White,Round,Regular,Checked,400,3,0
S,Full,Yellow,Round,Loose,Solid,2110,6,0
XL,Sleeveless,Black,Polo,Regular,Checked,319,6,1
L,Full,White,Round,Loose,Printed,1826,6,1
L,Half,Blue,Round,Regular,Striped,884,3,0
M,Sleeveless,Black,Polo,Regular,Checked,1142,7,0
L,Sleeveless,Black,V-Neck,Regular,Printed,1302,2,0
M,Full,White,Round,Regular,Striped,2051,2,0
S,Sleeveless,Yellow,Polo,Loose,Solid,1911,2,0
XL,Full,Blue,Round,Loose,Solid,1058,0,1
L,Half,Blue,Polo,Regular,Solid,491,3,0
M,Full,Blue,Mandarin,Regular,Striped,318,3,1
L,Full,Green,Round,Regular,Solid,217,3,1
L,Half,White,Polo,Slim,Solid,353,8,1
L,Full,Blue,Round,Slim,Printed,2582,5,1
L,Half,White,V-Neck,Loose,Striped,2834,2,0
S,Sleeveless,Yellow,V-Neck,Regular,Solid,1305,8,1
M,Sleeveless,Yellow,Polo,Loose,Solid,844,2,0
S,Half,Red,Mandarin,Regular,Printed,966,3,1
M,Full,Black,Round,Loose,Striped,748,2,0
XL,Full,Blue,Mandarin,Slim,Solid,437,2,1
XL,Full,White,V-Neck,Slim,Striped,277,0,0
M,Sleeveless,Black,Polo,Loose,Printed,2608,1,1
XL,Full,Black,Polo,Slim,Solid,1486,0,1
M,Full,Blue,Round,Slim,Printed,724,0,1
L,Full,Red,Polo,Loose,Striped,664,4,1
XL,Half,White,V-Neck,Loose,Solid,1860,1,1
L,Sleeveless,White,Round,Slim,Checked,784,0,1
S,Full,Blue,Polo,Regular,Checked,2965,0,0
L,Half,Red,Round,Loose,Striped,1375,5,1
L,Full,Blue,V-Neck,Regular,Striped,972,3,0
XL,Half,Green,Round,Loose,Printed,1533,6,0
XL,Full,Blue,Mandarin,Regular,Striped,491,1,1
M,Sleeveless,Black,V-Neck,Regular,Striped,755,1,1
L,Full,Blue,Round,Loose,Solid,821,1,0
L,Full,Black,Polo,Slim,Solid,1281,0,0
L,Half,Green,Mandarin,Loose,Checked,204,5,1
S,Half,Yellow,Polo,Slim,Striped,604,2,1
M,Half,Green,Polo,Slim,Checked,659,0,1
S,Sleeveless,Red,Round,Regular,Solid,366,0,1
M,Full,Black,V-Neck,Regular,Striped,779,3,1
L,Half,White,Mandarin,Slim,Solid,579,3,1
S,Half,Blue,Round,Loose,Solid,2407,1,0
M,Sleeveless,Black,Polo,Slim,Striped,1139,5,1
L,Sleeveless,Red,Polo,Slim,Printed,322,7,0
S,Sleeveless,Black,Mandarin,Loose,Solid,1852,6,0
M,Half,Black,V-Neck,Slim,Checked,1003,1,0
L,Full,Red,Polo,Regular,Checked,2802,1,0
S,Full,Red,Polo,Loose,Solid,2868,3,1
M,Sleeveless,Blue,Round,Slim,Striped,917,1,0
XL,Full,White,Round,Slim,Solid,2406,6,1
XL,Full,Green,Round,Slim,Printed,1937,0,0
L,Full,White,Round,Slim,Solid,994,2,1
S,Half,White,V-Neck,Regular,Solid,1422,3,0
XL,Sleeveless,Yellow,Polo,Loose,Striped,1800,5,0
XL,Full,Green,Round,Slim,Checked,284,0,1
L,Sleeveless,White,Round,Regular,Printed,1070,0,0
L,Full,White,V-Neck,Loose,Printed,1178,0,0
L,Sleeveless,Red,Mandarin,Slim,Printed,1973,7,0
M,Full,Yellow,V-Neck,Loose,Checked,1082,1,0
L,Half,Green,Round,Slim,Solid,959,2,0
S,Full,White,Round,Regular,Solid,637,2,1
L,Half,White,V-Neck,Loose,Solid,2981,2,0
L,Full,Black,Round,Slim,Printed,763,2,0
M,Half,Blue,Mandarin,Loose,Striped,635,1,0
M,Sleeveless,Blue,Polo,Regular,Printed,1754,5,0
M,Full,White,V-Neck,Slim,Striped,742,8,1
M,Sleeveless,Green,V-Neck,Loose,Checked,1537,2,1
L,Sleeveless,Black,Round,Slim,Printed,2217,4,0
M,Full,Red,Polo,Loose,Solid,2788,1,0
M,Half,White,Mandarin,Slim,Solid,1017,2,0
M,Full,Black,V-Neck,Loose,Striped,867,4,0
M,Full,Green,Mandarin,Slim,Striped,1660,2,0
S,Full,Black,Polo,Loose,Striped,1807,2,0
L,Full,Blue,Round,Loose,Solid,3000,2,0
S,Full,White,Round,Slim,Solid,224,3,1
XL,Full,Yellow,V-Neck,Regular,Checked,2110,1,0
L,Sleeveless,White,Polo,Regular,Solid,2229,3,0
XL,Full,Black,Mandarin,Regular,Solid,1800,0,0
M,Half,Green,V-Neck,Loose,Solid,1186,0,0
S,Full,Blue,V-Neck,Loose,Solid,1283,6,1
M,Full,Green,Round,Regular,Printed,1465,2,0
S,Half,White,Polo,Slim,Checked,1866,4,0
XL,Half,White,Polo,Slim,Printed,1388,0,0
S,Full,Green,Polo,Regular,Solid,1664,1,1
XL,Full,Blue,Round,Slim,Solid,307,1,0
S,Half,Blue,V-Neck,Regular,Printed,1545,0,0
L,Half,Blue,Mandarin,Slim,Striped,1399,5,0
S,Full,Blue,Round,Slim,Printed,774,2,0
M,Full,Blue,Round,Slim,Solid,2161,5,0
L,Half,White,V-Neck,Loose,Checked,1163,5,0
L,Half,Black,Mandarin,Loose,Printed,1722,5,0
L,Full,Green,Round,Slim,Checked,2051,4,0
L,Full,Black,Round,Regular,Printed,228,1,0
L,Sleeveless,Black,V-Neck,Slim,Checked,2153,1,0
XL,Half,Blue,Round,Slim,Solid,2930,2,0
M,Full,White,Round,Regular,Checked,354,1,1
S,Full,Yellow,Round,Loose,Solid,1242,2,0
M,Full,Black,Round,Regular,Striped,647,3,1
M,Half,Black,Mandarin,Loose,Solid,536,2,1
M,Full,Green,Round,Regular,Striped,948,1,0
L,Half,Blue,Round,Regular,Solid,1744,5,1
L,Sleeveless,Yellow,Polo,Slim,Printed,741,8,0
XL,Full,Green,Mandarin,Loose,Printed,1469,8,1
S,Full,Red,Round,Loose,Printed,708,2,0
L,Sleeveless,Red,V-Neck,Regular,Solid,2346,2,0
XL,Sleeveless,Yellow,Polo,Slim,Solid,588,3,1
M,Full,Red,V-Neck,Regular,Solid,678,1,0
S,Sleeveless,Blue,Round,Loose,Printed,938,1,1
L,Sleeveless,White,Mandarin,Loose,Solid,2787,8,0
M,Full,Green,Round,Regular,Printed,227,2,0
L,Half,Black,Mandarin,Loose,Printed,381,2,1
XL,Half,Blue,Mandarin,Loose,Checked,1432,10,0
M,Sleeveless,Green,Round,Regular,Solid,2850,8,0
M,Full,Black,V-Neck,Regular,Printed,3000,2,1
M,Full,Green,Polo,Loose,Solid,1366,2,1
S,Half,Blue,Mandarin,Regular,Striped,1996,4,0
L,Half,Black,Polo,Regular,Solid,2970,6,0
S,Half,Green,Round,Slim,Striped,667,6,1
S,Half,Green,Round,Regular,Solid,2207,1,0
S,Full,Yellow,Round,Slim,Solid,1761,0,0
S,Half,Green,Round,Slim,Printed,1103,7,0
M,Sleeveless,Red,Round,Regular,Printed,373,2,0
L,Full,Blue,Polo,Regular,Solid,552,2,0
L,Half,Black,V-Neck,Regular,Printed,1098,0,1
M,Half,White,Round,Loose,Printed,1951,3,0
M,Half,Black,Round,Regular,Printed,636,1,0
L,Full,Black,Round,Regular,Printed,530,0,0
S,Sleeveless,Blue,Round,Regular,Solid,864,4,1
L,Half,Black,Round,Loose,Printed,924,9,0
S,Sleeveless,Black,Round,Regular,Solid,2894,5,1
L,Full,Blue,V-Neck,Regular,Solid,2781,5,1
L,Half,Blue,Mandarin,Slim,Striped,584,1,0
L,Half,Black,Round,Slim,Solid,1823,9,1
M,Full,White,Mandarin,Regular,Solid,2593,7,0
M,Full,Red,V-Neck,Regular,Solid,332,1,0
S,Sleeveless,Green,V-Neck,Slim,Striped,1086,6,1
L,Full,Red,V-Neck,Loose,Checked,1115,2,0
S,Full,Blue,Mandarin,Slim,Striped,635,1,0
XL,Half,Black,Round,Loose,Striped,1408,2,0
L,Full,Black,V-Neck,Slim,Solid,767,1,0
L,Sleeveless,Red,Polo,Loose,Solid,2626,5,0
L,Sleeveless,Yellow,Polo,Regular,Striped,1427,9,0
M,Half,Black,V-Neck,Loose,Striped,1562,5,0
L,Half,Black,Round,Loose,Solid,889,2,1
M,Full,Red,V-Neck,Regular,Checked,2779,4,1
XL,Half,Red,Mandarin,Regular,Printed,1932,3,0
L,Half,Blue,Mandarin,Slim,Striped,1682,3,1
M,Half,Yellow,Round,Regular,Striped,1104,3,0
L,Sleeveless,Blue,V-Neck,Regular,Printed,2322,4,1
L,Full,Blue,Round,Regular,Striped,448,1,0
L,Full,Green,Mandarin,Regular,Printed,1012,2,0
M,Full,Black,Round,Regular,Solid,1596,2,1
S,Full,Black,Round,Loose,Printed,657,1,1
M,Full,White,Mandarin,Loose,Solid,664,1,1
L,Full,Red,V-Neck,Slim,Solid,1630,2,0
L,Half,Black,Round,Regular,Solid,3000,2,1
S,Full,Red,Round,Regular,Checked,863,1,0
L,Full,Blue,Polo,Loose,Printed,1766,1,0
XL,Half,Blue,V-Neck,Slim,Solid,419,4,0
L,Full,Red,Round,Loose,Printed,718,2,0
L,Full,Yellow,Round,Regular,Striped,1532,6,1
S,Full,Green,Mandarin,Loose,Solid,1330,1,0
XL,Half,White,Mandarin,Slim,Printed,219,5,0
M,Full,Red,Mandarin,Loose,Solid,1667,1,0
XL,Half,White,Round,Loose,Striped,543,1,1
L,Half,Green,V-Neck,Regular,Checked,2022,5,0
L,Full,Green,Polo,Regular,Printed,659,0,0
L,Sleeveless,Red,Round,Regular,Checked,1179,2,1
L,Half,Black,Round,Loose,Solid,1411,3,1
S,Full,Yellow,V-Neck,Loose,Solid,1813,8,0
L,Half,Black,Round,Slim,Checked,1507,0,0
L,Full,White,Polo,Regular,Striped,2355,0,0
XL,Sleeveless,Black,Mandarin,Regular,Checked,460,3,0
S,Full,Black,Round,Loose,Solid,2246,3,0
L,Half,Red,Mandarin,Slim,Striped,2726,3,0
M,Full,White,Polo,Slim,Checked,591,2,0
XL,Full,Black,Mandarin,Regular,Checked,1293,3,1
XL,Half,White,Round,Loose,Striped,2386,6,0
M,Full,Green,Polo,Regular,Solid,624,1,1
XL,Sleeveless,Black,Polo,Slim,Printed,1071,2,0
S,Half,Black,V-Neck,Regular,Checked,660,2,0
S,Half,Green,V-Neck,Slim,Printed,440,3,1
M,Full,Red,Round,Loose,Striped,1788,3,1
L,Full,White,V-Neck,Regular,Checked,655,3,1
S,Full,White,V-Neck,Loose,Checked,446,8,0
S,Full,White,Round,Slim,Solid,2608,2,1
L,Full,Black,V-Neck,Loose,Printed,2102,9,0
L,Full,Black,V-Neck,Regular,Solid,619,4,0
XL,Sleeveless,Yellow,V-Neck,Loose,Checked,962,1,0
L,Sleeveless,Yellow,Mandarin,Regular,Striped,941,4,0
M,Sleeveless,Blue,V-Neck,Regular,Solid,1553,2,1
L,Half,Blue,Polo,Slim,Solid,2254,4,0
S,Half,Blue,V-Neck,Regular,Printed,1216,0,0
XL,Sleeveless,Red,Mandarin,Slim,Striped,2379,0,0
M,Half,Blue,Mandarin,Regular,Solid,388,5,1
M,Full,Blue,Round,Slim,Striped,823,9,1
S,Half,Blue,Round,Slim,Printed,1892,3,0
XL,Sleeveless,Red,Round,Regular,Striped,2121,3,0
M,Full,Black,V-Neck,Slim,Striped,558,2,1
M,Half,Red,Round,Slim,Striped,878,2,0
M,Full,Blue,Polo,Slim,Solid,666,0,1
S,Half,Blue,Polo,Loose,Striped,2981,4,0
M,Full,White,V-Neck,Loose,Solid,563,3,1
XL,Full,Black,V-Neck,Slim,Checked,1134,2,1
L,Sleeveless,Red,V-Neck,Slim,Printed,1884,0,0
L,Half,Red,V-Neck,Slim,Striped,1486,2,0
S,Sleeveless,White,Polo,Regular,Printed,2386,2,0
M,Half,Black,Round,Loose,Checked,1643,0,0
L,Half,Black,Mandarin,Regular,Solid,978,1,1
L,Full,White,Polo,Regular,Printed,1598,2,0
S,Half,Yellow,Polo,Regular,Striped,2485,2,1
M,Full,Black,Polo,Loose,Striped,989,0,0
XL,Full,Blue,Polo,Regular,Printed,598,3,1
M,Half,White,Round,Regular,Solid,852,1,0
M,Half,Green,Polo,Regular,Solid,554,3,0
M,Full,Yellow,V-Neck,Loose,Striped,476,2,0
XL,Half,Black,Mandarin,Regular,Checked,266,7,0
S,Half,Yellow,V-Neck,Regular,Solid,705,0,0
L,Sleeveless,Black,Round,Regular,Striped,317,4,0
S,Full,Blue,Polo,Slim,Printed,532,0,1
M,Full,Blue,Mandarin,Slim,Solid,249,3,0
S,Full,Blue,Mandarin,Loose,Solid,1121,9,0
L,Half,Blue,Mandarin,Regular,Solid,418,2,1
M,Full,Green,Round,Regular,Solid,387,3,0
XL,Sleeveless,Green,V-Neck,Slim,Striped,1084,2,1
M,Half,Blue,V-Neck,Regular,Printed,645,1,0
M,Half,White,Round,Loose,Solid,1286,2,0
S,Half,Blue,Polo,Regular,Striped,2291,3,0
M,Full,Black,Round,Slim,Printed,669,5,1
M,Half,White,Round,Loose,Solid,1862,2,0
S,Half,Black,Round,Regular,Solid,1999,5,0
S,Full,Red,Round,Slim,Solid,1612,3,0
S,Half,Green,Mandarin,Regular,Solid,1497,2,0
L,Half,Red,Round,Slim,Printed,1104,2,0
L,Half,Black,Polo,Regular,Checked,542,4,0
M,Half,Black,Round,Regular,Solid,406,1,1
L,Full,Black,Mandarin,Regular,Striped,1092,2,1
XL,Full,Black,Round,Slim,Checked,539,3,1
M,Sleeveless,Blue,Round,Loose,Solid,823,3,1
M,Sleeveless,Green,Round,Slim,Striped,1670,1,1
M,Sleeveless,Green,Polo,Regular,Checked,736,7,1
M,Sleeveless,Black,Polo,Regular,Printed,881,2,0
S,Sleeveless,Black,V-Neck,Regular,Solid,2836,6,0
M,Sleeveless,Black,V-Neck,Regular,Striped,367,1,1
M,Half,Black,Polo,Loose,Printed,2736,1,0
M,Sleeveless,Blue,Polo,Slim,Solid,578,3,1
XL,Sleeveless,Red,Mandarin,Loose,Checked,1209,3,0
L,Half,Blue,Round,Slim,Striped,1303,1,1
S,Half,White,Mandarin,Slim,Solid,444,3,0
XL,Half,Red,Round,Slim,Printed,3000,4,0
M,Half,Green,Round,Regular,Solid,1336,1,1
M,Sleeveless,Black,V-Neck,Slim,Printed,274,1,0
XL,Full,Red,Round,Regular,Striped,2653,7,0
S,Full,Yellow,V-Neck,Regular,Checked,887,3,1
XL,Full,Black,Mandarin,Slim,Striped,673,0,0
S,Half,Red,V-Neck,Loose,Checked,2761,6,0
S,Half,Blue,Polo,Loose,Printed,538,0,0
M,Half,Blue,V-Neck,Slim,Solid,726,0,1
XL,Half,Blue,Polo,Slim,Checked,1273,0,0
XL,Full,Black,Polo,Regular,Solid,717,4,1
XL,Half,Blue,Round,Regular,Checked,908,2,0
L,Full,Black,Polo,Slim,Solid,473,3,0
L,Half,White,Polo,Regular,Solid,3000,1,0
L,Half,White,Mandarin,Slim,Printed,634,1,0
S,Full,Blue,V-Neck,Loose,Printed,1435,3,1
M,Sleeveless,Black,V-Neck,Loose,Solid,2826,1,0
XL,Full,White,V-Neck,Slim,Printed,2990,1,0
S,Sleeveless,White,Round,Regular,Solid,783,5,1
XL,Half,Red,Polo,Regular,Striped,392,0,0
S,Full,Yellow,Round,Regular,Printed,1475,1,0
M,Full,Yellow,Round,Loose,Solid,1401,0,0
M,Full,Red,Round,Loose,Striped,451,0,0
S,Half,Blue,Polo,Loose,Striped,2418,2,0
XL,Half,Black,V-Neck,Regular,Striped,207,6,0
M,Full,Green,V-Neck,Slim,Striped,1915,2,0
L,Full,Black,V-Neck,Loose,Striped,729,2,1
XL,Half,Black,Mandarin,Regular,Solid,1266,0,0
XL,Half,Red,Round,Loose,Printed,960,4,0
L,Full,Blue,V-Neck,Regular,Checked,946,3,1
XL,Half,Blue,V-Neck,Slim,Printed,485,2,1
L,Half,Blue,Polo,Regular,Solid,599,3,0
M,Sleeveless,Black,V-Neck,Loose,Printed,2630,3,1
S,Sleeveless,Black,V-Neck,Loose,Checked,2323,4,0
M,Half,Blue,Mandarin,Slim,Solid,417,1,1
M,Full,Red,Polo,Loose,Printed,374,8,0
L,Full,Black,Polo,Regular,Striped,625,2,0
M,Half,Black,Mandarin,Regular,Printed,3000,3,0
M,Full,Yellow,V-Neck,Regular,Checked,2188,2,0
M,Full,Black,Mandarin,Slim,Solid,1001,7,1
XL,Half,White,V-Neck,Slim,Printed,1009,3,1
M,Half,White,V-Neck,Regular,Printed,700,1,1
M,Half,Black,Round,Regular,Checked,575,1,0
XL,Full,White,V-Neck,Regular,Solid,1551,6,0
L,Full,Black,Mandarin,Slim,Striped,1816,5,0
XL,Full,White,Polo,Regular,Striped,1811,1,0
XL,Full,Green,Round,Loose,Checked,2754,3,1
M,Full,Blue,Round,Slim,Printed,381,7,0
XL,Half,White,Round,Regular,Solid,1407,10,1
XL,Sleeveless,Yellow,Mandarin,Regular,Striped,854,3,0
M,Full,Black,V-Neck,Regular,Solid,1727,9,1
M,Sleeveless,Yellow,Mandarin,Regular,Striped,1482,0,0
M,Sleeveless,Blue,V-Neck,Slim,Solid,1425,1,0
M,Full,Red,Polo,Regular,Checked,526,6,1
L,Sleeveless,Yellow,V-Neck,Regular,Solid,814,0,0
M,Full,Black,Round,Slim,Checked,1677,0,0
L,Sleeveless,Yellow,V-Neck,Regular,Solid,2247,5,1
XL,Half,Yellow,Round,Loose,Striped,1549,3,0
M,Full,Red,Round,Regular,Striped,611,4,1
M,Half,Blue,Polo,Regular,Checked,2079,7,1
S,Sleeveless,Green,Mandarin,Regular,Printed,759,0,0
M,Half,White,Round,Loose,Solid,235,7,1
L,Half,Blue,Round,Regular,Striped,1527,1,1
M,Full,White,V-Neck,Slim,Checked,581,1,1
XL,Full,White,Polo,Loose,Printed,1220,3,0
XL,Sleeveless,Blue,Round,Regular,Checked,2771,7,0
S,Half,Red,Round,Slim,Solid,336,0,1
S,Half,Black,Mandarin,Slim,Striped,1095,1,0
M,Sleeveless,Blue,V-Neck,Loose,Striped,2164,1,0
M,Full,White,V-Neck,Slim,Striped,2430,7,0
M,Sleeveless,Blue,Polo,Regular,Solid,1551,3,0
M,Half,Green,Round,Slim,Solid,2781,4,1
L,Half,White,V-Neck,Regular,Checked,221,1,0
XL,Half,Blue,Round,Regular,Checked,200,2,0
S,Full,Black,Mandarin,Slim,Striped,1062,0,1
L,Full,Blue,Polo,Loose,Solid,729,2,1
M,Half,White,V-Neck,Slim,Striped,1244,1,0
L,Sleeveless,Blue,Mandarin,Slim,Solid,1310,0,1
M,Full,White,V-Neck,Loose,Solid,1572,3,0
M,Half,Black,Polo,Loose,Solid,286,7,1
M,Half,Red,Polo,Slim,Printed,1488,7,1
S,Sleeveless,White,Mandarin,Slim,Striped,1862,3,0
L,Half,White,Mandarin,Loose,Striped,742,2,0
L,Sleeveless,Black,Mandarin,Regular,Solid,2108,0,0
L,Sleeveless,Green,Round,Slim,Solid,822,1,0
M,Sleeveless,Black,Round,Loose,Striped,1087,2,1
S,Full,Red,Polo,Slim,Striped,2621,3,0
XL,Half,Blue,V-Neck,Slim,Checked,358,6,1
M,Sleeveless,Red,V-Neck,Slim,Checked,776,2,0
S,Half,White,Mandarin,Slim,Solid,259,7,0
L,Sleeveless,Green,V-Neck,Loose,Solid,1378,2,1
S,Full,Green,Mandarin,Regular,Solid,809,0,1
M,Sleeveless,Black,V-Neck,Loose,Solid,2793,4,1
S,Half,Yellow,Polo,Loose,Solid,1859,3,1
M,Half,Blue,Round,Regular,Solid,200,1,0
M,Half,Black,Polo,Regular,Printed,2182,2,0
M,Half,White,Round,Regular,Printed,1748,4,1
L,Full,Green,Polo,Regular,Solid,2400,5,0
S,Full,Blue,V-Neck,Loose,Solid,352,7,0
M,Sleeveless,Blue,V-Neck,Regular,Checked,2085,4,0
M,Sleeveless,Green,Polo,Slim,Solid,913,2,0
XL,Full,Blue,Mandarin,Regular,Printed,2107,6,0
M,Full,Red,Polo,Regular,Striped,2075,1,0
L,Full,Green,Round,Regular,Printed,1627,7,1
L,Sleeveless,Green,Round,Loose,Printed,1332,3,1
S,Full,Blue,V-Neck,Loose,Solid,900,0,0
L,Sleeveless,Yellow,Polo,Slim,Striped,2235,4,0
L,Half,Blue,Round,Slim,Solid,1915,1,0
L,Sleeveless,White,Mandarin,Regular,Checked,1276,2,0
M,Full,Yellow,V-Neck,Regular,Solid,300,2,0
L,Half,Black,Round,Regular,Printed,423,5,0
XL,Full,Black,Round,Regular,Solid,2646,8,0
S,Full,White,Mandarin,Slim,Printed,2126,4,1
S,Sleeveless,White,Round,Regular,Solid,388,1,0
S,Half,Blue,V-Neck,Regular,Solid,2322,2,1
S,Full,Yellow,Mandarin,Loose,Solid,443,2,0
L,Half,Red,Polo,Regular,Printed,1517,2,1
M,Half,Black,V-Neck,Slim,Striped,506,1,1
S,Sleeveless,White,V-Neck,Regular,Printed,669,6,0
M,Half,White,Polo,Regular,Checked,412,4,0
XL,Sleeveless,Black,Polo,Loose,Striped,1650,7,0
M,Sleeveless,Blue,V-Neck,Regular,Solid,1525,1,0
L,Half,White,Polo,Regular,Solid,450,5,0
L,Half,Red,Polo,Regular,Solid,1247,0,0
L,Full,Blue,Round,Loose,Solid,1650,8,0
M,Full,White,Round,Regular,Printed,924,2,0
S,Half,White,Mandarin,Regular,Printed,1606,6,0
M,Half,Blue,Mandarin,Regular,Solid,1419,1,1
M,Sleeveless,Black,Round,Slim,Checked,2777,1,0
M,Sleeveless,Yellow,V-Neck,Slim,Solid,1028,1,1
L,Sleeveless,Green,Mandarin,Slim,Solid,1155,1,1
XL,Half,Blue,Polo,Regular,Printed,696,1,0
L,Full,White,Mandarin,Slim,Printed,478,1,0
L,Sleeveless,Black,V-Neck,Loose,Striped,1664,8,0
M,Half,Blue,Mandarin,Slim,Solid,689,0,1
S,Sleeveless,Green,Round,Loose,Checked,261,5,0
XL,Half,White,Round,Slim,Printed,1168,2,0
L,Sleeveless,Blue,Mandarin,Loose,Printed,2850,3,0
L,Sleeveless,Black,Polo,Loose,Checked,715,1,0
M,Half,Black,Round,Slim,Printed,2090,1,1
L,Half,Blue,Polo,Regular,Checked,659,2,1
XL,Sleeveless,Yellow,Polo,Slim,Solid,2372,2,1
M,Sleeveless,Yellow,Polo,Regular,Solid,627,3,1
M,Sleeveless,Blue,Polo,Loose,Striped,1568,1,1
L,Half,Red,Round,Loose,Solid,1348,2,0
L,Full,Blue,Polo,Slim,Striped,1465,1,1
L,Half,Blue,Round,Loose,Printed,1363,1,0
XL,Full,Yellow,Round,Slim,Solid,2578,2,0
S,Half,Red,V-Neck,Slim,Checked,642,3,1
XL,Half,Black,V-Neck,Loose,Solid,1470,2,0
M,Half,Blue,Round,Regular,Printed,1749,0,0
S,Half,Yellow,V-Neck,Regular,Striped,1904,8,1
L,Sleeveless,Red,Polo,Regular,Striped,697,0,0
S,Half,Blue,V-Neck,Slim,Striped,2414,8,0
M,Sleeveless,Black,Round,Regular,Solid,1345,0,1
S,Half,Black,Round,Loose,Printed,358,0,0
M,Sleeveless,Yellow,Round,Slim,Printed,687,6,0
M,Full,Green,Round,Regular,Solid,609,3,0
M,Sleeveless,White,Polo,Slim,Printed,1131,4,0
L,Half,Yellow,Mandarin,Regular,Striped,767,9,0
M,Half,Black,Polo,Regular,Solid,1108,0,0
XL,Half,Red,Polo,Regular,Checked,1469,1,1
M,Full,Red,Round,Regular,Striped,948,3,0
L,Full,White,Polo,Loose,Printed,866,4,0
M,Full,Blue,Mandarin,Regular,Solid,652,4,0
M,Sleeveless,Black,Mandarin,Regular,Solid,480,2,1
XL,Full,Green,Mandarin,Regular,Printed,1410,0,1
M,Full,Black,Round,Slim,Solid,1553,4,1
XL,Full,Green,Mandarin,Slim,Striped,240,3,0
XL,Half,Red,V-Neck,Regular,Solid,1131,2,1
M,Full,Red,Mandarin,Regular,Printed,1924,0,0
XL,Half,White,V-Neck,Regular,Checked,1477,0,0
S,Full,Black,V-Neck,Regular,Striped,721,3,1
S,Half,Black,Mandarin,Loose,Solid,863,1,1
M,Half,White,V-Neck,Regular,Checked,576,1,0
S,Full,Blue,Polo,Loose,Solid,989,2,0
S,Sleeveless,Yellow,Round,Regular,Solid,1710,2,0
S,Half,Black,Mandarin,Loose,Striped,1826,3,0
M,Half,Blue,V-Neck,Regular,Striped,2263,0,1
M,Half,Green,Mandarin,Slim,Printed,1985,7,1
L,Full,Red,Round,Regular,Printed,959,1,1
S,Sleeveless,White,Round,Regular,Solid,581,1,0
L,Full,Green,V-Neck,Slim,Checked,1885,2,0
XL,Half,Black,Round,Slim,Striped,848,1,0
S,Full,Red,Mandarin,Regular,Printed,964,2,1
L,Full,White,V-Neck,Slim,Solid,1084,0,0
S,Full,Yellow,V-Neck,Regular,Checked,2051,9,1
S,Full,Green,Mandarin,Loose,Printed,737,8,1
XL,Half,Yellow,Polo,Loose,Printed,2683,3,1
L,Half,Yellow,Polo,Slim,Printed,307,4,0
XL,Sleeveless,White,Polo,Slim,Printed,566,3,1
S,Full,Blue,Round,Regular,Checked,1288,8,0
L,Sleeveless,Green,Polo,Loose,Striped,467,5,0
L,Sleeveless,Blue,Polo,Loose,Checked,430,3,1
M,Sleeveless,Black,Round,Regular,Solid,2038,5,0
L,Sleeveless,Yellow,Round,Slim,Striped,966,4,0
S,Half,Blue,Round,Regular,Printed,1169,1,1
XL,Sleeveless,Blue,Round,Regular,Checked,1428,0,0
XL,Half,Yellow,Polo,Loose,Solid,1381,3,0
M,Sleeveless,Black,Polo,Loose,Solid,437,3,0
S,Sleeveless,Red,V-Neck,Regular,Checked,1231,7,1
M,Sleeveless,Blue,Round,Regular,Printed,2143,2,0
L,Full,Yellow,Polo,Regular,Printed,1582,2,0
L,Sleeveless,Black,V-Neck,Slim,Checked,870,2,0
M,Half,White,Mandarin,Slim,Solid,775,2,0
M,Sleeveless,White,Polo,Loose,Striped,230,3,0
L,Sleeveless,Yellow,V-Neck,Slim,Solid,625,1,0
S,Half,Yellow,Polo,Regular,Solid,632,3,0
L,Sleeveless,Green,Mandarin,Loose,Solid,1937,2,0
M,Sleeveless,White,Mandarin,Loose,Printed,535,0,0
M,Full,Black,Round,Slim,Printed,2634,2,0
L,Half,Blue,Mandarin,Regular,Printed,1321,1,1
M,Half,White,Round,Regular,Printed,2885,2,0
XL,Sleeveless,Yellow,Mandarin,Regular,Printed,2799,8,0
M,Sleeveless,Red,V-Neck,Regular,Checked,488,2,0
M,Sleeveless,White,Round,Slim,Printed,360,2,0
M,Half,Black,Round,Regular,Printed,545,8,1
L,Full,White,Polo,Loose,Striped,2982,8,0
L,Half,Blue,V-Neck,Regular,Solid,655,2,0
L,Full,White,Round,Slim,Checked,1523,1,0
M,Sleeveless,Red,Round,Regular,Solid,476,1,0
L,Full,Blue,Polo,Slim,Printed,1174,0,0
L,Sleeveless,Green,Round,Regular,Printed,334,0,1
M,Half,Blue,V-Neck,Slim,Printed,1050,2,1
XL,Sleeveless,Black,Polo,Regular,Checked,861,3,0
M,Full,Yellow,Round,Loose,Printed,931,6,0
M,Full,White,Mandarin,Regular,Solid,1032,1,0
M,Half,Blue,V-Neck,Loose,Striped,1561,8,0
M,Full,Green,Polo,Regular,Striped,653,2,0
L,Full,Black,Polo,Slim,Solid,753,4,1
L,Half,Black,Mandarin,Slim,Solid,1310,3,0
XL,Half,Yellow,V-Neck,Regular,Striped,1276,1,0
M,Full,White,Round,Slim,Solid,1504,1,0
M,Sleeveless,Blue,V-Neck,Regular,Printed,3000,2,0
L,Sleeveless,Blue,V-Neck,Slim,Checked,380,0,0
S,Sleeveless,Red,Round,Slim,Striped,423,5,0
M,Sleeveless,Yellow,V-Neck,Regular,Printed,2731,3,0
S,Half,Yellow,V-Neck,Loose,Solid,2808,3,0
L,Sleeveless,Black,Mandarin,Loose,Solid,1631,1,0
L,Half,White,V-Neck,Slim,Solid,1583,3,0
S,Half,White,Round,Slim,Printed,1697,6,0
M,Full,Black,V-Neck,Loose,Striped,1349,1,0
S,Half,Black,Mandarin,Loose,Printed,752,0,0
XL,Half,Green,V-Neck,Regular,Printed,1059,2,0
XL,Full,White,Polo,Regular,Checked,569,1,1
M,Sleeveless,White,V-Neck,Slim,Striped,1641,3,1
S,Half,White,V-Neck,Regular,Striped,633,2,0
M,Full,Green,Round,Regular,Printed,2474,3,0
M,Half,White,Round,Slim,Checked,1543,1,0
L,Half,Green,Polo,Slim,Printed,2605,9,0
M,Half,Yellow,Round,Regular,Solid,1831,3,0
S,Full,Green,Round,Slim,Printed,1795,1,0
XL,Half,Yellow,Polo,Slim,Solid,1182,6,0
L,Half,Black,Round,Regular,Checked,1700,3,0
L,Full,Green,Mandarin,Regular,Printed,3000,2,0
L,Full,Black,V-Neck,Slim,Printed,200,2,0
M,Full,Blue,V-Neck,Loose,Striped,1355,3,0
M,Half,Red,Polo,Loose,Solid,1651,2,0
S,Full,White,V-Neck,Slim,Striped,457,3,0
L,Half,Red,Polo,Loose,Striped,863,3,0
S,Full,Green,V-Neck,Slim,Printed,2153,6,1
L,Full,Black,V-Neck,Slim,Striped,299,1,1
S,Half,White,Round,Loose,Solid,1075,2,1
L,Sleeveless,White,V-Neck,Regular,Checked,2833,2,1
S,Sleeveless,Blue,V-Neck,Slim,Striped,1533,1,1
L,Full,Black,Polo,Regular,Checked,3000,1,0
M,Full,White,Mandarin,Regular,Striped,2748,9,1
M,Sleeveless,Black,Polo,Slim,Printed,1998,4,0
L,Full,Blue,Polo,Regular,Solid,435,2,0
S,Full,Green,Round,Slim,Checked,1049,4,1
L,Full,Red,Polo,Loose,Solid,876,3,0
XL,Sleeveless,Red,V-Neck,Slim,Printed,2901,4,1
L,Full,White,V-Neck,Regular,Printed,2510,2,0
S,Half,Red,Round,Slim,Checked,2544,0,1
M,Half,Green,Round,Slim,Checked,1889,4,1
S,Half,Blue,Round,Slim,Printed,2885,4,1
M,Full,Green,Round,Regular,Solid,903,3,1
M,Full,White,Polo,Slim,Checked,1483,2,1
L,Full,Black,V-Neck,Regular,Striped,1243,1,1
L,Half,Yellow,Round,Loose,Solid,593,0,0
L,Full,Yellow,Mandarin,Regular,Solid,2370,9,1
M,Half,Black,Round,Slim,Printed,933,2,0
M,Sleeveless,Blue,Mandarin,Slim,Printed,1787,4,0
S,Full,White,V-Neck,Slim,Checked,1894,7,0
L,Sleeveless,White,Round,Slim,Solid,585,4,0
L,Half,White,Polo,Slim,Checked,2085,0,1
L,Half,Green,Round,Loose,Striped,1676,1,0
M,Full,Yellow,Mandarin,Slim,Printed,740,3,0
L,Half,Yellow,V-Neck,Loose,Solid,1087,0,1
M,Full,Green,Round,Slim,Solid,1028,3,1
L,Half,Black,Mandarin,Loose,Solid,1522,7,1
L,Sleeveless,White,Mandarin,Regular,Solid,395,3,0
M,Half,Green,V-Neck,Regular,Printed,320,0,0
L,Sleeveless,Yellow,V-Neck,Regular,Printed,287,2,0
XL,Full,Green,Mandarin,Regular,Solid,1756,5,1
S,Half,Yellow,V-Neck,Slim,Printed,233,4,0
S,Full,White,V-Neck,Regular,Striped,398,1,0
M,Full,Green,Polo,Regular,Checked,416,7,0
M,Half,Yellow,Round,Regular,Printed,2926,6,1
M,Full,Blue,Mandarin,Slim,Solid,1202,3,1
S,Sleeveless,Blue,V-Neck,Regular,Solid,2224,10,0
L,Full,Red,Round,Regular,Solid,970,6,1
M,Full,Black,Mandarin,Regular,Solid,1794,3,0
L,Full,Black,Round,Slim,Checked,810,1,1
L,Full,Black,V-Neck,Regular,Checked,1080,3,0
XL,Full,Yellow,V-Neck,Loose,Checked,1982,7,0
L,Half,Red,Round,Regular,Solid,2997,8,0
S,Full,White,Polo,Slim,Checked,262,5,0
M,Sleeveless,Green,Mandarin,Slim,Solid,2902,1,0
S,Full,Red,Mandarin,Regular,Printed,697,2,0
L,Half,Green,V-Neck,Slim,Printed,2662,1,0
M,Half,Red,Round,Loose,Solid,825,1,0
M,Half,Yellow,Polo,Regular,Solid,1665,7,0
L,Half,Yellow,V-Neck,Regular,Solid,1156,3,0
L,Half,White,Mandarin,Loose,Solid,658,6,0
XL,Full,Black,V-Neck,Regular,Printed,993,0,1
L,Sleeveless,White,Round,Slim,Solid,571,3,1
M,Full,Black,Mandarin,Loose,Striped,1021,2,0
M,Full,Black,Polo,Regular,Solid,1824,0,0
L,Half,Blue,Polo,Regular,Solid,1553,2,0
L,Half,Blue,Polo,Regular,Printed,659,4,0
M,Full,Green,V-Neck,Regular,Solid,2720,0,0
M,Sleeveless,White,Mandarin,Loose,Striped,609,0,0
M,Half,Green,V-Neck,Slim,Solid,1217,0,1
M,Sleeveless,White,Round,Slim,Striped,1198,0,0
M,Half,Red,Mandarin,Loose,Striped,303,0,0
M,Full,Black,Polo,Slim,Printed,1221,3,1
M,Full,Green,Round,Slim,Solid,1919,5,0
M,Sleeveless,White,V-Neck,Loose,Solid,2124,6,1
L,Sleeveless,Green,Polo,Slim,Striped,1818,0,1
M,Full,White,Polo,Loose,Checked,944,5,0
M,Full,Green,Mandarin,Regular,Solid,1960,3,1
M,Sleeveless,Blue,V-Neck,Slim,Solid,334,1,1
M,Half,Blue,Polo,Loose,Striped,2615,1,0
XL,Full,Red,V-Neck,Loose,Striped,618,1,0
XL,Full,White,Round,Slim,Checked,1604,9,0
S,Full,Yellow,Mandarin,Loose,Solid,1353,1,1
S,Full,Blue,Mandarin,Regular,Solid,1079,2,1
M,Sleeveless,Yellow,Round,Regular,Checked,2268,3,0
XL,Half,White,V-Neck,Slim,Printed,1847,1,1
S,Full,Black,Round,Slim,Checked,698,2,0
M,Sleeveless,Green,V-Neck,Slim,Solid,283,0,0
XL,Full,Green,Polo,Slim,Checked,2749,1,0
M,Full,Yellow,V-Neck,Slim,Striped,574,1,1
L,Half,Red,V-Neck,Loose,Solid,693,1,1
XL,Sleeveless,Green,Polo,Regular,Striped,2653,2,0
M,Full,White,V-Neck,Loose,Striped,1974,6,0
S,Full,White,V-Neck,Regular,Striped,892,1,0
XL,Full,Red,Mandarin,Slim,Checked,438,4,1
L,Half,Yellow,Polo,Slim,Solid,1605,2,0
S,Full,Blue,Polo,Loose,Printed,1503,8,1
M,Full,Green,Round,Slim,Striped,343,0,1
XL,Full,Black,V-Neck,Slim,Striped,714,4,1
M,Full,Black,V-Neck,Slim,Solid,496,0,0
L,Full,Blue,Round,Regular,Striped,1670,4,0
S,Full,Green,V-Neck,Loose,Printed,362,2,0
XL,Half,Yellow,V-Neck,Regular,Checked,793,8,1
XL,Half,Red,Round,Loose,Checked,2428,7,1
XL,Half,Red,Polo,Loose,Striped,2673,8,0
L,Sleeveless,Black,V-Neck,Regular,Solid,954,3,0
M,Full,Red,Polo,Regular,Solid,1448,0,1
S,Sleeveless,Green,Mandarin,Loose,Solid,706,1,0
M,Sleeveless,Green,Round,Loose,Solid,971,2,0
M,Full,Blue,V-Neck,Slim,Solid,2426,4,0
L,Sleeveless,White,Round,Slim,Striped,1146,3,0
M,Full,Yellow,Polo,Regular,Printed,811,3,0
L,Full,Green,Round,Loose,Printed,770,2,1
M,Half,Blue,Mandarin,Slim,Checked,767,3,1
XL,Half,Black,Mandarin,Loose,Checked,200,1,1
L,Half,Green,Round,Regular,Striped,914,3,0
L,Full,Blue,Mandarin,Regular,Solid,859,4,1
XL,Sleeveless,Blue,Polo,Regular,Striped,802,8,0
XL,Half,Black,V-Neck,Regular,Striped,200,1,0
S,Full,Blue,Polo,Regular,Striped,1248,0,0
XL,Sleeveless,Red,Polo,Loose,Striped,2586,5,0
XL,Full,Yellow,Round,Regular,Striped,1781,3,1
L,Full,White,Round,Regular,Solid,633,1,0
M,Full,Black,Round,Regular,Checked,532,2,0
S,Half,White,Polo,Slim,Striped,989,2,0
M,Half,Red,Polo,Loose,Striped,2055,7,0
S,Full,Black,Round,Slim,Solid,3000,2,0
S,Full,Blue,Mandarin,Loose,Solid,1144,2,1
M,Full,Blue,Polo,Regular,Solid,2796,3,1
M,Full,Red,Polo,Loose,Checked,939,2,1
XL,Half,Red,V-Neck,Slim,Solid,2928,2,0
M,Full,Blue,Round,Slim,Striped,769,3,1
M,Half,Red,Round,Regular,Striped,1465,4,1
L,Sleeveless,Black,V-Neck,Loose,Striped,460,3,0
L,Full,Red,Mandarin,Slim,Solid,653,3,0
L,Half,Yellow,Round,Regular,Solid,2125,3,1
L,Half,Black,Round,Slim,Solid,1045,2,1
M,Sleeveless,Blue,V-Neck,Slim,Printed,2780,1,1
XL,Sleeveless,Blue,Mandarin,Slim,Printed,1796,1,0
S,Half,White,Mandarin,Loose,Solid,1613,3,0
L,Full,White,Round,Regular,Solid,200,3,0
XL,Half,Red,V-Neck,Loose,Solid,412,1,1
L,Sleeveless,Blue,Round,Regular,Checked,2416,1,0
L,Half,Blue,V-Neck,Regular,Printed,2681,0,0
L,Full,Red,Polo,Regular,Checked,2442,2,0
S,Full,Blue,V-Neck,Slim,Checked,3000,0,1
M,Half,Blue,Mandarin,Slim,Checked,602,4,0
S,Sleeveless,White,V-Neck,Regular,Printed,974,1,0
L,Full,Green,V-Neck,Slim,Checked,3000,3,0
M,Full,Blue,Polo,Slim,Solid,2483,2,0
L,Sleeveless,White,Mandarin,Loose,Checked,1019,6,1
M,Half,White,V-Neck,Loose,Printed,566,2,1
M,Full,Red,Polo,Slim,Striped,1559,1,0
M,Full,Red,V-Neck,Regular,Checked,875,1,0
L,Sleeveless,Black,Polo,Regular,Striped,646,2,1
L,Half,Blue,Mandarin,Regular,Solid,1932,2,0
XL,Sleeveless,Red,Polo,Slim,Solid,1339,1,0
M,Sleeveless,Black,Round,Regular,Striped,1249,0,0
M,Full,Blue,Round,Slim,Checked,729,2,0
S,Sleeveless,Yellow,Round,Regular,Printed,1801,1,0
S,Full,Red,Polo,Loose,Checked,863,3,1
L,Sleeveless,Yellow,Polo,Regular,Printed,2401,4,1
S,Sleeveless,Black,V-Neck,Regular,Striped,1543,2,1
XL,Full,Blue,Polo,Slim,Striped,2260,2,0
M,Full,Black,Round,Slim,Striped,415,2,1
L,Sleeveless,Black,Mandarin,Slim,Printed,1107,1,0
M,Full,White,Polo,Regular,Striped,1245,0,1
S,Half,Black,Mandarin,Slim,Striped,1405,6,0
L,Full,Yellow,Polo,Regular,Printed,597,1,0
L,Half,Yellow,Polo,Slim,Striped,695,9,0
L,Full,White,Polo,Loose,Checked,462,4,0
L,Half,White,Round,Slim,Striped,1159,4,0
M,Full,White,Mandarin,Regular,Solid,523,0,1
M,Full,Green,Mandarin,Slim,Solid,430,5,1
M,Sleeveless,White,Mandarin,Regular,Printed,895,5,1
L,Full,Green,Mandarin,Loose,Striped,612,3,0
S,Full,Black,Polo,Regular,Checked,3000,0,0
S,Half,Black,Round,Regular,Striped,2583,6,0
L,Half,White,V-Neck,Regular,Solid,1319,0,1
M,Half,White,Polo,Regular,Solid,702,7,0
XL,Half,Black,Polo,Loose,Checked,1494,0,1
XL,Sleeveless,Green,Round,Regular,Printed,367,1,0
XL,Sleeveless,Blue,Round,Loose,Checked,456,0,0
L,Half,Blue,Mandarin,Loose,Printed,332,2,0
L,Full,White,Round,Regular,Printed,1243,0,0
M,Sleeveless,Blue,Polo,Loose,Checked,475,2,0
L,Half,Green,Round,Slim,Solid,844,1,1
S,Half,Black,Polo,Loose,Solid,1740,4,0
S,Full,White,Round,Slim,Striped,641,2,1
S,Half,Red,V-Neck,Loose,Printed,1555,2,0
L,Half,White,Polo,Regular,Striped,874,3,0
L,Sleeveless,Black,Round,Slim,Printed,1405,0,1
L,Sleeveless,White,Mandarin,Slim,Printed,2901,1,0
M,Full,Blue,V-Neck,Regular,Printed,974,1,0
M,Sleeveless,Blue,Polo,Regular,Checked,2034,4,0
L,Half,Red,Round,Slim,Striped,1203,3,0
M,Full,Green,Round,Loose,Printed,1773,2,0
S,Full,Blue,Round,Regular,Solid,1515,4,1
L,Half,White,Mandarin,Regular,Printed,1021,8,0
L,Sleeveless,Yellow,Polo,Regular,Checked,1492,3,0
S,Full,Blue,V-Neck,Loose,Solid,870,1,0
S,Sleeveless,Red,Mandarin,Loose,Checked,2298,10,0
M,Half,Green,V-Neck,Regular,Checked,641,0,0
L,Full,Black,V-Neck,Regular,Checked,3000,3,1
L,Half,Black,Polo,Regular,Striped,3000,1,0
L,Full,Red,Polo,Loose,Checked,1684,1,0
M,Half,Blue,V-Neck,Regular,Checked,2447,2,0
L,Full,White,Round,Slim,Checked,595,0,1
L,Half,White,Mandarin,Regular,Checked,1962,7,1
L,Half,White,Round,Loose,Printed,2971,3,0
S,Full,Green,Mandarin,Loose,Solid,1320,1,0
M,Half,White,V-Neck,Slim,Solid,610,1,1
M,Half,Red,V-Neck,Slim,Striped,581,2,0
L,Full,Red,Polo,Loose,Striped,343,4,0
XL,Sleeveless,Black,Mandarin,Slim,Solid,1383,1,1
XL,Sleeveless,Yellow,Polo,Regular,Striped,1634,2,0
M,Half,Black,Round,Loose,Striped,546,1,0
XL,Full,Blue,V-Neck,Regular,Checked,1806,1,1
M,Full,Black,Polo,Slim,Printed,1881,6,1
M,Half,Black,Round,Loose,Printed,2294,0,0
M,Full,Black,Polo,Regular,Solid,828,1,0
L,Full,Black,Round,Slim,Checked,374,2,0
L,Sleeveless,Black,V-Neck,Slim,Printed,1207,3,0
L,Half,Green,Mandarin,Regular,Striped,2338,5,0
XL,Full,Blue,V-Neck,Slim,Solid,200,3,1
XL,Full,White,V-Neck,Loose,Printed,2651,8,0
S,Full,Yellow,Polo,Regular,Checked,2114,7,0
L,Sleeveless,Blue,V-Neck,Loose,Solid,886,2,0
M,Full,Green,V-Neck,Slim,Solid,1135,1,1
S,Full,White,Round,Loose,Printed,1378,4,1
S,Half,Black,Round,Regular,Checked,522,2,0
L,Full,Black,V-Neck,Slim,Checked,909,0,1
M,Half,Yellow,Polo,Regular,Solid,1898,2,0
L,Half,White,Polo,Slim,Checked,2998,7,1
L,Full,Red,V-Neck,Regular,Striped,982,3,0
M,Sleeveless,Yellow,Mandarin,Slim,Printed,1472,4,1
M,Full,White,Polo,Slim,Printed,1015,2,1
L,Full,Green,Mandarin,Regular,Checked,206,5,0
L,Sleeveless,Yellow,V-Neck,Regular,Checked,1837,1,0
L,Half,Blue,Round,Regular,Solid,900,0,0
XL,Sleeveless,Green,Polo,Regular,Striped,1247,1,0
L,Full,Green,Polo,Regular,Printed,638,3,0
L,Sleeveless,Black,Mandarin,Loose,Checked,1683,8,1
L,Half,Blue,Mandarin,Regular,Checked,1578,2,0
M,Full,Yellow,Polo,Slim,Printed,894,1,1
M,Full,Yellow,Polo,Regular,Solid,460,1,0
L,Sleeveless,Green,V-Neck,Loose,Checked,522,2,0
L,Half,Yellow,Round,Slim,Checked,560,4,1
S,Half,Green,V-Neck,Regular,Solid,1229,3,1
M,Full,Green,Mandarin,Regular,Printed,3000,3,0
M,Sleeveless,Black,V-Neck,Regular,Striped,1303,9,0
S,Half,Yellow,Round,Slim,Checked,2027,8,1
M,Full,Black,V-Neck,Loose,Checked,1750,3,1
L,Full,Blue,Polo,Slim,Checked,829,3,1
M,Full,Blue,Mandarin,Regular,Printed,1975,2,1
L,Full,Black,Round,Slim,Striped,1951,2,0
XL,Full,Blue,V-Neck,Regular,Checked,1051,2,0
L,Full,Green,V-Neck,Loose,Striped,1895,1,0
L,Full,White,Polo,Loose,Checked,210,9,0
L,Sleeveless,Black,Mandarin,Regular,Printed,1396,3,0
S,Full,Green,Round,Slim,Checked,2183,8,0
L,Half,Blue,Round,Loose,Printed,746,2,0
L,Half,Blue,Round,Loose,Printed,908,0,1
XL,Sleeveless,Green,Polo,Slim,Striped,1063,0,1
M,Full,White,V-Neck,Slim,Printed,2260,10,0
S,Sleeveless,Red,Mandarin,Slim,Striped,2032,6,0
L,Half,Red,V-Neck,Slim,Checked,2234,0,0
M,Full,Black,Polo,Loose,Striped,2206,7,0
XL,Half,Red,V-Neck,Loose,Checked,1333,1,0
XL,Half,Black,Round,Slim,Checked,686,0,0
XL,Half,Black,Polo,Loose,Printed,901,1,0
S,Half,White,V-Neck,Loose,Striped,1420,1,1
S,Sleeveless,Red,Round,Regular,Printed,1809,8,1
S,Sleeveless,Black,Polo,Regular,Checked,556,2,1
L,Half,Red,Round,Slim,Printed,1045,2,1
L,Sleeveless,Black,Round,Regular,Solid,3000,1,1
S,Half,Yellow,Mandarin,Loose,Solid,2375,5,0
L,Full,Blue,V-Neck,Slim,Solid,860,3,0
M,Full,Red,V-Neck,Regular,Printed,1118,0,1
S,Sleeveless,Red,V-Neck,Loose,Solid,300,4,1
M,Sleeveless,Green,V-Neck,Regular,Solid,340,8,0
M,Full,Yellow,Polo,Slim,Solid,2662,1,0
M,Full,Blue,Mandarin,Slim,Striped,1429,2,0
M,Full,Blue,V-Neck,Slim,Solid,1828,7,0
S,Full,White,Mandarin,Regular,Striped,1185,0,0
M,Sleeveless,Blue,Mandarin,Slim,Solid,862,3,1
M,Full,White,Round,Loose,Solid,2643,1,0
M,Full,Green,Round,Slim,Checked,675,2,0
XL,Full,Green,V-Neck,Slim,Solid,1614,1,0
M,Sleeveless,Green,V-Neck,Regular,Striped,208,0,0
M,Full,Blue,V-Neck,Regular,Solid,615,2,1
M,Full,Blue,Round,Loose,Solid,361,4,0
M,Half,Green,Mandarin,Regular,Solid,369,2,0
M,Full,White,Round,Slim,Printed,1383,6,1
L,Half,Green,V-Neck,Regular,Solid,1216,2,0
XL,Sleeveless,Green,Polo,Regular,Striped,1965,9,0
S,Full,Black,Mandarin,Loose,Striped,875,1,1
L,Full,Blue,Mandarin,Slim,Solid,2638,5,0
M,Half,Black,V-Neck,Slim,Solid,2477,2,0
M,Full,Red,Polo,Loose,Solid,622,0,0
XL,Full,Green,Round,Regular,Striped,387,1,1
M,Full,Yellow,Polo,Regular,Printed,636,1,1
XL,Half,Black,Mandarin,Regular,Striped,1728,8,0
S,Half,Yellow,V-Neck,Loose,Printed,1227,3,0
M,Full,Black,Polo,Slim,Solid,1365,2,1
XL,Half,Black,Polo,Slim,Solid,706,4,0
S,Sleeveless,Black,V-Neck,Slim,Striped,1418,0,0
M,Full,Black,V-Neck,Slim,Solid,632,1,1
L,Sleeveless,Black,Polo,Loose,Striped,2868,6,0
S,Full,Red,Polo,Slim,Printed,654,3,0
S,Full,White,Mandarin,Loose,Striped,2043,3,0
L,Full,Black,V-Neck,Loose,Solid,433,0,1
L,Full,Green,V-Neck,Loose,Printed,1462,1,1
L,Full,Black,Round,Regular,Solid,2972,1,0
L,Full,Black,V-Neck,Regular,Checked,966,4,0
XL,Sleeveless,White,V-Neck,Loose,Printed,1345,0,0
M,Half,White,Round,Loose,Solid,577,2,1
XL,Half,White,Mandarin,Loose,Checked,2837,2,0
L,Half,Blue,Mandarin,Slim,Checked,2366,5,0
M,Full,Black,Mandarin,Regular,Printed,1490,1,1
S,Full,Yellow,Polo,Regular,Striped,766,2,1
M,Full,Green,Mandarin,Slim,Solid,995,5,1
S,Half,Red,Polo,Loose,Solid,502,1,0
M,Full,Yellow,Polo,Slim,Printed,492,1,1
L,Sleeveless,Green,Mandarin,Regular,Printed,2038,2,0
S,Half,Black,Round,Regular,Solid,956,3,0
XL,Half,Red,Mandarin,Slim,Solid,1571,3,0
XL,Full,Blue,Round,Slim,Solid,371,0,0
M,Half,Black,Mandarin,Regular,Checked,1800,0,1
S,Full,Green,Round,Slim,Striped,543,2,0
L,Half,Yellow,Polo,Regular,Printed,760,3,0
L,Full,Blue,V-Neck,Slim,Checked,1162,0,0
XL,Full,Blue,Mandarin,Slim,Printed,1278,1,0
L,Full,Black,Polo,Regular,Striped,1235,0,0
M,Full,Red,Polo,Slim,Printed,641,2,1
L,Half,White,V-Neck,Regular,Solid,473,1,0
L,Full,Black,Polo,Slim,Checked,506,2,1
M,Half,Green,Mandarin,Loose,Solid,372,3,1
M,Sleeveless,Blue,Round,Regular,Solid,857,0,1
XL,Half,Red,Polo,Regular,Solid,2476,7,0
L,Full,White,Round,Loose,Printed,1516,9,1
XL,Half,Blue,V-Neck,Regular,Solid,1118,1,0
M,Full,Blue,Mandarin,Slim,Checked,2733,5,0
M,Half,White,Polo,Regular,Solid,1737,7,1
M,Sleeveless,Red,V-Neck,Regular,Solid,1957,2,1
XL,Half,Blue,Polo,Regular,Checked,3000,3,1
M,Full,Green,Mandarin,Loose,Solid,760,0,1
L,Sleeveless,Yellow,Round,Loose,Solid,1879,6,0
L,Full,Blue,Polo,Slim,Checked,285,2,0
M,Sleeveless,Green,V-Neck,Slim,Solid,737,7,1
XL,Sleeveless,Black,Polo,Regular,Striped,2882,1,1
S,Full,White,Mandarin,Slim,Solid,1377,0,1
S,Full,White,V-Neck,Loose,Checked,2701,5,1
S,Half,Red,Polo,Regular,Striped,1044,2,1
M,Full,Black,V-Neck,Slim,Printed,1314,2,0
XL,Full,White,Mandarin,Regular,Solid,474,3,0
L,Full,Green,Polo,Slim,Solid,448,3,0
L,Sleeveless,Black,Round,Slim,Solid,2292,1,1
XL,Full,Red,Mandarin,Regular,Solid,2587,1,0
M,Half,White,Round,Regular,Checked,1429,3,1
L,Half,Black,Mandarin,Regular,Solid,1219,1,1
L,Full,White,Round,Loose,Solid,1273,6,1
L,Full,White,Polo,Regular,Printed,1821,1,0
XL,Half,Black,Polo,Regular,Printed,635,3,0
L,Full,Green,V-Neck,Loose,Striped,2883,5,0
S,Half,Black,Polo,Slim,Solid,1625,9,1
XL,Sleeveless,Red,V-Neck,Slim,Solid,855,1,0
M,Sleeveless,Yellow,Polo,Slim,Striped,702,0,1
L,Full,Red,V-Neck,Regular,Striped,1988,2,0
XL,Half,White,Polo,Slim,Checked,392,1,0
M,Full,Blue,Round,Loose,Printed,905,3,0
S,Half,Black,Mandarin,Slim,Solid,1165,2,1
L,Sleeveless,Blue,Round,Slim,Striped,2059,2,0
XL,Half,Black,V-Neck,Regular,Checked,1488,8,0
S,Sleeveless,Green,V-Neck,Loose,Printed,567,3,0
M,Full,Green,Round,Regular,Solid,766,1,1
M,Full,Green,Polo,Slim,Printed,1188,7,1
M,Half,Red,V-Neck,Slim,Checked,762,2,1
L,Half,Yellow,Round,Slim,Solid,3000,0,1
M,Half,White,Round,Slim,Printed,1655,0,0
S,Full,White,Round,Loose,Striped,425,4,1
L,Full,Yellow,Polo,Loose,Checked,1677,0,0
M,Sleeveless,Red,V-Neck,Regular,Striped,662,2,1
L,Half,Green,Mandarin,Regular,Solid,203,4,1
M,Sleeveless,Blue,Round,Slim,Checked,487,3,1
XL,Full,Green,Round,Loose,Solid,1694,5,1
S,Full,Black,Polo,Loose,Printed,1202,4,0
L,Half,White,Polo,Slim,Solid,956,1,1
XL,Half,Red,Polo,Regular,Solid,2931,5,1
M,Half,Red,Round,Regular,Striped,1115,5,1
S,Sleeveless,Blue,V-Neck,Regular,Checked,451,6,1
S,Full,White,Round,Slim,Striped,2472,6,0
M,Full,Black,V-Neck,Regular,Checked,200,3,0
L,Half,Blue,Mandarin,Regular,Striped,373,0,0
M,Full,White,V-Neck,Loose,Striped,413,1,0
S,Full,Yellow,Round,Regular,Striped,2754,2,0
S,Full,Blue,Round,Slim,Printed,2370,4,0
S,Half,Black,Round,Regular,Printed,2165,5,1
L,Half,Red,Polo,Regular,Printed,2873,5,0
L,Half,White,Polo,Regular,Checked,884,1,0
L,Half,Blue,Round,Loose,Solid,600,5,1
L,Half,Black,Polo,Slim,Solid,306,2,1
M,Full,Yellow,Polo,Regular,Solid,918,1,1
M,Full,Blue,Mandarin,Loose,Solid,782,8,0
M,Sleeveless,Black,Polo,Slim,Striped,2214,7,0
L,Half,Red,Round,Slim,Solid,724,2,0
S,Sleeveless,Red,Round,Slim,Solid,1756,5,0
M,Sleeveless,Black,Mandarin,Slim,Striped,566,1,0
S,Sleeveless,Blue,Polo,Loose,Checked,761,6,0
L,Sleeveless,Red,Polo,Regular,Striped,385,4,0
M,Full,Green,Mandarin,Loose,Printed,691,0,0
M,Full,Black,Round,Slim,Checked,936,1,1
L,Sleeveless,Black,V-Neck,Slim,Solid,1633,3,0
M,Half,Red,Mandarin,Loose,Solid,1860,3,0
S,Full,Blue,Round,Slim,Striped,606,3,0
S,Sleeveless,Blue,Mandarin,Regular,Solid,2000,8,0
M,Half,White,Round,Loose,Solid,427,2,0
XL,Half,White,V-Neck,Slim,Checked,869,8,1
M,Full,Black,Round,Slim,Solid,2910,5,0
XL,Half,White,Round,Slim,Striped,1427,4,0
XL,Full,Green,Round,Regular,Solid,1026,6,0
XL,Full,Blue,Mandarin,Loose,Solid,1389,0,0
XL,Half,Blue,Round,Regular,Striped,1675,3,0
L,Half,Black,Polo,Regular,Printed,549,0,0
S,Half,Black,Mandarin,Regular,Solid,697,0,0
M,Sleeveless,Blue,V-Neck,Regular,Printed,1585,0,0
M,Full,Green,Mandarin,Regular,Printed,1152,2,1
S,Full,Blue,Round,Regular,Solid,1176,3,0
L,Half,Blue,Round,Regular,Checked,294,2,0
L,Full,Blue,Polo,Regular,Striped,645,1,0
M,Full,Blue,Round,Regular,Striped,803,2,1
S,Full,White,V-Neck,Regular,Striped,568,0,0
S,Full,Red,V-Neck,Slim,Printed,886,2,1
S,Full,Green,Round,Regular,Solid,414,2,0
S,Half,White,V-Neck,Loose,Solid,1463,8,0
XL,Full,Green,V-Neck,Regular,Solid,335,2,0
XL,Sleeveless,Green,V-Neck,Loose,Solid,878,3,0
M,Full,Red,Round,Regular,Printed,740,1,1
S,Half,Yellow,V-Neck,Slim,Solid,218,9,0
M,Full,Green,V-Neck,Slim,Checked,2296,0,1
M,Full,Blue,Mandarin,Regular,Striped,277,5,1
L,Half,Blue,V-Neck,Loose,Striped,1302,1,1
M,Half,Black,Polo,Slim,Solid,1330,6,1
XL,Full,White,Polo,Regular,Striped,2975,3,0
L,Sleeveless,White,Polo,Regular,Printed,1885,7,0
M,Half,Green,V-Neck,Slim,Striped,1178,2,0
M,Half,Yellow,Round,Loose,Solid,2156,8,1
S,Sleeveless,Yellow,V-Neck,Regular,Printed,2928,9,1
S,Half,Yellow,V-Neck,Slim,Solid,1732,0,0
S,Full,Blue,Mandarin,Loose,Solid,1562,2,1
S,Half,Red,Polo,Loose,Printed,2705,8,0
S,Full,Green,Polo,Slim,Checked,386,3,0
L,Sleeveless,Yellow,Round,Slim,Solid,863,8,1
S,Sleeveless,Yellow,Mandarin,Regular,Striped,978,10,1
L,Half,Black,Round,Loose,Striped,782,7,0
S,Full,White,Polo,Regular,Solid,699,2,1
XL,Half,Blue,Round,Regular,Printed,2429,3,0
L,Sleeveless,Green,Round,Slim,Printed,2195,5,1
L,Full,Green,Round,Loose,Solid,1818,8,0
S,Full,Blue,Polo,Slim,Solid,2711,4,1
M,Half,White,Round,Regular,Checked,2825,8,1
XL,Full,Black,V-Neck,Slim,Checked,251,4,0
M,Half,White,Polo,Regular,Solid,3000,1,1
L,Full,Blue,Polo,Loose,Printed,1598,8,1
L,Full,White,Mandarin,Regular,Checked,1014,6,1
L,Full,Red,Polo,Slim,Printed,1598,3,1
L,Full,White,Mandarin,Slim,Solid,2883,3,0
M,Half,White,Polo,Slim,Solid,1088,0,1
L,Half,Red,V-Neck,Loose,Striped,209,0,0
XL,Full,Black,Polo,Loose,Printed,950,2,1
XL,Half,Red,Round,Loose,Striped,483,3,0
M,Sleeveless,White,Round,Regular,Printed,967,6,0
M,Full,Blue,Polo,Slim,Checked,646,5,1
M,Sleeveless,Green,Polo,Slim,Checked,519,0,1
M,Full,White,Polo,Regular,Solid,1183,0,1
S,Half,White,Round,Regular,Checked,2167,0,0
M,Half,Red,Round,Loose,Printed,399,4,0
L,Full,White,Polo,Slim,Solid,447,1,1
S,Sleeveless,Yellow,Round,Loose,Checked,1600,0,0
S,Full,Black,Round,Regular,Checked,200,1,0
M,Full,Red,V-Neck,Slim,Printed,2787,1,1
M,Half,Blue,V-Neck,Slim,Solid,1118,2,0
L,Full,Green,V-Neck,Regular,Checked,1411,0,0
L,Full,Red,Polo,Regular,Striped,647,2,0
L,Half,White,Round,Regular,Solid,562,0,0
L,Full,Red,V-Neck,Loose,Striped,2528,3,0
M,Sleeveless,Black,V-Neck,Regular,Solid,1340,7,1
M,Full,Blue,Round,Slim,Printed,595,3,0
M,Full,Red,Mandarin,Regular,Striped,1060,0,1
M,Half,Green,Mandarin,Loose,Solid,1621,0,1
M,Half,White,V-Neck,Loose,Striped,648,1,0
XL,Half,Black,Mandarin,Loose,Printed,683,1,1
M,Half,Blue,Mandarin,Regular,Solid,1208,3,1
L,Half,White,Mandarin,Slim,Striped,789,3,0
M,Full,Black,V-Neck,Regular,Printed,1753,1,1
XL,Full,Black,Polo,Loose,Striped,687,0,1
XL,Half,Black,Polo,Slim,Printed,1047,1,1
S,Sleeveless,Blue,Mandarin,Regular,Solid,1030,3,0
M,Full,Red,V-Neck,Regular,Printed,1746,4,0
M,Sleeveless,Green,Polo,Loose,Solid,940,1,0
M,Full,Black,Round,Regular,Checked,503,2,0
XL,Full,White,V-Neck,Regular,Striped,1010,6,1
M,Sleeveless,Yellow,Round,Regular,Printed,776,0,1
L,Half,Red,Round,Slim,Printed,791,3,1
S,Full,Yellow,V-Neck,Regular,Striped,1695,3,0
M,Full,White,Round,Regular,Checked,1290,7,0
S,Half,Blue,Round,Loose,Solid,3000,2,0
XL,Half,Yellow,V-Neck,Regular,Solid,2283,7,1
L,Sleeveless,Green,V-Neck,Slim,Striped,1926,2,0
S,Full,Black,Polo,Regular,Striped,454,1,1
L,Full,Red,V-Neck,Loose,Solid,698,4,1
M,Half,Green,V-Neck,Slim,Printed,1089,1,0
M,Full,White,Mandarin,Slim,Checked,1720,3,1
L,Half,White,Polo,Slim,Checked,359,2,0
S,Sleeveless,White,Polo,Loose,Solid,1044,2,0
XL,Half,Green,Round,Loose,Striped,2052,1,0
L,Half,Black,Mandarin,Slim,Printed,1400,0,0
M,Sleeveless,Black,Mandarin,Slim,Solid,1592,2,1
L,Full,Black,Polo,Regular,Printed,1006,1,1
S,Sleeveless,Green,Polo,Loose,Solid,1665,1,0
M,Full,Black,Polo,Slim,Solid,444,2,1
S,Sleeveless,Blue,Polo,Slim,Printed,1517,2,0
M,Sleeveless,Green,Round,Regular,Checked,1702,4,0
M,Sleeveless,Green,V-Neck,Regular,Checked,895,5,0
M,Full,Black,Mandarin,Slim,Solid,1686,8,1
XL,Sleeveless,Black,V-Neck,Regular,Solid,1051,2,0
M,Full,Green,V-Neck,Slim,Striped,2924,4,0
XL,Sleeveless,Black,Polo,Regular,Striped,1818,3,0
M,Sleeveless,Black,Polo,Slim,Solid,1401,0,1
L,Sleeveless,White,Polo,Regular,Printed,1242,2,0
M,Half,White,Round,Regular,Checked,1165,6,1
L,Full,Yellow,Polo,Regular,Checked,2837,1,0
M,Full,Blue,Mandarin,Regular,Checked,2184,2,1
L,Half,Black,Round,Slim,Checked,1712,0,0
M,Sleeveless,Black,Round,Slim,Striped,604,3,1
XL,Half,White,Round,Loose,Striped,1260,3,0
L,Sleeveless,Blue,Round,Regular,Striped,1301,3,0
L,Sleeveless,Black,Round,Slim,Striped,1925,5,1
S,Sleeveless,White,Polo,Regular,Striped,992,5,0
XL,Full,White,V-Neck,Loose,Checked,802,1,0
L,Sleeveless,White,Round,Loose,Solid,920,3,1
S,Full,White,Polo,Slim,Striped,2442,1,1
S,Sleeveless,White,Round,Loose,Checked,2068,1,0
M,Sleeveless,Green,V-Neck,Regular,Striped,2897,0,0
M,Half,Black,Round,Regular,Solid,1531,2,1
L,Full,Green,V-Neck,Regular,Checked,1154,9,0
M,Half,Green,Mandarin,Regular,Solid,2902,9,1
S,Sleeveless,Yellow,Round,Slim,Solid,1040,2,0
L,Full,Blue,Polo,Regular,Solid,1334,3,0
M,Sleeveless,Black,V-Neck,Regular,Checked,1119,3,1
S,Full,Red,Round,Regular,Printed,471,1,0
M,Sleeveless,Blue,Mandarin,Slim,Checked,491,3,1
L,Half,Blue,V-Neck,Regular,Checked,1163,3,0
L,Full,Black,V-Neck,Regular,Printed,1407,4,0
M,Full,Green,Mandarin,Loose,Solid,2583,4,0
XL,Sleeveless,Blue,Round,Loose,Solid,895,4,0
S,Half,White,Mandarin,Regular,Striped,314,0,0
S,Half,Black,Polo,Slim,Checked,1754,0,0
L,Sleeveless,Black,Mandarin,Regular,Solid,1339,5,0
L,Half,Green,V-Neck,Loose,Striped,779,3,1
S,Sleeveless,Green,Round,Regular,Printed,445,1,0
L,Half,Blue,Polo,Loose,Printed,292,3,0
XL,Full,Black,Mandarin,Slim,Printed,2260,2,0
L,Sleeveless,Yellow,V-Neck,Regular,Solid,2446,10,1
S,Full,Black,V-Neck,Regular,Printed,328,1,0
L,Full,Black,Round,Slim,Printed,1387,4,1
M,Half,Black,V-Neck,Slim,Solid,345,3,0
S,Full,White,Round,Slim,Printed,1436,0,0
XL,Sleeveless,Red,V-Neck,Regular,Printed,732,1,1
M,Full,Black,Polo,Regular,Striped,794,3,1
M,Full,Black,Mandarin,Regular,Checked,1227,1,1
M,Half,Blue,Round,Regular,Striped,703,1,0
M,Half,White,Round,Loose,Printed,518,0,0
XL,Half,Black,Round,Slim,Solid,768,5,0
L,Full,Black,Round,Slim,Printed,1767,6,1
XL,Half,Blue,Mandarin,Slim,Solid,2366,3,0
M,Half,Black,V-Neck,Slim,Solid,462,2,0
XL,Sleeveless,Yellow,Round,Loose,Printed,885,2,0
M,Half,Blue,Polo,Regular,Solid,663,2,0
L,Half,Green,Round,Loose,Solid,652,2,0
S,Full,Green,Round,Regular,Printed,2962,1,0
M,Full,Black,Round,Regular,Striped,1456,1,1
L,Half,White,Mandarin,Slim,Printed,2872,6,0
XL,Half,Blue,Polo,Loose,Solid,1159,0,0
M,Sleeveless,Red,Polo,Slim,Printed,835,2,0
XL,Full,Green,V-Neck,Loose,Printed,1553,3,1
S,Half,Yellow,Mandarin,Slim,Striped,1260,4,0
XL,Full,Red,Mandarin,Loose,Checked,2303,6,1
S,Half,Black,Polo,Loose,Striped,800,0,0
M,Full,Yellow,V-Neck,Loose,Striped,500,2,0
L,Half,Yellow,Polo,Slim,Printed,323,3,0
L,Sleeveless,Black,Mandarin,Regular,Printed,1938,0,0
XL,Sleeveless,Black,V-Neck,Slim,Printed,2744,2,1
S,Half,White,Round,Regular,Printed,1317,1,0
S,Half,Red,Round,Loose,Solid,1142,7,1
M,Full,Black,V-Neck,Loose,Striped,643,3,1
L,Sleeveless,Blue,Round,Regular,Solid,1020,3,0
S,Sleeveless,Black,Mandarin,Slim,Solid,2496,7,1
S,Full,Yellow,Polo,Slim,Printed,1728,7,0
S,Full,Green,Mandarin,Regular,Checked,954,8,1
M,Half,Black,Mandarin,Slim,Checked,502,6,1
L,Sleeveless,Blue,Round,Slim,Printed,452,3,0
L,Sleeveless,Blue,Mandarin,Regular,Printed,1806,9,0
S,Full,White,Round,Regular,Solid,1500,9,0
L,Half,Blue,Round,Loose,Printed,1272,2,0
M,Sleeveless,Red,Mandarin,Slim,Printed,869,0,1
L,Half,Black,Mandarin,Regular,Printed,1509,6,0
L,Full,White,Polo,Regular,Striped,786,3,1
L,Full,Yellow,Round,Regular,Printed,556,1,0
L,Full,Blue,Mandarin,Loose,Printed,3000,2,0
S,Sleeveless,Green,Polo,Slim,Printed,1501,2,0
M,Half,Black,Mandarin,Regular,Solid,2236,0,0
M,Half,Blue,Mandarin,Loose,Printed,930,3,0
M,Half,Black,Round,Loose,Striped,796,5,1
S,Half,Black,Round,Regular,Solid,3000,3,1
M,Half,Red,Polo,Regular,Checked,1310,1,1
L,Full,Black,Mandarin,Slim,Printed,325,0,1
L,Sleeveless,Blue,Round,Regular,Solid,332,4,0
M,Full,Blue,Polo,Regular,Solid,2588,2,1
S,Sleeveless,Blue,Polo,Slim,Solid,2809,9,1
S,Half,Blue,Mandarin,Loose,Striped,1576,10,1
M,Sleeveless,Green,Mandarin,Slim,Solid,2889,9,1
S,Full,Yellow,Round,Slim,Striped,1596,4,0
L,Half,Blue,Round,Slim,Striped,631,4,0
S,Sleeveless,White,Round,Loose,Solid,1423,3,1
S,Half,Red,V-Neck,Regular,Solid,772,2,0
S,Sleeveless,Black,V-Neck,Regular,Striped,2064,3,0
S,Full,Red,V-Neck,Loose,Printed,2608,1,0
XL,Half,Green,Polo,Slim,Printed,568,3,0
M,Half,Blue,Round,Regular,Solid,326,3,0
L,Half,Green,Polo,Regular,Solid,1293,2,1
M,Half,Green,Polo,Loose,Striped,2243,7,0
M,Half,Blue,Polo,Slim,Solid,916,1,0
L,Sleeveless,White,Round,Slim,Striped,2009,5,0
XL,Sleeveless,Red,V-Neck,Loose,Printed,911,1,0
M,Sleeveless,Red,Round,Regular,Printed,685,1,1
S,Full,Blue,V-Neck,Regular,Solid,441,0,0
M,Full,Black,Mandarin,Regular,Solid,3000,1,1
XL,Full,Green,V-Neck,Regular,Printed,441,1,0
L,Half,Green,Polo,Slim,Striped,343,8,1
M,Half,Yellow,Round,Loose,Printed,1248,4,0
M,Sleeveless,Black,Polo,Regular,Solid,2386,8,0
M,Sleeveless,White,Round,Regular,Solid,2506,3,1
M,Sleeveless,Black,Round,Regular,Striped,923,0,0
L,Full,Black,V-Neck,Loose,Solid,3000,1,0
L,Full,White,Polo,Slim,Printed,2263,3,1
L,Half,Blue,Mandarin,Regular,Checked,711,3,0
L,Half,Green,Polo,Loose,Striped,2514,7,0
M,Half,Green,Round,Regular,Striped,1650,3,0
L,Full,Blue,Polo,Slim,Printed,1799,2,0
S,Half,Blue,Mandarin,Slim,Solid,768,6,1
L,Full,Blue,V-Neck,Regular,Striped,1079,0,1
M,Half,Red,Round,Regular,Printed,1338,6,0
S,Half,Yellow,Polo,Slim,Printed,2325,3,0
XL,Sleeveless,Black,Round,Regular,Checked,784,1,0
M,Half,Red,Polo,Regular,Checked,898,1,0
XL,Full,Black,Mandarin,Regular,Striped,2175,4,0
M,Full,Red,Polo,Regular,Solid,825,8,1
L,Sleeveless,Green,V-Neck,Slim,Checked,934,5,1
M,Half,Blue,V-Neck,Regular,Solid,2356,10,1
L,Full,Yellow,Polo,Slim,Solid,870,2,0
XL,Half,Yellow,Polo,Slim,Striped,464,3,0
XL,Full,Yellow,V-Neck,Regular,Printed,2345,3,0
M,Half,Green,Polo,Regular,Solid,1522,0,0
S,Full,Blue,Round,Slim,Striped,397,2,1
L,Full,Yellow,Round,Regular,Striped,1961,10,0
L,Half,Blue,V-Neck,Loose,Striped,2094,9,0
M,Sleeveless,Red,V-Neck,Loose,Checked,1439,0,1
S,Sleeveless,Green,V-Neck,Slim,Solid,2606,2,0
M,Full,Yellow,Polo,Regular,Solid,1147,0,0
XL,Sleeveless,Yellow,V-Neck,Regular,Printed,862,3,0
XL,Half,Black,Polo,Slim,Solid,459,6,0
L,Half,White,Round,Slim,Printed,2432,2,0
XL,Full,Red,V-Neck,Slim,Solid,790,5,1
XL,Half,Green,V-Neck,Slim,Solid,801,1,1
L,Full,Red,Mandarin,Regular,Striped,1657,6,0
M,Full,Green,Mandarin,Regular,Checked,1135,4,1
XL,Sleeveless,Black,Round,Regular,Striped,1286,2,0
S,Sleeveless,White,Polo,Regular,Printed,3000,3,0
M,Sleeveless,Green,V-Neck,Loose,Checked,2848,2,0
L,Half,White,Mandarin,Loose,Striped,1499,10,1
L,Sleeveless,Blue,Round,Regular,Checked,787,8,0
M,Sleeveless,Blue,V-Neck,Regular,Printed,2444,2,0
M,Full,Green,Mandarin,Regular,Solid,521,8,1
L,Half,Red,V-Neck,Slim,Solid,912,1,0
S,Half,Black,Polo,Slim,Solid,2624,0,0
M,Half,Yellow,Round,Regular,Solid,481,0,1
S,Full,White,V-Neck,Loose,Printed,1767,9,0
M,Full,Black,Polo,Loose,Printed,881,2,0
M,Half,Blue,Polo,Slim,Printed,1253,2,0
L,Half,Black,V-Neck,Slim,Solid,3000,3,1
M,Sleeveless,White,V-Neck,Regular,Printed,450,8,0
M,Full,Yellow,Mandarin,Slim,Checked,1240,4,1
L,Full,Yellow,Round,Slim,Solid,2934,6,0
M,Full,Red,V-Neck,Regular,Striped,322,4,1
M,Full,Blue,V-Neck,Slim,Checked,300,7,0
XL,Full,Blue,V-Neck,Regular,Solid,2100,7,1
M,Half,Blue,Round,Regular,Solid,1988,8,0
M,Half,White,Polo,Loose,Striped,452,2,1
L,Half,Green,Round,Slim,Printed,219,7,0
S,Half,Blue,Polo,Slim,Checked,610,7,0
L,Sleeveless,Red,V-Neck,Regular,Solid,1067,1,0
XL,Sleeveless,Red,Polo,Regular,Striped,398,2,0
M,Full,Blue,V-Neck,Regular,Striped,845,3,1
XL,Full,Yellow,Mandarin,Loose,Solid,2189,4,1
M,Full,Red,Round,Slim,Printed,2427,2,0
XL,Full,Red,V-Neck,Loose,Solid,517,2,1
L,Sleeveless,White,Round,Slim,Checked,2498,0,0
L,Half,Red,Mandarin,Regular,Striped,2306,3,0
XL,Sleeveless,White,Round,Slim,Striped,2864,3,1
XL,Sleeveless,Yellow,V-Neck,Regular,Solid,2653,6,0
L,Full,Blue,Polo,Slim,Striped,507,0,1
M,Sleeveless,Green,V-Neck,Loose,Solid,479,3,1
M,Half,Yellow,Polo,Slim,Checked,447,4,1
XL,Full,Green,Round,Regular,Printed,2810,6,0
L,Half,Red,V-Neck,Loose,Printed,1311,5,0
M,Sleeveless,Black,Polo,Slim,Solid,775,6,1
L,Full,Yellow,V-Neck,Regular,Solid,1519,9,0
M,Half,Black,Mandarin,Loose,Solid,1015,7,0
XL,Sleeveless,Blue,V-Neck,Loose,Printed,1162,8,1
XL,Full,Black,Polo,Loose,Solid,1209,3,0
M,Half,Red,Polo,Slim,Printed,1354,1,0
XL,Full,Blue,Polo,Slim,Printed,788,1,0
L,Sleeveless,White,V-Neck,Loose,Striped,703,2,0
M,Full,White,Polo,Regular,Checked,1978,2,1
M,Sleeveless,Yellow,Polo,Loose,Solid,2377,7,1
L,Full,Yellow,Round,Regular,Striped,2791,3,0
M,Full,Green,V-Neck,Loose,Striped,747,2,0
S,Sleeveless,Red,Round,Slim,Solid,808,4,0
S,Full,Yellow,Round,Regular,Striped,362,0,1
S,Full,Blue,Mandarin,Regular,Printed,233,1,1
M,Half,Red,Polo,Slim,Printed,709,3,1
XL,Sleeveless,Red,Round,Slim,Checked,1684,3,0
M,Full,Blue,Polo,Loose,Striped,328,1,0
M,Full,White,Polo,Regular,Checked,1641,4,0
XL,Half,Green,Polo,Regular,Printed,1637,2,1
L,Half,White,Polo,Regular,Printed,2158,4,0
L,Half,Red,Round,Loose,Checked,842,1,0
M,Sleeveless,White,Polo,Slim,Solid,857,3,1
XL,Full,Red,Round,Slim,Printed,1450,3,0
L,Sleeveless,Black,Round,Regular,Solid,1876,6,0
S,Full,Black,V-Neck,Loose,Printed,2623,2,1
M,Sleeveless,Black,Mandarin,Regular,Printed,265,8,0
M,Full,Red,Round,Slim,Striped,1462,1,1
L,Half,Black,Polo,Regular,Striped,2269,1,0
M,Full,Green,Round,Slim,Checked,864,0,0
M,Full,Green,Polo,Slim,Solid,683,2,0
S,Sleeveless,Red,V-Neck,Loose,Printed,786,3,0
S,Half,Black,V-Neck,Regular,Checked,883,3,0
L,Half,Red,V-Neck,Slim,Printed,1539,5,1
L,Full,Black,V-Neck,Regular,Striped,2653,4,1
M,Sleeveless,White,Polo,Regular,Solid,1965,4,0
L,Half,Red,Polo,Regular,Printed,447,0,0
L,Half,Red,Mandarin,Loose,Checked,1579,4,0
L,Half,White,Mandarin,Slim,Solid,1213,8,0
XL,Full,Yellow,V-Neck,Slim,Checked,2435,6,0
XL,Full,White,Mandarin,Slim,Striped,1407,9,1
S,Half,White,Mandarin,Slim,Printed,1818,2,0
S,Sleeveless,Red,Polo,Slim,Striped,1264,0,0
XL,Full,Blue,Round,Slim,Solid,1596,0,1
L,Sleeveless,Black,V-Neck,Slim,Printed,820,3,1
XL,Half,Green,Mandarin,Slim,Solid,2743,3,0
M,Half,Black,V-Neck,Loose,Solid,775,2,0
S,Full,Black,Round,Loose,Striped,484,0,1
XL,Full,Red,Mandarin,Slim,Solid,2061,0,0
XL,Half,Red,V-Neck,Loose,Solid,356,4,0
M,Full,White,Polo,Slim,Solid,908,3,0
M,Half,Yellow,Mandarin,Regular,Striped,1168,1,1
L,Full,Red,Polo,Slim,Solid,2431,2,0
L,Full,Green,V-Neck,Slim,Printed,871,0,0
M,Half,Red,Mandarin,Regular,Checked,1582,0,1
M,Half,White,Polo,Regular,Solid,1074,1,1
S,Half,Black,Mandarin,Slim,Solid,375,9,1
S,Sleeveless,Blue,Round,Regular,Printed,2031,7,1
L,Half,Blue,V-Neck,Slim,Solid,679,3,1
S,Sleeveless,Yellow,V-Neck,Regular,Solid,2023,5,0
S,Half,Red,Round,Regular,Striped,994,3,1
XL,Sleeveless,Yellow,Polo,Slim,Checked,917,0,0
S,Full,Black,V-Neck,Regular,Printed,2129,2,1
M,Half,Green,Mandarin,Loose,Printed,560,3,0
L,Full,White,Polo,Loose,Striped,1997,2,0
M,Sleeveless,Red,Polo,Loose,Solid,292,0,0
M,Half,Yellow,Round,Loose,Printed,1400,3,0
M,Sleeveless,Red,V-Neck,Slim,Checked,1670,4,0
L,Half,Black,Polo,Regular,Striped,2079,0,0
L,Full,White,Polo,Regular,Striped,454,3,0
S,Full,White,Polo,Regular,Checked,542,0,1
M,Sleeveless,Green,Polo,Loose,Solid,842,3,0
M,Half,Red,Round,Regular,Solid,1435,8,0
M,Half,White,V-Neck,Regular,Striped,665,3,0
M,Sleeveless,Blue,Mandarin,Slim,Checked,686,0,0
S,Half,Black,Polo,Loose,Checked,825,2,1
L,Full,Red,Round,Slim,Solid,2650,2,1
M,Full,White,Polo,Slim,Printed,1076,7,0
XL,Sleeveless,Yellow,Mandarin,Slim,Checked,876,0,0
L,Sleeveless,Red,V-Neck,Loose,Solid,561,7,0
S,Half,Blue,Polo,Slim,Striped,2770,4,0
L,Half,Black,Polo,Slim,Striped,2487,3,1
XL,Full,White,V-Neck,Slim,Printed,322,4,0
M,Half,Yellow,Round,Slim,Printed,1788,0,0
L,Half,Red,Round,Regular,Solid,2117,9,1
M,Sleeveless,Black,V-Neck,Regular,Printed,528,2,0
M,Sleeveless,Black,Round,Loose,Striped,516,3,0
M,Half,Red,Polo,Loose,Solid,912,2,0
S,Half,Red,Round,Slim,Printed,1057,3,0
M,Half,White,Round,Regular,Solid,200,1,0
M,Full,White,V-Neck,Loose,Checked,2444,4,0
M,Sleeveless,White,V-Neck,Slim,Solid,2397,2,0
M,Sleeveless,Black,V-Neck,Loose,Solid,2780,4,1
XL,Full,Yellow,Mandarin,Loose,Printed,2466,0,0
L,Half,Green,Polo,Loose,Printed,1031,2,0
S,Full,Blue,Polo,Loose,Striped,1182,5,0
M,Half,Blue,Mandarin,Regular,Printed,1400,2,1
S,Half,Black,V-Neck,Loose,Solid,1199,7,0
XL,Full,Red,Polo,Regular,Solid,1954,2,1
L,Sleeveless,Blue,Mandarin,Slim,Checked,200,0,0
S,Half,Yellow,Polo,Slim,Checked,2901,1,0
L,Full,White,Round,Regular,Checked,2488,4,0
M,Full,Blue,Round,Regular,Striped,1043,5,1
M,Full,White,Polo,Loose,Solid,431,1,1
L,Full,Black,Mandarin,Regular,Solid,719,3,1
L,Half,Yellow,Polo,Slim,Printed,1567,5,0
XL,Full,Black,Mandarin,Loose,Printed,1103,0,0
M,Full,Blue,Round,Regular,Solid,1144,2,1
L,Full,Blue,V-Neck,Regular,Striped,1036,3,1
XL,Sleeveless,Blue,V-Neck,Slim,Printed,2220,3,1
M,Half,Yellow,Mandarin,Slim,Striped,1114,2,0
M,Full,Blue,V-Neck,Loose,Checked,1175,1,0
M,Full,Black,V-Neck,Regular,Solid,386,1,1
M,Half,Black,V-Neck,Regular,Checked,1212,6,0
L,Half,Black,Round,Regular,Solid,1233,3,1
S,Full,Yellow,V-Neck,Loose,Solid,1945,3,0
L,Half,Blue,Polo,Slim,Solid,979,2,1
S,Sleeveless,Blue,Polo,Regular,Printed,2262,6,1
M,Half,Red,Polo,Loose,Striped,1110,0,0
XL,Sleeveless,White,Polo,Loose,Solid,595,2,1
S,Sleeveless,Blue,V-Neck,Regular,Printed,2147,3,1
L,Half,Blue,V-Neck,Loose,Solid,1019,1,0
M,Half,Black,Round,Slim,Solid,704,2,0
L,Half,Black,Mandarin,Loose,Printed,943,1,1
XL,Full,Black,Mandarin,Loose,Solid,1401,3,0
S,Half,Green,Round,Regular,Checked,1796,2,0
M,Half,Blue,Round,Slim,Solid,745,0,1
XL,Sleeveless,Black,Round,Slim,Striped,1635,3,0
S,Full,Blue,V-Neck,Regular,Striped,734,2,1
S,Sleeveless,White,Polo,Slim,Solid,383,8,1
S,Half,White,Mandarin,Loose,Printed,2770,3,0
S,Full,Red,Round,Slim,Checked,2501,7,0
M,Full,Blue,Polo,Slim,Solid,312,3,0
M,Half,Black,V-Neck,Slim,Striped,2005,1,0
L,Sleeveless,Blue,Round,Regular,Printed,2257,2,1
M,Full,Blue,V-Neck,Regular,Solid,497,3,1
M,Half,Black,V-Neck,Regular,Checked,586,2,0
XL,Sleeveless,Red,Polo,Regular,Printed,699,1,0
M,Full,Yellow,V-Neck,Regular,Checked,231,0,1
XL,Half,White,V-Neck,Slim,Solid,737,1,0
M,Half,Black,V-Neck,Loose,Solid,538,3,1
M,Half,White,Polo,Loose,Solid,1620,4,0
XL,Half,Red,Round,Regular,Striped,833,0,0
M,Half,White,Round,Loose,Solid,3000,0,0
XL,Half,Green,Polo,Regular,Checked,713,0,0
S,Full,White,Polo,Regular,Printed,2983,1,0
L,Sleeveless,Green,Mandarin,Regular,Checked,238,4,0
L,Full,Green,Round,Loose,Checked,785,2,0
M,Full,White,Mandarin,Slim,Solid,605,4,1
L,Full,White,Round,Regular,Printed,2947,0,0
L,Half,White,Polo,Regular,Solid,1938,1,0
S,Half,Blue,Mandarin,Regular,Solid,2135,1,0
S,Half,Yellow,Round,Slim,Solid,1626,0,0
XL,Half,Blue,Polo,Slim,Solid,1988,0,0
L,Half,Black,Mandarin,Regular,Solid,2648,5,1
S,Half,Blue,Round,Regular,Striped,1219,0,0
M,Full,White,Mandarin,Loose,Striped,512,3,1
M,Half,Black,Polo,Loose,Checked,2194,2,1
L,Half,Green,V-Neck,Slim,Solid,699,3,1
M,Full,White,Round,Regular,Checked,2288,7,0
M,Half,Black,Mandarin,Regular,Printed,288,2,0
M,Sleeveless,Black,Polo,Slim,Printed,734,2,0
S,Full,Blue,Round,Slim,Striped,2405,1,1
L,Sleeveless,White,Polo,Loose,Solid,641,0,0
L,Half,Blue,Round,Loose,Solid,439,4,1
XL,Full,Black,Mandarin,Slim,Solid,2206,2,1
M,Full,Red,Polo,Regular,Striped,1693,3,1
S,Half,Black,Mandarin,Slim,Checked,2771,9,0
M,Sleeveless,Blue,V-Neck,Regular,Striped,2006,1,1
S,Full,Black,Polo,Slim,Printed,475,1,0
S,Sleeveless,Black,Polo,Loose,Checked,2434,3,0
L,Sleeveless,Blue,Polo,Regular,Striped,2518,0,1
S,Full,Green,Round,Slim,Solid,2256,2,0
M,Full,White,V-Neck,Loose,Solid,1211,0,0
L,Sleeveless,Blue,Round,Regular,Checked,1300,2,1
M,Full,White,Polo,Slim,Solid,862,1,1
M,Full,Red,Polo,Slim,Checked,2736,0,0
L,Half,Green,Polo,Regular,Checked,1407,1,0
M,Half,Blue,Polo,Loose,Printed,852,2,0
M,Full,Blue,V-Neck,Loose,Printed,386,1,1
M,Half,Black,V-Neck,Regular,Printed,716,4,0
M,Sleeveless,Red,Polo,Regular,Striped,783,3,1
XL,Sleeveless,White,Polo,Regular,Checked,1686,0,0
XL,Sleeveless,Yellow,Round,Loose,Solid,1880,4,0
S,Half,Red,Polo,Slim,Solid,770,3,0
M,Full,Black,V-Neck,Slim,Solid,1222,2,1
L,Sleeveless,Green,Polo,Slim,Printed,2315,7,0
S,Half,Black,Round,Regular,Checked,1183,2,0
L,Half,Yellow,Polo,Slim,Printed,991,4,0
S,Half,Black,V-Neck,Slim,Solid,749,2,1
L,Half,Green,Round,Slim,Printed,1858,7,1
L,Half,Red,Polo,Loose,Solid,637,1,1
M,Sleeveless,Blue,Round,Regular,Solid,2014,0,0
L,Half,Black,Round,Slim,Solid,457,1,1
L,Full,Blue,Round,Loose,Solid,2330,1,1
L,Half,Red,Mandarin,Slim,Striped,671,0,1
L,Full,Yellow,Polo,Regular,Printed,2678,2,0
M,Half,Blue,Polo,Loose,Printed,1745,4,0
L,Half,Red,Polo,Slim,Solid,2376,4,0
S,Half,Black,Mandarin,Slim,Printed,546,1,1
XL,Half,Black,V-Neck,Slim,Striped,2604,0,1
L,Sleeveless,Green,V-Neck,Loose,Solid,2447,3,0
M,Full,Black,Round,Regular,Solid,626,2,1
L,Full,Yellow,Polo,Slim,Printed,1421,3,1
L,Full,Black,Mandarin,Loose,Printed,413,2,0
L,Sleeveless,Black,V-Neck,Slim,Printed,786,1,1
S,Half,Green,Mandarin,Slim,Checked,1672,1,0
S,Half,Red,Polo,Regular,Printed,1365,6,0
S,Full,Yellow,Round,Slim,Solid,1610,2,1
XL,Full,Red,Polo,Slim,Striped,2315,3,1
L,Full,White,Polo,Regular,Solid,619,1,1
S,Half,Black,Polo,Regular,Striped,1494,0,0
M,Half,Black,Mandarin,Loose,Printed,514,6,0
XL,Full,White,Round,Slim,Solid,859,2,0
L,Half,Yellow,V-Neck,Loose,Striped,994,1,0
L,Sleeveless,Green,Mandarin,Regular,Checked,2291,6,0
S,Full,Yellow,V-Neck,Regular,Printed,1151,0,0
S,Full,Yellow,Polo,Regular,Solid,795,3,0
M,Sleeveless,Black,Polo,Loose,Printed,782,0,0
M,Half,White,V-Neck,Loose,Striped,2467,1,0
L,Full,Black,V-Neck,Regular,Striped,1766,5,1
L,Full,Yellow,Mandarin,Regular,Solid,701,1,1
XL,Full,Red,Round,Loose,Solid,559,1,0
S,Sleeveless,Black,Round,Slim,Printed,701,1,0
M,Full,Red,Mandarin,Regular,Printed,780,8,0
M,Full,Black,V-Neck,Slim,Printed,405,3,1
M,Sleeveless,White,Polo,Slim,Printed,949,3,0
S,Full,Black,V-Neck,Regular,Striped,1571,0,0
XL,Full,Blue,Polo,Regular,Striped,2151,2,0
M,Full,Blue,Polo,Loose,Printed,289,4,1
S,Sleeveless,Yellow,Round,Slim,Solid,1952,0,0
XL,Full,Black,Polo,Regular,Solid,2852,7,0
XL,Half,Yellow,V-Neck,Slim,Printed,585,1,0
S,Half,Yellow,V-Neck,Regular,Printed,940,7,0
M,Half,White,V-Neck,Slim,Solid,2030,2,1
S,Full,Blue,Mandarin,Regular,Solid,1217,1,0
M,Half,Green,V-Neck,Regular,Striped,2925,8,0
XL,Sleeveless,Blue,V-Neck,Slim,Checked,1330,3,0
L,Half,Yellow,Mandarin,Loose,Striped,944,2,0
L,Full,Black,V-Neck,Regular,Printed,706,2,0
M,Full,White,V-Neck,Slim,Printed,2348,6,0
L,Sleeveless,Black,Polo,Regular,Checked,1268,0,0
M,Half,Yellow,Round,Loose,Solid,507,2,0
L,Half,Black,V-Neck,Regular,Checked,594,3,1
S,Full,Green,V-Neck,Loose,Printed,854,3,1
M,Half,Black,V-Neck,Loose,Checked,2263,0,0
M,Half,Yellow,Round,Slim,Printed,2319,8,1
L,Sleeveless,Black,V-Neck,Loose,Printed,2386,3,0
S,Sleeveless,Blue,V-Neck,Loose,Checked,377,0,0
S,Sleeveless,White,Polo,Regular,Checked,1027,7,0
L,Sleeveless,Blue,Round,Slim,Printed,582,4,1
L,Half,Green,Round,Slim,Solid,1402,8,0
L,Full,Green,Polo,Slim,Solid,957,1,0
L,Full,Blue,Round,Regular,Printed,1454,2,0
S,Full,Blue,Polo,Slim,Printed,2251,4,0
L,Full,Black,Polo,Regular,Solid,1383,7,0
S,Full,Red,V-Neck,Loose,Printed,2176,2,0
M,Sleeveless,White,Round,Slim,Striped,494,1,0
XL,Sleeveless,Black,Mandarin,Slim,Checked,949,6,0
S,Sleeveless,Red,Mandarin,Loose,Checked,2243,3,0
XL,Half,Black,Round,Regular,Checked,2816,2,0
M,Full,Red,V-Neck,Slim,Striped,971,3,0
XL,Sleeveless,Yellow,Polo,Regular,Striped,2325,2,1
S,Half,Blue,Mandarin,Loose,Solid,2398,1,0
L,Full,Blue,Mandarin,Regular,Solid,2727,3,0
M,Full,Red,Mandarin,Regular,Solid,1602,7,0
S,Half,Blue,Polo,Loose,Checked,1864,2,1
M,Full,White,Polo,Regular,Checked,1179,2,1
L,Half,Blue,Mandarin,Regular,Checked,2994,5,0
M,Half,Blue,Round,Regular,Printed,644,2,0
M,Half,Red,Polo,Loose,Checked,688,1,0
M,Half,Blue,Round,Slim,Checked,1962,8,0
L,Full,Red,V-Neck,Regular,Solid,3000,2,0
M,Full,White,Polo,Slim,Printed,957,3,0
M,Sleeveless,Red,V-Neck,Regular,Printed,1146,3,1
M,Full,Yellow,V-Neck,Slim,Checked,2005,6,1
L,Full,Black,Round,Slim,Printed,2176,1,0
L,Sleeveless,Black,V-Neck,Loose,Striped,1403,7,0
XL,Full,Black,Mandarin,Regular,Striped,1188,0,0
XL,Half,Yellow,Round,Slim,Printed,586,4,1
S,Full,Green,V-Neck,Slim,Solid,2219,1,0
M,Half,Red,Mandarin,Loose,Solid,2803,6,0
M,Full,White,Round,Loose,Solid,1003,0,0
L,Full,White,Polo,Regular,Striped,567,3,0
M,Full,Blue,Polo,Slim,Printed,221,7,0
S,Full,Yellow,Round,Slim,Solid,1191,3,0
L,Half,Blue,Round,Loose,Checked,818,3,1
M,Half,White,Mandarin,Slim,Printed,655,3,1
L,Sleeveless,Blue,Mandarin,Slim,Printed,2809,7,0
M,Full,White,Round,Loose,Solid,761,2,1
S,Full,Blue,V-Neck,Regular,Solid,387,9,1
XL,Full,Green,V-Neck,Slim,Printed,1911,0,1
L,Full,White,Mandarin,Loose,Printed,1583,5,0
M,Sleeveless,Blue,Polo,Loose,Solid,421,1,0
XL,Full,Black,V-Neck,Slim,Solid,587,0,0
L,Half,Green,Mandarin,Regular,Striped,507,3,1
M,Sleeveless,Blue,Polo,Loose,Printed,808,3,1
S,Half,Black,Round,Slim,Solid,1014,1,0
L,Half,White,Polo,Slim,Solid,1352,7,0
S,Sleeveless,Black,Round,Loose,Striped,2713,4,0
L,Sleeveless,Red,Round,Regular,Printed,1246,0,1
L,Full,Yellow,Polo,Slim,Printed,356,3,0
S,Full,Green,V-Neck,Regular,Printed,1277,0,1
XL,Full,White,Mandarin,Regular,Printed,883,0,1
L,Full,Green,Mandarin,Slim,Printed,1365,2,1
L,Half,White,Round,Slim,Printed,2521,5,0
M,Half,Blue,Round,Loose,Printed,1118,9,1
M,Half,Red,V-Neck,Slim,Solid,2821,0,0
M,Half,Blue,Round,Regular,Checked,2039,1,0
S,Half,Blue,Round,Regular,Solid,1251,2,1
S,Half,Red,Round,Slim,Checked,1854,1,1
L,Full,White,Polo,Slim,Striped,836,0,0
M,Half,White,Polo,Slim,Printed,443,4,0
L,Full,Yellow,Polo,Loose,Solid,418,0,0
L,Sleeveless,Green,Round,Regular,Striped,1093,0,0
L,Half,Black,Round,Regular,Solid,1585,2,0
L,Sleeveless,Yellow,Polo,Slim,Striped,2597,8,0
S,Half,Red,Round,Regular,Checked,736,2,0
S,Half,Black,Mandarin,Loose,Printed,1598,3,0
M,Sleeveless,Green,Round,Loose,Printed,1439,7,0
XL,Full,Blue,Mandarin,Regular,Solid,1469,8,0
S,Sleeveless,Blue,Mandarin,Regular,Solid,229,2,0
M,Full,Red,V-Neck,Slim,Striped,1388,9,1
L,Full,Blue,V-Neck,Slim,Striped,2159,7,0
L,Half,Red,Polo,Regular,Printed,2038,2,0
L,Sleeveless,Red,Mandarin,Regular,Solid,644,1,0
M,Half,Blue,Polo,Regular,Printed,334,1,0
XL,Half,Green,V-Neck,Regular,Solid,2923,2,0
L,Full,Blue,Polo,Loose,Striped,1110,3,1
M,Full,Blue,Polo,Loose,Solid,854,0,0
S,Half,Green,Polo,Regular,Checked,487,0,0
L,Full,Green,V-Neck,Regular,Solid,2560,0,0
S,Half,Black,V-Neck,Slim,Solid,1703,1,0
M,Sleeveless,Black,Round,Loose,Solid,1554,3,0
S,Full,Red,Polo,Loose,Striped,714,10,1
M,Full,Red,V-Neck,Loose,Printed,281,2,0
M,Full,Yellow,Round,Loose,Solid,588,1,0
XL,Half,Red,V-Neck,Regular,Checked,2152,0,0
S,Half,White,Mandarin,Loose,Checked,1558,9,0
L,Full,Yellow,Mandarin,Regular,Striped,1077,9,0
M,Full,Yellow,V-Neck,Regular,Solid,735,1,1
S,Half,Red,Mandarin,Slim,Checked,1907,5,0
L,Half,Blue,Polo,Loose,Printed,925,0,0
S,Full,Yellow,Round,Loose,Solid,406,1,0
L,Sleeveless,Yellow,V-Neck,Regular,Solid,407,5,0
M,Half,Black,Round,Slim,Solid,443,5,0
S,Half,Blue,V-Neck,Loose,Striped,651,2,0
M,Sleeveless,Green,Mandarin,Loose,Printed,885,0,1
M,Full,Black,V-Neck,Regular,Printed,468,0,1
M,Full,Blue,Mandarin,Slim,Checked,405,1,0
S,Full,Red,V-Neck,Slim,Striped,3000,2,1
S,Sleeveless,Blue,Mandarin,Loose,Printed,2769,1,0
M,Sleeveless,White,Polo,Loose,Checked,2646,4,1
L,Full,Black,Round,Loose,Printed,918,3,1
XL,Full,Black,V-Neck,Slim,Solid,369,3,0
M,Full,Black,V-Neck,Regular,Striped,2171,0,1
M,Full,Blue,Mandarin,Regular,Striped,225,1,1
L,Half,Red,Polo,Loose,Checked,1102,1,0
XL,Half,White,Mandarin,Loose,Solid,850,1,0
L,Half,Red,Round,Slim,Striped,1296,2,0
L,Sleeveless,Black,Polo,Loose,Solid,649,3,1
L,Full,Black,Mandarin,Slim,Printed,612,2,1
L,Full,Red,Polo,Slim,Checked,343,9,0
S,Full,Yellow,Round,Loose,Solid,532,1,0
M,Full,White,Round,Regular,Solid,1296,6,1
M,Half,Red,Polo,Regular,Printed,1840,2,0
L,Full,Red,Mandarin,Slim,Printed,421,7,0
S,Sleeveless,Black,Polo,Slim,Striped,2608,4,1
S,Half,Blue,Round,Regular,Printed,625,5,1
M,Half,Red,Round,Regular,Printed,2028,3,1
XL,Sleeveless,Yellow,V-Neck,Slim,Solid,2597,7,0
S,Half,White,Round,Slim,Checked,1033,1,0
M,Half,Yellow,V-Neck,Slim,Striped,1686,1,0
S,Half,Black,Round,Regular,Checked,2245,6,0
M,Sleeveless,Blue,Polo,Slim,Printed,604,0,0
L,Full,Black,Polo,Regular,Printed,1385,5,1
M,Half,Black,Round,Regular,Printed,1094,0,0
M,Full,White,V-Neck,Regular,Striped,512,3,1
L,Full,White,V-Neck,Regular,Striped,1183,1,0
M,Sleeveless,Black,V-Neck,Regular,Printed,907,2,1
XL,Sleeveless,Black,Round,Regular,Printed,1766,0,1
L,Half,Green,Polo,Regular,Checked,1450,1,0
S,Full,Red,Mandarin,Loose,Solid,524,0,1
M,Half,Yellow,V-Neck,Regular,Striped,799,2,0
L,Full,Red,V-Neck,Slim,Striped,1606,3,0
L,Full,Blue,V-Neck,Regular,Striped,337,3,1
S,Full,Yellow,Round,Slim,Solid,1326,0,0
XL,Full,Blue,Round,Regular,Printed,1074,3,0
S,Full,Red,Polo,Loose,Solid,2813,6,1
XL,Full,Blue,Round,Slim,Checked,767,3,1
M,Half,Blue,V-Neck,Slim,Printed,1781,1,1
M,Half,Green,Polo,Loose,Striped,1647,2,0
L,Full,Black,Mandarin,Loose,Printed,2104,4,1
S,Full,White,Mandarin,Slim,Solid,1518,2,0
M,Sleeveless,Green,V-Neck,Regular,Striped,282,10,1
M,Half,White,Round,Regular,Checked,1644,3,0
M,Half,Black,V-Neck,Loose,Printed,598,1,0
M,Half,Red,V-Neck,Regular,Solid,475,0,0
S,Sleeveless,Green,Mandarin,Loose,Solid,2973,1,0
L,Full,Blue,Mandarin,Regular,Checked,1937,0,1
S,Sleeveless,Black,V-Neck,Regular,Solid,458,7,0
L,Half,Blue,Round,Slim,Striped,977,2,0
M,Half,Green,V-Neck,Regular,Striped,2674,5,0
M,Sleeveless,White,V-Neck,Slim,Printed,670,2,0
L,Sleeveless,Black,Polo,Slim,Striped,2640,5,0
M,Sleeveless,Yellow,Mandarin,Slim,Checked,1339,2,1
S,Half,Red,Polo,Regular,Printed,2310,3,0
XL,Sleeveless,White,Polo,Loose,Printed,1377,3,0
S,Half,Blue,Round,Loose,Checked,2589,1,0
S,Half,White,V-Neck,Loose,Solid,1355,9,0
M,Full,White,Polo,Slim,Printed,1723,7,0
L,Half,Black,Polo,Loose,Printed,1357,0,0
L,Sleeveless,Green,Mandarin,Slim,Checked,1200,1,0
M,Half,Red,Round,Slim,Printed,654,2,1
S,Full,Blue,Round,Regular,Solid,1813,1,0
S,Full,White,V-Neck,Loose,Checked,2550,8,0
M,Sleeveless,Blue,Round,Loose,Printed,2472,8,1
XL,Sleeveless,Green,Round,Slim,Striped,1302,4,1
M,Sleeveless,Red,V-Neck,Loose,Solid,1246,0,0
M,Sleeveless,Yellow,Round,Regular,Striped,2095,1,1
M,Full,Yellow,Polo,Loose,Printed,720,4,0
S,Sleeveless,Black,Mandarin,Slim,Solid,1969,6,0
XL,Full,Black,V-Neck,Loose,Striped,2729,3,0
M,Full,Black,Polo,Regular,Striped,2758,3,1
M,Full,Black,Round,Regular,Checked,910,1,1
L,Half,Red,Round,Slim,Solid,545,2,1
M,Full,Red,V-Neck,Regular,Striped,714,0,1
M,Sleeveless,White,Round,Regular,Checked,1427,5,0
L,Full,Yellow,V-Neck,Regular,Printed,1076,3,1
L,Full,White,Mandarin,Regular,Solid,1539,4,0
L,Sleeveless,Blue,V-Neck,Loose,Solid,1551,7,0
S,Full,Black,V-Neck,Regular,Printed,768,7,0
L,Half,Blue,Round,Slim,Striped,1206,2,0
M,Full,Blue,Polo,Regular,Solid,976,3,0
L,Sleeveless,Black,V-Neck,Regular,Solid,553,2,0
L,Half,Red,Round,Loose,Checked,561,7,0
S,Full,White,Round,Regular,Striped,855,1,0
XL,Sleeveless,Black,Polo,Slim,Printed,511,1,0
M,Full,White,Mandarin,Slim,Printed,2056,4,1
M,Sleeveless,White,Polo,Regular,Striped,2545,2,1
L,Half,Blue,Round,Loose,Printed,1935,2,1
M,Sleeveless,Blue,Mandarin,Slim,Printed,764,0,0
M,Full,Blue,Mandarin,Slim,Solid,983,0,1
XL,Sleeveless,Black,Round,Regular,Striped,1652,6,0
S,Half,White,V-Neck,Regular,Solid,483,9,1
S,Sleeveless,Black,Round,Loose,Printed,2289,2,0
L,Full,Green,Round,Loose,Striped,269,2,1
S,Half,Yellow,Round,Regular,Printed,2239,4,0
M,Full,Red,V-Neck,Regular,Solid,1524,9,1
M,Full,Red,Round,Loose,Solid,835,3,0
S,Full,Green,Mandarin,Slim,Printed,492,3,1
M,Half,Yellow,V-Neck,Slim,Striped,2214,5,0
L,Full,White,Round,Slim,Printed,548,2,0
S,Sleeveless,Yellow,V-Neck,Slim,Solid,2631,8,0
M,Full,Black,Polo,Regular,Checked,1300,0,0
S,Full,Red,V-Neck,Slim,Solid,2595,5,0
L,Sleeveless,White,Mandarin,Regular,Striped,493,2,0
S,Half,Yellow,Mandarin,Regular,Checked,2016,3,0
XL,Half,Green,Mandarin,Regular,Striped,1696,4,0
M,Half,White,Round,Slim,Striped,2290,2,0
M,Half,Black,Polo,Regular,Checked,2682,3,1
L,Half,Yellow,Mandarin,Loose,Striped,2925,0,0
L,Full,Red,V-Neck,Loose,Printed,741,7,1
S,Full,Yellow,Round,Regular,Solid,1734,5,0
M,Full,Green,V-Neck,Loose,Striped,635,1,0
S,Half,Red,Polo,Loose,Printed,2372,5,0
XL,Sleeveless,Green,Round,Slim,Solid,974,1,0
L,Half,Black,V-Neck,Slim,Checked,594,1,0
L,Sleeveless,Blue,V-Neck,Loose,Solid,962,5,0
L,Sleeveless,Red,V-Neck,Slim,Printed,616,3,0
XL,Sleeveless,Black,V-Neck,Loose,Printed,1274,2,0
L,Half,Yellow,Round,Slim,Solid,2742,6,1
L,Half,Blue,Mandarin,Loose,Striped,1220,2,0
XL,Half,Red,Polo,Loose,Printed,1308,0,1
L,Full,White,Round,Slim,Striped,1981,8,0
XL,Full,Black,Polo,Regular,Checked,1030,3,1
M,Full,Blue,Round,Regular,Checked,416,0,1
S,Half,White,Mandarin,Slim,Printed,2673,7,0
M,Sleeveless,Blue,V-Neck,Regular,Striped,494,2,1
S,Half,Green,Mandarin,Regular,Striped,588,3,0
XL,Half,White,Round,Regular,Printed,407,4,1
S,Full,Black,V-Neck,Loose,Checked,2011,3,0
L,Full,White,Round,Regular,Striped,778,2,0
M,Half,Black,Round,Slim,Solid,862,7,1
M,Sleeveless,Yellow,V-Neck,Loose,Striped,374,1,0
XL,Half,Red,V-Neck,Regular,Solid,396,3,0
S,Sleeveless,Red,Polo,Slim,Checked,313,10,1
L,Half,Yellow,Mandarin,Slim,Solid,725,3,1
L,Sleeveless,Black,Polo,Slim,Printed,572,3,1
S,Full,Red,V-Neck,Slim,Solid,1675,2,0
M,Half,White,Mandarin,Loose,Striped,1236,3,1
XL,Half,Black,V-Neck,Slim,Checked,1554,4,1
M,Half,Green,Mandarin,Regular,Printed,2874,0,0
L,Sleeveless,Blue,Polo,Slim,Solid,2681,0,0
L,Half,Red,V-Neck,Regular,Checked,2537,1,0
M,Sleeveless,Green,Polo,Regular,Checked,1216,1,1
M,Sleeveless,Black,V-Neck,Regular,Printed,2346,0,1
S,Full,Black,V-Neck,Regular,Solid,2112,7,0
M,Half,Green,V-Neck,Loose,Solid,1170,1,0
S,Full,Yellow,Polo,Slim,Striped,2344,3,1
M,Full,Black,Round,Slim,Solid,436,3,1
L,Full,Black,V-Neck,Loose,Solid,2959,8,0
M,Full,Blue,Polo,Loose,Solid,1231,1,1
M,Full,Green,Round,Slim,Printed,2956,1,1
M,Half,Black,Round,Slim,Solid,1022,3,0
XL,Half,Blue,V-Neck,Loose,Solid,1058,3,1
S,Full,Black,V-Neck,Slim,Striped,2965,3,0
XL,Half,Green,V-Neck,Regular,Solid,237,0,0
L,Half,Red,Round,Slim,Solid,704,2,0
S,Half,Red,V-Neck,Loose,Solid,1435,1,1
XL,Sleeveless,Black,Polo,Slim,Striped,1670,2,0
XL,Full,Blue,V-Neck,Loose,Striped,2202,2,0
M,Full,Black,Round,Slim,Striped,709,1,1
S,Half,Blue,Round,Slim,Striped,1813,2,1
M,Sleeveless,Black,V-Neck,Loose,Striped,470,1,0
L,Sleeveless,Black,Round,Regular,Checked,2215,9,0
S,Full,Yellow,Polo,Regular,Printed,1115,2,0
L,Full,Blue,Round,Loose,Solid,417,2,0
M,Sleeveless,White,Round,Regular,Striped,2405,5,1
S,Half,Black,V-Neck,Loose,Solid,763,2,0
S,Half,Green,Mandarin,Loose,Printed,362,8,1
L,Sleeveless,Blue,Round,Loose,Printed,778,2,0
M,Half,Red,V-Neck,Regular,Striped,1583,0,1
M,Half,Green,Mandarin,Slim,Printed,2432,5,0
M,Sleeveless,Blue,Mandarin,Slim,Solid,1679,4,1
L,Full,Green,Polo,Loose,Printed,864,3,0
L,Full,Blue,Round,Regular,Striped,1663,4,1
S,Half,Yellow,V-Neck,Loose,Striped,2290,9,0
M,Full,White,Polo,Loose,Striped,2077,3,0
S,Full,Black,Round,Loose,Solid,1865,1,0
L,Full,Black,Mandarin,Regular,Printed,1544,3,0
L,Half,Black,Round,Regular,Checked,958,4,0
L,Half,Red,Round,Slim,Printed,324,3,1
S,Half,Green,V-Neck,Slim,Solid,1774,1,0
M,Full,Black,Polo,Loose,Printed,964,1,1
XL,Sleeveless,Black,Round,Slim,Striped,1208,2,1
M,Full,Black,Round,Loose,Solid,1275,2,1
M,Full,Black,Round,Regular,Printed,869,1,1
XL,Full,Red,Mandarin,Regular,Striped,246,1,0
M,Full,White,Polo,Regular,Printed,996,2,1
M,Full,White,V-Neck,Slim,Printed,2025,0,1
M,Full,Red,Polo,Slim,Printed,2838,2,0
M,Sleeveless,Black,V-Neck,Loose,Printed,477,1,0
M,Full,Black,V-Neck,Slim,Striped,1407,2,0
L,Half,Yellow,Mandarin,Regular,Printed,1170,3,0
S,Half,Green,Polo,Slim,Solid,1429,6,1
L,Half,Blue,V-Neck,Loose,Printed,2970,8,0
M,Sleeveless,Black,V-Neck,Loose,Printed,342,2,1
S,Full,Green,V-Neck,Loose,Striped,513,3,0
M,Half,White,Polo,Slim,Solid,800,1,1
L,Half,Red,Round,Slim,Printed,3000,1,0
L,Full,Blue,Polo,Loose,Printed,1389,2,1
L,Full,Yellow,Round,Regular,Solid,990,3,1
L,Sleeveless,Blue,Polo,Regular,Solid,1559,1,1
S,Sleeveless,Green,Polo,Regular,Striped,948,6,1
L,Full,Blue,Round,Slim,Striped,853,2,0
S,Half,Blue,V-Neck,Regular,Striped,1993,0,1
S,Half,Yellow,V-Neck,Slim,Printed,767,1,0
XL,Half,Green,Polo,Loose,Striped,1340,3,0
M,Sleeveless,Blue,V-Neck,Regular,Printed,1688,0,1
L,Full,White,Mandarin,Regular,Solid,773,3,0
M,Sleeveless,White,Polo,Regular,Striped,2621,4,0
L,Half,Black,Round,Slim,Checked,1064,2,1
M,Full,Red,V-Neck,Loose,Solid,2420,4,0
L,Full,Red,V-Neck,Regular,Printed,278,3,0
S,Half,Blue,Round,Loose,Printed,1269,1,0
M,Sleeveless,Red,Mandarin,Regular,Striped,2406,2,0
L,Full,Yellow,Mandarin,Regular,Printed,2263,0,0
M,Half,Yellow,Round,Slim,Checked,2041,4,0
S,Half,White,V-Neck,Slim,Checked,2632,4,0
S,Half,Yellow,Round,Regular,Solid,1549,1,1
L,Full,Green,Polo,Regular,Printed,1475,3,0
S,Full,Blue,Mandarin,Regular,Checked,812,4,0
S,Full,Green,Round,Regular,Striped,2600,7,0
XL,Full,Yellow,Polo,Loose,Solid,657,7,1
M,Full,Blue,V-Neck,Regular,Solid,2165,0,0
L,Full,Black,V-Neck,Loose,Checked,2540,0,0
L,Half,Black,V-Neck,Regular,Solid,2402,6,0
L,Full,Green,Polo,Regular,Solid,233,1,0
M,Half,Red,V-Neck,Loose,Solid,2164,2,0
M,Full,Blue,Mandarin,Regular,Solid,1966,2,0
M,Half,Red,Mandarin,Loose,Solid,2287,7,0
L,Full,Green,Mandarin,Regular,Solid,1525,5,0
XL,Full,Black,V-Neck,Slim,Solid,1171,3,1
L,Sleeveless,White,Polo,Regular,Printed,572,2,0
M,Full,Blue,Round,Regular,Checked,260,8,0
L,Half,Red,Polo,Loose,Striped,559,3,1
M,Full,White,V-Neck,Slim,Striped,415,0,0
S,Sleeveless,White,V-Neck,Regular,Solid,2497,8,0
S,Half,Green,V-Neck,Regular,Printed,786,2,1
XL,Full,White,Round,Slim,Solid,2624,2,0
S,Full,White,Polo,Regular,Solid,1114,4,0
M,Half,Green,Round,Regular,Solid,1914,3,0
L,Full,Blue,Polo,Loose,Solid,1018,0,0
M,Full,Red,Mandarin,Regular,Printed,699,1,1
L,Sleeveless,Blue,Polo,Loose,Checked,377,1,0
S,Full,Black,Mandarin,Slim,Striped,1244,1,0
L,Half,Red,Polo,Regular,Solid,664,1,0
L,Half,Black,Mandarin,Loose,Solid,1435,5,0
XL,Full,White,Round,Slim,Checked,671,3,1
S,Full,Red,Round,Loose,Striped,1641,3,0
L,Full,Red,V-Neck,Regular,Solid,763,2,0
S,Full,Red,Round,Loose,Solid,1627,1,0
L,Sleeveless,Blue,V-Neck,Loose,Solid,525,2,0
L,Full,Green,Round,Slim,Striped,1270,1,0
L,Half,Green,Round,Loose,Solid,2782,7,0
M,Full,Blue,Polo,Regular,Printed,1097,2,0
XL,Full,Yellow,Mandarin,Slim,Striped,865,3,1
S,Sleeveless,Blue,Round,Loose,Printed,803,2,1
L,Full,Red,Round,Regular,Solid,835,3,1
L,Full,Blue,Polo,Regular,Striped,428,0,0
L,Full,Blue,V-Neck,Slim,Printed,1471,6,0
XL,Sleeveless,Blue,Mandarin,Slim,Solid,1858,5,1
L,Full,Yellow,Round,Loose,Printed,1188,1,0
M,Full,Yellow,Polo,Regular,Striped,535,2,1
M,Half,Red,Polo,Regular,Checked,231,3,1
M,Full,White,Round,Regular,Solid,1579,3,1
M,Half,Black,Mandarin,Loose,Solid,653,4,1
M,Half,Red,Round,Slim,Checked,936,1,0
S,Full,White,Round,Loose,Printed,822,1,0
L,Sleeveless,Red,V-Neck,Loose,Checked,791,0,1
M,Full,Green,Polo,Regular,Checked,1786,2,1
XL,Full,Black,Mandarin,Regular,Checked,1196,6,0
M,Full,Black,V-Neck,Loose,Solid,244,2,0
XL,Half,Blue,Round,Slim,Checked,751,2,1
M,Half,White,V-Neck,Regular,Printed,1402,3,1
M,Sleeveless,Yellow,Polo,Slim,Striped,2218,6,0
M,Half,Red,Round,Regular,Solid,1488,1,1
M,Full,Black,V-Neck,Loose,Checked,419,3,1
L,Full,Red,Polo,Regular,Striped,1286,3,0
XL,Full,Red,V-Neck,Slim,Solid,500,2,0
L,Sleeveless,Yellow,Mandarin,Regular,Printed,1520,2,1
M,Half,Blue,V-Neck,Regular,Solid,1570,0,1
L,Sleeveless,Black,Round,Regular,Solid,1482,0,0
M,Sleeveless,Black,V-Neck,Regular,Checked,2066,2,1
M,Half,Black,Polo,Regular,Solid,2871,4,0
S,Full,Green,Polo,Loose,Printed,390,3,0
M,Sleeveless,Red,Round,Loose,Striped,2895,4,0
XL,Half,Green,Round,Slim,Printed,518,2,0
S,Full,White,V-Neck,Slim,Striped,2159,10,0
L,Half,Blue,Round,Loose,Printed,576,4,1
L,Half,Red,Round,Regular,Printed,1253,1,0
M,Half,White,Round,Regular,Striped,2802,7,0
M,Full,Black,Mandarin,Regular,Solid,2969,0,0
M,Sleeveless,Green,Round,Regular,Printed,952,2,1
S,Full,Red,Mandarin,Loose,Printed,2721,5,0
S,Full,Blue,Round,Slim,Checked,1918,2,1
M,Full,Blue,Round,Regular,Checked,527,2,1
M,Half,Red,Round,Slim,Checked,656,1,1
XL,Half,Black,Polo,Slim,Striped,1013,2,1
S,Half,Black,Mandarin,Loose,Checked,2701,1,0
L,Half,Red,V-Neck,Regular,Striped,2974,2,1
M,Half,Black,Round,Regular,Checked,447,3,0
M,Full,Green,Mandarin,Regular,Checked,466,2,0
M,Half,Blue,V-Neck,Loose,Checked,1967,5,0
M,Half,Blue,Mandarin,Slim,Printed,880,2,0
M,Sleeveless,Green,Round,Regular,Striped,593,4,1
XL,Half,Blue,Round,Loose,Striped,1096,2,0
XL,Sleeveless,Blue,Round,Regular,Striped,253,10,0
M,Sleeveless,White,V-Neck,Loose,Printed,1294,3,0
S,Half,Green,Round,Slim,Printed,1817,2,0
L,Full,Blue,Round,Slim,Striped,1423,3,0
XL,Half,Black,Polo,Slim,Checked,424,0,1
L,Full,Black,V-Neck,Regular,Printed,1518,2,0
XL,Half,Black,V-Neck,Slim,Solid,521,0,0
XL,Full,White,V-Neck,Regular,Solid,395,3,0
S,Sleeveless,Yellow,V-Neck,Slim,Solid,1449,6,0
M,Half,Blue,Round,Regular,Checked,561,3,1
L,Half,Black,Round,Slim,Printed,815,1,1
XL,Full,Black,Round,Slim,Solid,1958,2,0
S,Sleeveless,Yellow,Round,Regular,Striped,1508,0,0
M,Full,Blue,Polo,Slim,Striped,213,3,0
S,Full,White,V-Neck,Loose,Checked,1006,1,1
XL,Half,Blue,V-Neck,Loose,Striped,1056,1,0
M,Sleeveless,Black,Polo,Slim,Printed,2160,3,0
XL,Half,White,Round,Slim,Solid,1036,3,0
XL,Half,Yellow,Round,Slim,Solid,1257,5,0
S,Sleeveless,Red,V-Neck,Slim,Solid,1638,6,1
XL,Sleeveless,White,Round,Regular,Striped,768,2,1
S,Full,Yellow,Round,Regular,Printed,2355,4,0
S,Sleeveless,Red,Round,Regular,Printed,995,8,0
S,Half,Green,Mandarin,Slim,Striped,3000,3,0
XL,Sleeveless,White,Mandarin,Loose,Printed,914,1,1
XL,Half,White,Mandarin,Loose,Checked,1743,3,0
XL,Half,Yellow,Polo,Regular,Printed,1188,0,0
M,Full,Blue,Mandarin,Loose,Striped,842,3,0
M,Full,White,Round,Loose,Printed,1247,0,0
M,Sleeveless,Yellow,Polo,Regular,Printed,2259,6,0
M,Full,Yellow,Polo,Regular,Solid,2740,2,0
M,Half,Black,Round,Regular,Solid,521,3,1
S,Half,Yellow,Mandarin,Loose,Striped,2532,1,0
L,Full,Green,Polo,Loose,Striped,1378,2,0
XL,Full,White,Polo,Slim,Solid,1729,3,1
L,Full,Red,Mandarin,Slim,Checked,1781,1,0
M,Sleeveless,Yellow,Polo,Regular,Checked,201,3,0
L,Full,Red,Polo,Slim,Striped,471,0,0
M,Half,Red,Polo,Slim,Printed,2809,6,0
S,Full,Green,Round,Regular,Solid,1083,4,1
XL,Half,Black,Round,Regular,Striped,461,5,0
M,Full,Black,V-Neck,Slim,Solid,1180,7,0
M,Full,Red,Round,Slim,Solid,1924,3,1
M,Half,Black,Polo,Regular,Solid,1422,1,1
M,Half,Blue,V-Neck,Slim,Striped,962,5,0
L,Full,Red,Polo,Regular,Striped,806,1,1
L,Full,Red,Round,Regular,Checked,276,1,0
M,Full,Black,V-Neck,Regular,Solid,1221,1,0
S,Half,Blue,Polo,Slim,Checked,1984,1,0
XL,Full,Green,Round,Slim,Striped,2067,5,0
XL,Full,Green,Polo,Slim,Solid,1650,2,0
M,Sleeveless,White,Mandarin,Regular,Solid,1090,0,0
M,Half,Red,Polo,Slim,Checked,1910,7,0
S,Full,Red,Polo,Loose,Striped,1316,5,0
L,Sleeveless,Green,Mandarin,Regular,Striped,945,1,1
L,Half,Green,Round,Loose,Solid,2995,3,0
L,Half,Blue,Mandarin,Loose,Solid,1102,6,0
L,Sleeveless,Red,V-Neck,Slim,Solid,1626,3,1
XL,Sleeveless,Green,Round,Loose,Solid,2757,6,0
M,Sleeveless,Black,V-Neck,Loose,Printed,2255,5,0
M,Half,White,Polo,Regular,Striped,782,8,1
S,Full,White,Polo,Loose,Printed,2216,7,0
S,Full,Green,Round,Slim,Printed,1254,0,0
L,Full,Black,Round,Loose,Printed,1772,7,0
M,Half,White,Mandarin,Regular,Printed,380,3,0
M,Full,Green,Round,Slim,Checked,2746,6,0
L,Full,Black,Round,Regular,Checked,1702,4,1
L,Sleeveless,Green,V-Neck,Loose,Printed,1182,2,1
L,Sleeveless,Green,Polo,Slim,Solid,1408,2,0
L,Full,Blue,Round,Regular,Solid,808,3,1
L,Half,Black,Round,Slim,Striped,572,2,0
M,Sleeveless,Black,Polo,Regular,Printed,2648,6,0
L,Full,Green,Round,Loose,Printed,600,2,0
M,Full,White,Polo,Loose,Solid,2032,1,0
S,Full,White,V-Neck,Slim,Solid,1549,5,0
M,Half,White,Polo,Slim,Solid,602,3,1
L,Sleeveless,Blue,Round,Regular,Printed,2311,3,0
M,Full,Black,Polo,Slim,Checked,1286,0,1
S,Full,Yellow,Round,Slim,Striped,1445,2,1
XL,Sleeveless,Yellow,V-Neck,Loose,Solid,2133,7,0
M,Half,Yellow,Polo,Slim,Striped,970,2,1
M,Half,Yellow,Mandarin,Regular,Printed,387,3,0
S,Full,Blue,Polo,Regular,Checked,665,3,0
L,Sleeveless,Blue,V-Neck,Loose,Checked,1019,1,0
L,Half,Blue,Round,Loose,Printed,1169,3,0
XL,Half,Black,Polo,Regular,Striped,204,1,1
M,Sleeveless,Black,Polo,Slim,Solid,509,9,1
M,Half,Green,Polo,Slim,Printed,2947,1,1
S,Half,Green,Round,Regular,Checked,335,3,0
M,Sleeveless,Blue,V-Neck,Slim,Solid,1825,3,1
L,Half,Blue,Polo,Regular,Printed,359,2,1
L,Full,Blue,Round,Regular,Striped,1278,1,1
S,Full,Yellow,Round,Slim,Checked,1845,0,0
S,Half,Black,Mandarin,Slim,Solid,2615,1,0
S,Full,White,Round,Slim,Solid,1273,1,1
M,Half,Yellow,Polo,Regular,Solid,2185,2,0
S,Full,Black,Mandarin,Regular,Printed,2550,0,0
XL,Full,Black,V-Neck,Regular,Printed,705,0,0
M,Half,Red,Mandarin,Loose,Printed,769,3,1
M,Full,Blue,Polo,Slim,Solid,2196,2,0
XL,Sleeveless,Red,Mandarin,Regular,Printed,781,3,0
XL,Half,Blue,Mandarin,Regular,Printed,2406,4,0
S,Sleeveless,Yellow,V-Neck,Regular,Printed,746,3,0
S,Sleeveless,White,Round,Loose,Checked,3000,3,0
L,Half,Green,Polo,Regular,Solid,335,0,0
L,Half,Red,V-Neck,Slim,Printed,2635,1,0
XL,Half,Yellow,V-Neck,Loose,Solid,2064,6,0
M,Sleeveless,Blue,Mandarin,Regular,Solid,1212,1,1
M,Full,Black,Polo,Loose,Solid,796,1,1
L,Half,Red,Polo,Regular,Printed,964,2,0
M,Half,Red,Mandarin,Slim,Solid,1651,5,0
L,Half,Green,Mandarin,Regular,Checked,1032,6,1
L,Full,White,V-Neck,Regular,Striped,751,0,0
S,Half,White,Round,Loose,Printed,1717,1,0
S,Half,Red,V-Neck,Slim,Checked,1350,0,0
S,Sleeveless,Blue,Round,Slim,Printed,981,3,0
M,Full,White,Round,Slim,Solid,1812,3,1
XL,Full,Blue,Round,Regular,Solid,1728,2,1
S,Sleeveless,Green,Mandarin,Regular,Printed,2723,3,0
S,Full,Red,Mandarin,Loose,Printed,1005,3,0
M,Half,Blue,V-Neck,Regular,Solid,2507,5,0
S,Sleeveless,Yellow,V-Neck,Loose,Checked,1975,0,0
L,Full,Blue,Round,Regular,Striped,2242,2,0
M,Sleeveless,Yellow,Mandarin,Slim,Checked,2178,1,0
M,Sleeveless,Blue,V-Neck,Loose,Striped,963,6,1
M,Sleeveless,Blue,V-Neck,Regular,Printed,1314,0,0
XL,Sleeveless,Red,Polo,Slim,Solid,266,0,0
L,Half,Green,Round,Regular,Checked,1998,2,0
M,Half,White,V-Neck,Regular,Solid,893,0,1
S,Full,Green,Polo,Slim,Printed,2498,5,0
M,Full,Blue,V-Neck,Slim,Solid,640,0,1
M,Half,Green,Round,Regular,Printed,602,0,0
M,Half,White,V-Neck,Slim,Printed,663,4,1
S,Full,Blue,Polo,Loose,Solid,2612,1,0
L,Half,Yellow,Mandarin,Slim,Checked,607,1,0
XL,Half,Red,Round,Regular,Printed,1011,4,0
L,Half,White,Round,Loose,Solid,1546,8,0
L,Full,Yellow,V-Neck,Slim,Checked,1868,6,1
M,Half,Green,Mandarin,Regular,Striped,1259,1,0
S,Full,Black,Round,Slim,Checked,1351,2,0
L,Half,Blue,Polo,Loose,Solid,2854,4,0
M,Half,Blue,Mandarin,Slim,Solid,687,1,0
M,Sleeveless,Yellow,Round,Loose,Solid,2276,1,0
M,Sleeveless,Blue,Polo,Loose,Striped,1094,1,0
S,Full,White,Round,Regular,Striped,2306,6,0
L,Half,Blue,V-Neck,Slim,Solid,1503,6,1
S,Sleeveless,Black,V-Neck,Regular,Checked,2147,8,1
S,Sleeveless,Blue,Polo,Slim,Solid,451,2,0
S,Half,Blue,V-Neck,Loose,Printed,818,1,0
M,Sleeveless,Black,Polo,Slim,Striped,238,1,0
S,Half,White,Mandarin,Regular,Striped,2042,1,1
M,Full,Black,Round,Regular,Striped,554,0,1
L,Full,Red,Mandarin,Regular,Striped,2289,1,0
M,Sleeveless,Black,Mandarin,Slim,Striped,1390,2,0
M,Half,White,Polo,Slim,Solid,599,6,0
L,Full,White,Round,Loose,Printed,234,6,1
L,Half,Black,Mandarin,Slim,Checked,200,5,1
M,Sleeveless,Red,Polo,Slim,Solid,1004,0,0
S,Half,Green,V-Neck,Slim,Checked,1127,4,0
M,Half,Green,Round,Regular,Checked,1688,8,0
M,Sleeveless,Black,Round,Slim,Checked,980,2,0
M,Sleeveless,Green,Mandarin,Slim,Solid,2405,1,0
L,Full,Blue,V-Neck,Slim,Striped,3000,3,0
L,Full,White,Mandarin,Slim,Checked,1491,2,0
S,Half,Black,V-Neck,Regular,Solid,731,0,0
M,Half,White,Polo,Loose,Solid,867,0,0
M,Sleeveless,Black,Polo,Regular,Checked,1074,0,0
S,Sleeveless,Yellow,V-Neck,Slim,Checked,1263,6,0
L,Half,White,Round,Regular,Solid,829,4,0
L,Half,Blue,Polo,Regular,Checked,1847,7,0
L,Half,Green,Round,Regular,Solid,360,2,1
XL,Full,Green,Polo,Regular,Striped,2980,1,0
M,Half,Green,Round,Regular,Solid,1518,1,1
M,Half,Black,Round,Slim,Printed,1062,2,0
L,Half,Blue,Mandarin,Regular,Checked,1504,2,0
XL,Sleeveless,Green,Mandarin,Slim,Printed,1813,0,1
XL,Full,Red,Round,Slim,Solid,1629,4,0
M,Half,Blue,Round,Slim,Striped,1946,0,0
M,Full,Blue,Round,Regular,Striped,782,1,1
L,Sleeveless,Black,V-Neck,Loose,Striped,1361,2,1
M,Half,Blue,Polo,Slim,Solid,2307,2,0
L,Full,Yellow,Polo,Slim,Printed,1358,3,0
S,Sleeveless,Green,Polo,Slim,Checked,468,0,0
S,Full,White,V-Neck,Slim,Checked,2460,0,1
M,Sleeveless,Red,Polo,Regular,Solid,2752,1,1
L,Sleeveless,Blue,Mandarin,Regular,Printed,448,2,0
L,Full,White,Mandarin,Slim,Solid,1503,2,1
M,Half,Red,Polo,Loose,Striped,348,10,0
S,Full,Blue,Round,Slim,Solid,3000,5,0
L,Half,Black,Round,Regular,Printed,1174,0,0
XL,Half,Blue,Polo,Regular,Solid,1662,5,1
M,Sleeveless,Green,Mandarin,Loose,Striped,1804,1,0
L,Half,Red,Mandarin,Slim,Solid,1727,0,1
XL,Sleeveless,White,Polo,Regular,Printed,848,3,1
S,Sleeveless,Black,V-Neck,Loose,Printed,1006,0,0
M,Half,White,Polo,Slim,Printed,695,0,0
S,Full,Black,Polo,Regular,Printed,1323,1,0
L,Sleeveless,Yellow,Round,Regular,Solid,2106,9,0
M,Full,Blue,Polo,Regular,Checked,741,1,0
L,Full,White,Polo,Slim,Solid,1043,1,1
M,Half,Red,V-Neck,Slim,Printed,710,1,0
L,Sleeveless,White,Mandarin,Regular,Striped,1362,0,0
M,Sleeveless,Yellow,V-Neck,Regular,Solid,1470,3,0
XL,Half,Black,Mandarin,Regular,Striped,559,1,0
S,Half,White,V-Neck,Loose,Solid,209,0,0
L,Sleeveless,Black,Round,Regular,Checked,2105,4,1
XL,Half,Blue,Polo,Regular,Printed,1313,9,1
L,Full,Black,Round,Slim,Solid,228,1,0
M,Sleeveless,White,Polo,Loose,Printed,1257,7,0
M,Sleeveless,White,V-Neck,Slim,Striped,1529,6,0
S,Half,Black,Round,Loose,Solid,598,3,1
M,Full,Red,Round,Loose,Checked,906,1,0
XL,Half,Black,V-Neck,Regular,Printed,959,6,1
M,Sleeveless,Black,Round,Slim,Striped,2459,5,1
L,Full,Green,Round,Slim,Striped,366,2,0
L,Half,Black,V-Neck,Loose,Solid,1839,1,1
L,Sleeveless,White,V-Neck,Regular,Striped,2389,9,1
M,Full,Red,Mandarin,Loose,Solid,854,7,1
M,Sleeveless,Black,V-Neck,Regular,Checked,1531,0,1
L,Half,Blue,Polo,Slim,Striped,646,2,1
XL,Full,Red,Mandarin,Regular,Printed,755,1,0
L,Full,Black,Round,Loose,Printed,1445,2,0
XL,Sleeveless,Black,Polo,Regular,Checked,2329,1,0
L,Half,White,V-Neck,Regular,Solid,844,2,1
M,Full,Red,Round,Regular,Checked,869,1,1
M,Sleeveless,Black,V-Neck,Slim,Checked,910,4,0
S,Half,Red,Round,Loose,Checked,500,1,1
XL,Half,Black,V-Neck,Loose,Solid,1916,3,1
L,Half,Blue,V-Neck,Slim,Printed,2594,2,0
L,Full,Green,Round,Regular,Solid,2348,3,1
S,Half,Red,V-Neck,Regular,Solid,2598,0,0
L,Sleeveless,Black,V-Neck,Loose,Striped,628,0,0
M,Half,Black,Mandarin,Loose,Solid,2113,5,0
M,Half,Blue,Polo,Slim,Striped,2075,3,0
M,Full,Red,Round,Regular,Printed,2178,8,0
S,Half,Red,Polo,Slim,Solid,2915,6,1
M,Half,Black,Round,Regular,Solid,303,0,1
L,Sleeveless,Green,V-Neck,Regular,Solid,2996,2,0
M,Half,Green,Mandarin,Slim,Solid,797,0,1
M,Half,White,V-Neck,Loose,Checked,1744,0,0
XL,Sleeveless,Black,Round,Slim,Solid,2112,4,0
XL,Full,Black,Round,Regular,Solid,950,2,1
XL,Sleeveless,Blue,V-Neck,Regular,Solid,699,4,1
S,Sleeveless,Red,Polo,Regular,Solid,455,1,0
L,Full,Blue,Mandarin,Loose,Striped,1690,1,1
XL,Half,Black,Mandarin,Regular,Striped,1027,0,0
M,Half,White,V-Neck,Slim,Checked,635,2,0
L,Half,Yellow,V-Neck,Slim,Printed,1721,0,1
M,Full,Green,Round,Regular,Checked,1113,3,0
M,Full,Green,V-Neck,Slim,Solid,595,3,0
M,Sleeveless,Red,Polo,Regular,Striped,383,3,0
S,Half,Blue,V-Neck,Regular,Printed,617,0,0
S,Half,White,Polo,Loose,Solid,1630,3,0
XL,Full,White,Mandarin,Regular,Striped,1300,0,0
L,Half,White,Round,Regular,Striped,383,1,0
S,Full,White,Polo,Slim,Printed,506,2,1
XL,Sleeveless,Red,Polo,Loose,Striped,1695,6,0
M,Sleeveless,Black,Round,Loose,Checked,1278,0,0
L,Sleeveless,White,Round,Slim,Printed,1743,2,0
S,Sleeveless,Blue,V-Neck,Slim,Striped,672,4,0
M,Half,Blue,V-Neck,Slim,Striped,997,0,1
M,Full,Yellow,Round,Loose,Striped,1972,3,0
XL,Half,White,Round,Slim,Striped,2309,1,1
M,Full,Yellow,V-Neck,Regular,Checked,706,4,0
S,Sleeveless,Black,Mandarin,Slim,Striped,1605,9,1
XL,Half,Green,Round,Slim,Solid,2845,4,0
L,Full,White,V-Neck,Regular,Solid,1068,2,0
L,Half,Yellow,V-Neck,Regular,Solid,527,2,1
XL,Full,Black,V-Neck,Loose,Solid,2911,6,1
XL,Half,White,Polo,Regular,Printed,2270,5,1
M,Half,Green,Polo,Slim,Solid,384,8,1
L,Sleeveless,Black,V-Neck,Regular,Striped,1509,1,1
XL,Full,Black,Mandarin,Regular,Printed,414,3,1
L,Half,White,Mandarin,Regular,Solid,682,5,0
S,Full,White,Round,Loose,Checked,967,0,0
XL,Half,Blue,V-Neck,Loose,Printed,1770,4,1
S,Half,Blue,Mandarin,Regular,Printed,601,0,1
S,Half,Red,Round,Regular,Printed,2714,1,0
XL,Half,Black,Round,Slim,Striped,1482,2,0
M,Half,Blue,Round,Regular,Printed,2172,4,0
L,Half,Yellow,Round,Loose,Printed,3000,3,0
XL,Full,Green,V-Neck,Loose,Solid,1465,5,1
M,Full,Green,Polo,Slim,Striped,529,6,1
M,Sleeveless,Yellow,Polo,Regular,Solid,458,4,0
M,Half,Blue,Mandarin,Regular,Striped,2685,2,1
XL,Half,White,Mandarin,Slim,Printed,484,4,0
L,Half,Blue,Polo,Slim,Checked,2238,3,0
M,Sleeveless,Blue,Mandarin,Slim,Solid,1195,1,1
M,Full,Yellow,Polo,Regular,Printed,656,5,0
L,Full,Green,V-Neck,Loose,Printed,550,1,0
M,Half,Green,Round,Slim,Solid,2361,5,0
XL,Full,Green,V-Neck,Slim,Checked,1536,3,1
M,Sleeveless,Red,Polo,Slim,Checked,1067,2,0
XL,Half,Black,Mandarin,Slim,Solid,946,3,1
M,Sleeveless,Red,Mandarin,Loose,Printed,1079,1,1
L,Half,Black,V-Neck,Regular,Solid,1392,7,1
S,Half,Green,Round,Slim,Checked,1536,6,1
L,Full,Red,Round,Loose,Printed,1436,3,0
L,Full,Red,Polo,Regular,Striped,451,3,0
XL,Sleeveless,White,Round,Slim,Solid,1340,7,1
L,Half,White,Polo,Regular,Checked,2622,2,0
XL,Sleeveless,Black,Mandarin,Regular,Solid,200,3,0
L,Half,Blue,Round,Regular,Striped,1493,0,0
M,Half,Yellow,V-Neck,Regular,Printed,976,1,1
M,Half,Green,Polo,Slim,Checked,488,2,0
S,Full,Red,Round,Slim,Solid,2730,5,0
M,Half,Red,Mandarin,Regular,Striped,894,9,1
L,Sleeveless,Blue,Round,Loose,Solid,1343,3,1
L,Sleeveless,Green,Round,Slim,Striped,1439,0,1
L,Half,White,Polo,Regular,Solid,322,1,0
XL,Full,Blue,Mandarin,Regular,Solid,1378,0,0
XL,Full,Red,Mandarin,Slim,Striped,596,2,0
S,Half,Blue,V-Neck,Regular,Striped,309,2,0
L,Half,Green,Polo,Slim,Printed,729,8,0
M,Sleeveless,Black,V-Neck,Slim,Printed,3000,1,1
S,Sleeveless,Red,Mandarin,Slim,Solid,903,0,0
M,Sleeveless,Yellow,Polo,Regular,Solid,1660,10,0
L,Full,Green,V-Neck,Regular,Printed,282,1,0
L,Sleeveless,Black,Mandarin,Slim,Solid,826,0,1
S,Half,Blue,Mandarin,Regular,Striped,715,0,0
M,Full,Yellow,Mandarin,Loose,Printed,1109,4,0
M,Half,Green,Round,Regular,Striped,2324,0,0
L,Full,Black,Round,Regular,Solid,3000,0,0
M,Half,Yellow,V-Neck,Loose,Solid,2450,7,0
S,Full,Green,Mandarin,Regular,Solid,528,2,1
S,Sleeveless,Green,V-Neck,Loose,Checked,1086,0,0
L,Full,Green,Round,Slim,Solid,1892,3,1
L,Half,Black,Round,Slim,Solid,897,1,0
S,Full,White,Round,Slim,Solid,1845,2,0
XL,Full,Black,V-Neck,Slim,Striped,2197,1,0
S,Half,Green,Round,Slim,Checked,2792,8,0
XL,Sleeveless,Green,V-Neck,Regular,Striped,1108,3,0
L,Full,Green,V-Neck,Slim,Striped,1660,5,1
L,Full,Black,V-Neck,Regular,Striped,896,3,0
XL,Half,Yellow,V-Neck,Regular,Striped,890,4,0
L,Sleeveless,Yellow,V-Neck,Regular,Checked,477,0,0
XL,Half,Yellow,Polo,Regular,Solid,981,3,1
L,Half,Black,Round,Slim,Striped,551,1,0
L,Sleeveless,White,V-Neck,Slim,Solid,538,3,1
L,Sleeveless,White,V-Neck,Regular,Solid,1261,1,1
M,Sleeveless,Red,Polo,Slim,Solid,2217,3,1
M,Half,Red,Round,Regular,Checked,2162,6,0
M,Half,Black,Polo,Regular,Printed,587,3,1
S,Half,Black,V-Neck,Regular,Printed,1754,3,0
M,Sleeveless,Red,V-Neck,Slim,Striped,1327,2,1
M,Half,Black,Mandarin,Regular,Striped,1328,3,0
XL,Sleeveless,Black,Round,Loose,Solid,2198,4,0
S,Half,Black,Mandarin,Regular,Printed,695,2,0
M,Full,Yellow,Round,Loose,Solid,550,3,0
L,Full,White,Mandarin,Regular,Striped,264,0,0
L,Full,Blue,Polo,Regular,Checked,267,7,0
M,Full,Yellow,Mandarin,Regular,Striped,2436,0,0
M,Half,Blue,Round,Regular,Solid,752,2,1
M,Full,Blue,Mandarin,Loose,Solid,2009,6,1
L,Full,Green,V-Neck,Regular,Printed,2508,0,0
XL,Half,Black,Polo,Slim,Printed,1174,6,0
L,Full,Yellow,V-Neck,Regular,Checked,2771,5,0
M,Half,Green,Round,Loose,Printed,752,7,0
M,Full,White,V-Neck,Regular,Checked,782,3,0
L,Full,Black,V-Neck,Loose,Solid,563,0,0
L,Full,Yellow,V-Neck,Regular,Striped,2587,0,1
L,Full,Red,V-Neck,Loose,Solid,2021,4,0
L,Full,Black,V-Neck,Loose,Solid,1786,0,1
M,Half,Green,V-Neck,Regular,Striped,1440,3,0
XL,Sleeveless,Red,Round,Slim,Solid,769,1,0
M,Sleeveless,Green,V-Neck,Slim,Solid,577,1,0
S,Half,Green,Round,Slim,Checked,2835,7,0
M,Half,Black,V-Neck,Loose,Striped,688,3,0
XL,Full,White,V-Neck,Regular,Printed,989,9,1
L,Full,White,Polo,Regular,Printed,2847,7,1
XL,Sleeveless,Red,Polo,Slim,Striped,842,0,0
XL,Half,Black,V-Neck,Regular,Solid,1273,3,0
M,Sleeveless,Red,V-Neck,Regular,Solid,1411,0,0
M,Sleeveless,White,V-Neck,Regular,Solid,2570,2,1
M,Full,Black,V-Neck,Regular,Solid,304,2,1
L,Half,Blue,Mandarin,Regular,Striped,888,1,1
M,Half,Red,Polo,Regular,Checked,1921,3,0
L,Half,Black,V-Neck,Slim,Striped,2814,10,0
L,Sleeveless,Green,Round,Slim,Checked,1225,0,0
L,Half,Blue,Mandarin,Slim,Checked,1737,2,0
L,Half,Yellow,Mandarin,Regular,Solid,655,2,1
XL,Full,Green,Round,Loose,Solid,1673,5,0
M,Full,Green,Mandarin,Slim,Solid,2988,4,0
M,Half,Yellow,V-Neck,Regular,Printed,2965,5,1
M,Sleeveless,Red,V-Neck,Slim,Solid,309,8,1
L,Full,Blue,Polo,Loose,Checked,257,1,0
M,Full,Green,Round,Slim,Solid,737,3,1
M,Full,Red,V-Neck,Regular,Solid,644,3,1
L,Half,Black,V-Neck,Loose,Printed,1198,0,0
L,Full,Black,Polo,Regular,Solid,697,3,0
XL,Sleeveless,White,Round,Loose,Solid,437,4,1
S,Sleeveless,Black,Mandarin,Loose,Printed,1863,1,0
XL,Full,Blue,Polo,Loose,Printed,543,0,0
XL,Sleeveless,Yellow,V-Neck,Loose,Printed,200,1,0
L,Half,Green,Round,Regular,Printed,1873,7,0
L,Half,Blue,V-Neck,Slim,Solid,454,3,1
M,Full,White,Polo,Loose,Checked,879,1,0
XL,Sleeveless,Green,Mandarin,Regular,Striped,1614,3,1
M,Full,Blue,Round,Slim,Striped,2708,9,1
S,Full,Green,Polo,Regular,Solid,2728,10,0
L,Half,Red,Mandarin,Slim,Solid,822,2,0
L,Full,Red,V-Neck,Regular,Solid,1196,3,1
XL,Sleeveless,White,Round,Slim,Printed,1249,4,0
L,Half,Green,Round,Regular,Printed,1028,0,1
M,Full,Blue,V-Neck,Regular,Checked,331,0,0
M,Full,Blue,Round,Loose,Printed,2014,4,1
M,Full,Red,Polo,Regular,Striped,910,3,0
M,Half,Red,Mandarin,Loose,Printed,1290,3,0
L,Sleeveless,White,Mandarin,Regular,Printed,2446,3,0
L,Half,Black,Round,Loose,Printed,497,1,0
XL,Full,Green,V-Neck,Loose,Striped,2439,4,0
L,Sleeveless,White,Mandarin,Regular,Solid,2155,1,1
M,Sleeveless,Black,Round,Regular,Solid,655,2,1
L,Sleeveless,Red,Round,Regular,Printed,2966,4,0
M,Full,Black,Polo,Loose,Printed,1753,3,0
L,Full,Blue,V-Neck,Regular,Striped,1795,5,1
XL,Full,Blue,Round,Slim,Solid,1595,7,1
XL,Full,Green,Round,Regular,Striped,1087,0,1
XL,Half,Red,Mandarin,Regular,Solid,1074,1,0
XL,Half,Black,Mandarin,Slim,Striped,1088,5,0
M,Sleeveless,Black,Round,Regular,Printed,365,3,0
XL,Half,Blue,Round,Loose,Solid,1967,1,0
M,Sleeveless,White,Round,Slim,Solid,1012,0,1
S,Full,Black,Polo,Regular,Striped,2711,7,0
L,Sleeveless,Yellow,Polo,Regular,Printed,600,0,1
L,Half,Red,Mandarin,Loose,Solid,334,0,1
XL,Sleeveless,White,Round,Regular,Solid,498,2,0
S,Sleeveless,Red,V-Neck,Slim,Solid,242,7,0
L,Full,Black,V-Neck,Slim,Printed,1790,5,1
M,Half,Black,Round,Slim,Solid,491,0,1
XL,Half,White,V-Neck,Slim,Solid,639,1,0
L,Sleeveless,Yellow,Mandarin,Loose,Solid,2939,5,0
XL,Half,Black,Polo,Regular,Solid,1141,2,0
XL,Full,Blue,V-Neck,Loose,Solid,680,1,1
M,Sleeveless,Red,Mandarin,Regular,Printed,1946,2,0
L,Half,Black,Round,Regular,Printed,1222,0,1
S,Full,White,V-Neck,Slim,Printed,835,4,0
S,Half,Green,Round,Regular,Printed,2712,7,0
M,Half,White,Mandarin,Slim,Striped,1253,0,0
S,Sleeveless,Black,V-Neck,Loose,Printed,385,0,1
M,Half,White,V-Neck,Slim,Solid,1237,2,1
S,Full,Blue,Polo,Slim,Checked,433,4,1
L,Full,Green,Mandarin,Regular,Printed,614,3,0
M,Sleeveless,Blue,Mandarin,Regular,Checked,942,2,0
M,Sleeveless,Blue,Mandarin,Slim,Printed,783,3,0
S,Half,Red,Polo,Slim,Checked,1615,3,1
L,Full,Green,Polo,Slim,Striped,2444,2,0
M,Sleeveless,Black,V-Neck,Loose,Striped,1140,3,0
L,Sleeveless,Green,V-Neck,Slim,Solid,536,5,1
M,Sleeveless,Green,Mandarin,Slim,Printed,1629,3,0
L,Full,Black,Mandarin,Regular,Checked,2339,3,0
L,Half,Black,V-Neck,Loose,Printed,2740,6,0
L,Full,Black,Mandarin,Slim,Striped,977,0,0
S,Sleeveless,White,V-Neck,Regular,Striped,580,2,0
S,Full,White,V-Neck,Slim,Striped,2719,0,0
M,Full,Black,V-Neck,Slim,Printed,1736,2,1
M,Half,Yellow,Mandarin,Loose,Solid,2010,7,0
XL,Half,White,Round,Regular,Striped,1825,1,1
L,Full,Yellow,V-Neck,Regular,Printed,606,3,0
S,Full,Black,Mandarin,Loose,Solid,317,3,0
L,Full,Red,Mandarin,Slim,Striped,804,0,1
S,Full,White,Round,Regular,Solid,2900,3,0
M,Half,Green,Round,Slim,Checked,815,2,1
M,Full,Green,Polo,Loose,Solid,1873,1,1
L,Half,Blue,Round,Regular,Printed,2795,5,1
S,Half,Red,Polo,Slim,Striped,710,4,1
S,Sleeveless,Green,V-Neck,Regular,Solid,583,2,0
M,Sleeveless,Red,Round,Loose,Printed,1302,8,1
S,Sleeveless,Black,Polo,Slim,Printed,500,9,0
L,Sleeveless,Green,V-Neck,Loose,Striped,1149,1,0
S,Half,Black,Round,Regular,Printed,1205,0,1
XL,Half,Blue,Mandarin,Slim,Checked,1191,1,1
L,Half,Black,Mandarin,Loose,Printed,1826,3,1
S,Sleeveless,Red,V-Neck,Regular,Printed,1490,1,1
S,Full,Yellow,V-Neck,Loose,Printed,713,2,1
M,Sleeveless,Black,Polo,Loose,Printed,2686,4,1
M,Half,Blue,V-Neck,Slim,Printed,2130,2,0
M,Full,Black,Mandarin,Regular,Printed,328,0,0
S,Half,White,Mandarin,Regular,Printed,623,3,0
S,Full,Black,Round,Regular,Solid,772,0,1
XL,Half,Blue,Mandarin,Regular,Solid,2287,4,0
M,Full,Yellow,Mandarin,Regular,Printed,2975,10,1
L,Sleeveless,White,Mandarin,Regular,Solid,475,1,0
M,Half,Blue,Polo,Slim,Printed,1598,2,0
L,Half,Black,Round,Regular,Solid,327,0,0
M,Sleeveless,Red,V-Neck,Regular,Solid,1120,9,1
S,Half,Yellow,Round,Slim,Solid,2341,7,0
L,Half,Blue,V-Neck,Loose,Striped,490,4,0
M,Half,Black,V-Neck,Regular,Printed,200,1,0
M,Full,Yellow,Round,Slim,Striped,589,9,1
M,Sleeveless,Blue,Round,Loose,Solid,2051,3,1
M,Half,White,Mandarin,Slim,Checked,1560,4,0
XL,Full,Red,Round,Slim,Checked,898,1,1
XL,Sleeveless,White,Round,Slim,Checked,815,2,0
L,Half,Blue,Round,Regular,Solid,594,1,0
L,Full,Green,Round,Regular,Printed,1100,3,0
M,Sleeveless,Black,Round,Loose,Printed,795,2,0
M,Full,Red,Round,Regular,Striped,1688,2,1
M,Full,White,Mandarin,Slim,Printed,2780,2,1
M,Full,Green,Round,Regular,Solid,3000,3,0
L,Sleeveless,Red,Round,Slim,Striped,1763,5,0
L,Full,Blue,Round,Slim,Printed,1451,1,0
L,Half,Blue,V-Neck,Slim,Striped,529,3,1
M,Half,Blue,Polo,Slim,Printed,406,1,0
XL,Half,Black,Mandarin,Loose,Solid,2815,1,0
S,Half,Red,Round,Slim,Striped,1046,5,1
L,Full,White,V-Neck,Loose,Striped,343,1,0
M,Full,Green,V-Neck,Regular,Printed,2940,3,0
M,Half,Red,Mandarin,Loose,Checked,2768,2,0
L,Full,White,V-Neck,Regular,Solid,315,1,0
M,Half,White,V-Neck,Loose,Solid,2176,1,0
M,Full,White,V-Neck,Loose,Striped,2394,1,0
XL,Full,White,Polo,Slim,Striped,2480,6,0
S,Half,Yellow,V-Neck,Slim,Striped,2440,4,0
S,Half,Black,Mandarin,Regular,Solid,858,8,0
M,Half,Green,V-Neck,Slim,Solid,1303,0,0
S,Full,White,Polo,Regular,Striped,240,5,0
XL,Full,Blue,V-Neck,Loose,Striped,780,0,1
L,Full,Blue,Polo,Regular,Printed,265,3,1
S,Full,Green,Round,Loose,Striped,328,1,0
S,Full,Blue,Round,Regular,Striped,2927,7,1
L,Full,Green,Round,Slim,Printed,2403,1,1
M,Half,Green,Round,Regular,Solid,869,1,0
S,Sleeveless,Yellow,Polo,Regular,Solid,629,5,1
M,Half,Green,V-Neck,Loose,Checked,2145,2,0
XL,Half,Blue,Polo,Slim,Checked,2091,0,1
XL,Sleeveless,Green,Round,Slim,Checked,1281,5,0
L,Sleeveless,Blue,Mandarin,Loose,Checked,2192,2,0
M,Sleeveless,Green,Polo,Regular,Solid,490,3,0
L,Full,Black,V-Neck,Regular,Striped,1949,3,0
S,Sleeveless,White,V-Neck,Loose,Checked,381,6,0
XL,Full,White,Round,Loose,Printed,1201,0,0
XL,Full,Black,V-Neck,Slim,Solid,2262,1,0
M,Full,Green,V-Neck,Slim,Solid,2439,2,0
L,Sleeveless,White,V-Neck,Slim,Checked,1322,2,0
L,Full,Yellow,Mandarin,Slim,Checked,886,1,1
XL,Full,Blue,Round,Slim,Printed,1495,3,0
S,Half,Green,Round,Regular,Solid,486,0,0
L,Sleeveless,Black,V-Neck,Regular,Printed,1183,2,1
M,Sleeveless,Blue,Round,Regular,Printed,728,1,1
M,Full,Green,V-Neck,Regular,Checked,945,1,1
M,Full,Yellow,Polo,Slim,Checked,1642,2,1
S,Full,Blue,Mandarin,Loose,Solid,1210,2,1
S,Half,Green,V-Neck,Regular,Checked,1655,7,0
S,Half,Blue,Mandarin,Slim,Striped,3000,3,0
M,Half,White,Round,Regular,Checked,781,3,0
L,Half,White,Round,Loose,Checked,2626,5,0
L,Half,Blue,Mandarin,Loose,Printed,650,0,0
L,Sleeveless,Red,V-Neck,Slim,Solid,928,0,1
XL,Sleeveless,Black,Round,Regular,Striped,941,1,0
XL,Half,Blue,V-Neck,Slim,Checked,2321,7,0
S,Half,Blue,Mandarin,Loose,Solid,758,2,0
M,Full,Blue,Polo,Slim,Solid,1878,2,1
XL,Half,Blue,Polo,Slim,Printed,2007,3,0
S,Sleeveless,Red,Polo,Regular,Solid,488,1,0
M,Full,Green,V-Neck,Regular,Printed,909,2,0
S,Sleeveless,Blue,Polo,Slim,Solid,2233,4,0
L,Half,Black,Mandarin,Slim,Printed,649,2,0
L,Full,Yellow,Round,Regular,Printed,1340,9,1
M,Full,Red,Round,Slim,Striped,2968,8,0
S,Half,White,Polo,Loose,Striped,468,4,1
XL,Full,Green,V-Neck,Slim,Checked,636,0,0
M,Sleeveless,Black,Polo,Loose,Striped,698,0,0
S,Half,Black,Mandarin,Slim,Striped,468,5,1
L,Full,White,V-Neck,Slim,Solid,1591,1,0
L,Half,Black,V-Neck,Slim,Checked,1696,3,1
L,Half,Red,Polo,Slim,Printed,681,7,0
L,Half,Black,Round,Regular,Printed,626,1,1
S,Sleeveless,Green,Polo,Slim,Solid,1355,0,0
S,Half,Black,Mandarin,Slim,Checked,2923,5,1
L,Half,White,Mandarin,Slim,Striped,1392,8,0
L,Half,Green,V-Neck,Regular,Striped,2967,3,0
L,Full,Blue,Round,Slim,Checked,632,1,1
M,Full,Yellow,Round,Regular,Solid,2842,8,1
L,Half,Green,Mandarin,Loose,Solid,821,0,1
M,Sleeveless,Green,V-Neck,Regular,Printed,1606,2,0
XL,Half,Blue,Round,Regular,Solid,2119,3,0
S,Full,Black,Polo,Loose,Checked,2134,2,0
S,Full,Green,Round,Slim,Solid,317,8,1
M,Full,Black,Mandarin,Regular,Striped,440,2,0
S,Full,Blue,Mandarin,Regular,Solid,1088,1,0
M,Half,Black,V-Neck,Slim,Striped,1958,10,0
M,Half,Black,Polo,Loose,Printed,1373,1,0
L,Sleeveless,Yellow,Round,Loose,Checked,2419,10,0
XL,Half,Red,Mandarin,Loose,Printed,669,1,0
M,Full,Blue,Polo,Regular,Striped,2640,9,0
M,Half,Green,Mandarin,Regular,Printed,1302,2,0
M,Full,Green,Round,Regular,Printed,337,0,1
S,Full,Blue,Polo,Slim,Checked,757,0,1
S,Sleeveless,Blue,Mandarin,Loose,Solid,592,0,0
L,Full,Blue,Round,Regular,Striped,798,4,0
L,Full,Black,Round,Regular,Printed,641,3,0
L,Sleeveless,Yellow,Round,Regular,Striped,407,8,0
S,Full,Yellow,Round,Slim,Checked,2135,0,0
XL,Half,White,Round,Slim,Checked,2664,1,0
S,Full,Green,V-Neck,Loose,Checked,2372,3,1
XL,Sleeveless,Black,Round,Loose,Printed,2195,0,0
L,Half,Green,Mandarin,Regular,Solid,1312,1,0
XL,Full,Red,Round,Regular,Solid,644,2,1
L,Half,Blue,V-Neck,Slim,Printed,2063,3,1
S,Full,Blue,Polo,Slim,Solid,848,0,0
L,Full,Blue,Round,Regular,Printed,350,2,1
M,Sleeveless,Black,Round,Regular,Printed,435,1,0
M,Sleeveless,Black,Round,Regular,Solid,2077,2,1
S,Half,Black,Mandarin,Slim,Checked,927,3,1
L,Full,Black,V-Neck,Loose,Checked,2322,6,0
XL,Full,Blue,V-Neck,Regular,Printed,2760,6,1
XL,Full,Blue,V-Neck,Regular,Solid,2560,2,0
S,Full,Blue,Round,Loose,Solid,510,1,0
M,Sleeveless,Blue,Round,Loose,Striped,370,3,0
L,Full,Red,Polo,Regular,Solid,519,3,1
M,Sleeveless,Black,V-Neck,Regular,Checked,1984,2,0
L,Full,White,Polo,Slim,Solid,2343,2,0
L,Full,Blue,Round,Regular,Solid,1998,2,1
L,Half,Black,Round,Regular,Checked,1257,2,1
S,Half,Black,V-Neck,Regular,Checked,718,1,0
M,Full,Blue,V-Neck,Regular,Checked,297,0,0
M,Full,Red,V-Neck,Loose,Striped,1876,8,1
M,Half,Green,V-Neck,Slim,Solid,2204,2,0
S,Full,White,Round,Regular,Striped,1380,4,0
L,Half,White,V-Neck,Loose,Checked,1868,5,0
L,Half,Green,V-Neck,Regular,Solid,1810,4,1
L,Sleeveless,White,Mandarin,Loose,Printed,703,0,0
L,Full,Black,V-Neck,Loose,Solid,410,1,0
XL,Full,White,V-Neck,Regular,Solid,1619,2,0
S,Full,Black,Round,Slim,Striped,417,1,1
L,Sleeveless,Yellow,Mandarin,Loose,Striped,1131,2,1
L,Half,Red,V-Neck,Slim,Printed,1065,1,0
S,Sleeveless,White,Polo,Loose,Solid,207,0,0
XL,Full,Red,Round,Loose,Printed,899,4,0
M,Full,Blue,Polo,Regular,Solid,2312,9,0
M,Full,Black,Mandarin,Loose,Solid,342,0,0
M,Full,Black,Polo,Regular,Striped,1207,2,1
XL,Sleeveless,Blue,Round,Loose,Striped,546,0,1
M,Half,Red,Polo,Slim,Printed,2033,7,0
M,Half,Green,Polo,Slim,Checked,1699,3,1
S,Full,Black,Round,Regular,Printed,543,5,0
M,Half,Yellow,Polo,Regular,Striped,1675,4,0
M,Sleeveless,Red,Polo,Slim,Striped,2597,8,0
M,Sleeveless,Yellow,Polo,Regular,Checked,2438,2,0
XL,Half,Black,Round,Loose,Solid,1106,3,1
M,Full,Red,Mandarin,Slim,Checked,618,7,1
S,Full,Red,Round,Slim,Solid,1569,1,0
M,Full,Green,Round,Loose,Striped,914,2,0
M,Full,Blue,Round,Regular,Striped,545,3,1
M,Full,Black,V-Neck,Regular,Checked,467,0,0
L,Full,White,V-Neck,Loose,Printed,1421,2,0
M,Full,Black,V-Neck,Slim,Solid,479,3,1
L,Half,Green,Polo,Regular,Striped,1223,3,0
M,Sleeveless,White,Polo,Regular,Striped,1355,3,1
M,Half,White,Round,Slim,Solid,877,2,0
M,Sleeveless,White,Polo,Slim,Printed,2927,1,1
M,Full,White,Polo,Regular,Striped,793,0,0
M,Half,Blue,V-Neck,Slim,Solid,644,1,1
M,Sleeveless,Black,Polo,Slim,Striped,513,4,1
L,Sleeveless,Blue,Polo,Regular,Printed,1559,4,0
S,Full,Red,V-Neck,Regular,Checked,1211,1,0
S,Full,Yellow,Mandarin,Regular,Solid,419,2,0
L,Full,Yellow,V-Neck,Slim,Printed,1000,3,1
M,Sleeveless,Green,Mandarin,Loose,Printed,2460,7,0
S,Half,Green,Round,Regular,Printed,494,2,0
XL,Half,Yellow,Round,Slim,Solid,1603,1,0
S,Full,Yellow,V-Neck,Slim,Printed,1139,5,0
L,Half,Green,Mandarin,Regular,Solid,2166,10,0
S,Full,Black,Polo,Regular,Solid,772,3,0
M,Full,Blue,Polo,Regular,Solid,1924,8,1
S,Full,White,Mandarin,Loose,Checked,464,8,0
XL,Half,Red,Round,Regular,Printed,1590,3,1
L,Half,Blue,V-Neck,Loose,Solid,302,0,1
M,Full,Blue,Polo,Slim,Solid,2083,2,0
XL,Full,Yellow,V-Neck,Loose,Printed,820,8,0
L,Sleeveless,Green,Polo,Slim,Striped,847,4,1
M,Sleeveless,Red,Mandarin,Loose,Printed,1076,1,0
M,Half,Black,Round,Regular,Solid,814,6,0
XL,Full,Blue,Round,Regular,Solid,559,2,1
M,Half,Red,Mandarin,Loose,Printed,321,3,0
M,Half,Blue,Polo,Regular,Solid,1262,0,0
M,Full,Red,Round,Loose,Solid,777,1,0
S,Half,White,Polo,Slim,Printed,2958,4,0
M,Half,Yellow,Round,Regular,Solid,1669,0,1
L,Full,Black,Polo,Regular,Printed,1085,1,0
S,Half,Black,Round,Loose,Printed,940,1,0
M,Sleeveless,Red,Round,Regular,Solid,1069,2,0
L,Full,Black,Mandarin,Loose,Solid,678,0,0
XL,Half,Black,Polo,Slim,Solid,636,2,1
M,Half,Black,Mandarin,Regular,Checked,288,3,1
XL,Full,White,Mandarin,Regular,Striped,707,0,0
S,Half,Green,Round,Slim,Solid,2891,1,0
S,Half,White,V-Neck,Slim,Printed,2341,0,0
L,Full,Blue,Mandarin,Loose,Striped,368,7,1
XL,Half,Red,Round,Loose,Printed,858,4,0
S,Half,Black,Polo,Slim,Checked,2069,7,0
M,Sleeveless,White,Round,Regular,Solid,241,1,0
L,Sleeveless,Yellow,Polo,Regular,Printed,2174,4,1
L,Sleeveless,Black,Mandarin,Slim,Solid,2052,2,0
S,Full,Black,V-Neck,Regular,Printed,1083,1,1
M,Sleeveless,Blue,Polo,Regular,Striped,1247,3,0
M,Half,Yellow,Round,Regular,Striped,1165,6,1
L,Half,Green,V-Neck,Slim,Checked,1524,6,0
XL,Full,White,Mandarin,Slim,Striped,201,8,0
L,Half,Yellow,V-Neck,Regular,Checked,864,2,1
XL,Sleeveless,Red,Mandarin,Slim,Striped,1013,2,0
L,Full,Yellow,Mandarin,Regular,Solid,763,1,0
M,Half,Blue,Mandarin,Loose,Solid,350,1,0
M,Full,Black,V-Neck,Slim,Striped,964,1,1
XL,Full,White,Polo,Regular,Solid,499,3,1
M,Half,Blue,Round,Slim,Striped,719,1,0
L,Half,Blue,Round,Regular,Solid,1296,7,1
S,Sleeveless,White,Round,Regular,Solid,274,0,0
L,Full,Red,Polo,Regular,Checked,2300,0,0
XL,Half,Green,Mandarin,Regular,Checked,1022,8,1
M,Half,Blue,Mandarin,Slim,Printed,2856,2,0
M,Full,Yellow,Mandarin,Regular,Solid,788,1,0
M,Half,Red,Polo,Loose,Checked,692,1,1
L,Half,Black,V-Neck,Regular,Solid,200,0,0
L,Full,Blue,V-Neck,Regular,Striped,2105,1,0
S,Sleeveless,Red,Polo,Loose,Printed,598,0,0
M,Half,Black,Polo,Regular,Solid,948,2,1
L,Full,Green,V-Neck,Regular,Printed,604,0,1
S,Half,White,Round,Loose,Striped,2019,7,0
S,Half,Black,Round,Regular,Printed,2632,8,0
M,Half,Blue,Polo,Slim,Printed,906,3,0
L,Sleeveless,Black,V-Neck,Loose,Checked,1888,1,0
S,Full,Black,V-Neck,Slim,Checked,759,4,1
M,Half,Black,Round,Regular,Printed,1110,3,1
XL,Full,Red,V-Neck,Regular,Printed,1756,3,0
M,Sleeveless,Black,V-Neck,Slim,Striped,282,0,0
S,Half,Red,Polo,Regular,Checked,1406,6,1
S,Sleeveless,Yellow,Round,Regular,Printed,1192,0,1
XL,Full,Blue,Polo,Regular,Printed,1180,6,1
XL,Half,Black,Round,Slim,Printed,627,3,1
S,Full,Red,V-Neck,Slim,Printed,1553,9,1
S,Full,White,Round,Regular,Checked,2672,9,0
L,Sleeveless,Blue,Polo,Loose,Solid,2309,0,0
M,Sleeveless,Red,Round,Slim,Striped,328,2,0
M,Half,Red,V-Neck,Regular,Checked,406,3,1
M,Half,Green,Polo,Loose,Striped,1864,3,0
M,Half,Black,Round,Loose,Solid,587,3,1
L,Half,White,V-Neck,Slim,Printed,790,2,0
XL,Half,Green,Round,Regular,Printed,1705,2,1
L,Full,Blue,Polo,Slim,Solid,622,3,0
XL,Half,Blue,Polo,Slim,Striped,1900,2,0
M,Sleeveless,Green,V-Neck,Slim,Printed,1532,0,0
M,Sleeveless,Black,Mandarin,Regular,Checked,526,0,1
L,Full,Black,Round,Regular,Solid,265,0,1
S,Half,White,Round,Slim,Solid,962,2,1
M,Sleeveless,Black,Mandarin,Regular,Checked,1721,0,0
M,Full,Black,V-Neck,Slim,Striped,2004,2,1
M,Sleeveless,White,V-Neck,Loose,Printed,1151,1,0
L,Full,Black,Polo,Regular,Printed,1028,0,0
M,Half,White,Round,Regular,Solid,260,0,1
L,Half,Black,Mandarin,Slim,Striped,830,3,0
L,Full,Green,Mandarin,Loose,Checked,2524,3,0
M,Half,Blue,Round,Loose,Solid,2468,3,0
M,Full,Black,Polo,Loose,Checked,667,2,0
S,Sleeveless,Blue,V-Neck,Regular,Striped,2529,9,0
S,Full,White,Round,Regular,Solid,976,7,1
S,Full,Black,Round,Slim,Checked,2990,1,0
M,Half,Green,Mandarin,Regular,Checked,2770,9,1
M,Sleeveless,Black,Round,Slim,Striped,1328,2,0
M,Half,Black,Round,Regular,Striped,3000,1,1
L,Full,White,Round,Slim,Striped,909,0,1
M,Sleeveless,Black,Polo,Slim,Solid,792,3,0
L,Full,Blue,Mandarin,Regular,Solid,502,3,1
M,Full,Red,Polo,Slim,Striped,1495,6,1
S,Half,Blue,V-Neck,Regular,Striped,3000,5,0
L,Full,Black,V-Neck,Slim,Solid,430,0,1
M,Sleeveless,Blue,V-Neck,Loose,Solid,2906,7,1
M,Sleeveless,Green,Mandarin,Loose,Solid,1931,10,0
M,Half,Green,Polo,Loose,Printed,479,3,1
M,Full,Blue,Mandarin,Regular,Printed,1980,1,0
M,Full,Blue,V-Neck,Slim,Printed,611,3,1
XL,Half,Blue,Mandarin,Slim,Printed,1249,3,1
XL,Full,Green,Polo,Regular,Printed,2524,1,0
M,Full,Blue,V-Neck,Regular,Checked,532,1,0
M,Sleeveless,Green,Polo,Regular,Striped,463,2,0
M,Full,White,V-Neck,Loose,Striped,780,1,0
XL,Sleeveless,Black,Polo,Regular,Solid,999,0,0
XL,Full,Green,Mandarin,Regular,Striped,789,4,0
XL,Full,Blue,Round,Loose,Printed,955,0,1
L,Full,Red,V-Neck,Regular,Solid,530,3,0
M,Half,Blue,Polo,Loose,Striped,1145,8,0
M,Full,Yellow,V-Neck,Slim,Striped,2006,0,0
XL,Sleeveless,Yellow,V-Neck,Slim,Striped,2840,0,1
M,Half,Red,Polo,Loose,Printed,818,2,0
L,Full,Green,Round,Slim,Solid,1074,1,1
S,Full,Black,Round,Loose,Solid,841,3,1
L,Full,Green,Polo,Slim,Striped,2619,7,0
S,Full,White,V-Neck,Regular,Solid,2844,8,0
L,Full,White,Round,Slim,Striped,498,3,1
L,Full,Green,Round,Slim,Printed,808,7,1
M,Full,Blue,Round,Regular,Printed,2086,3,0
L,Full,Black,Polo,Slim,Striped,1192,3,1
L,Half,White,V-Neck,Regular,Checked,1184,3,1
L,Sleeveless,White,Polo,Regular,Striped,1526,4,0
M,Full,Yellow,V-Neck,Slim,Printed,1264,4,1
L,Half,Green,Polo,Regular,Striped,807,0,0
S,Full,Black,V-Neck,Regular,Solid,2520,4,0
M,Full,Yellow,Mandarin,Slim,Solid,1069,7,1
M,Full,Blue,Polo,Loose,Printed,2218,2,0
M,Half,White,V-Neck,Regular,Striped,1025,8,1
S,Full,Black,Round,Regular,Printed,1686,2,0
L,Full,White,V-Neck,Regular,Solid,279,3,0
M,Full,Blue,V-Neck,Slim,Solid,248,0,1
XL,Half,Red,Mandarin,Regular,Solid,1103,2,0
M,Half,Black,Mandarin,Regular,Checked,1639,0,0
S,Full,Green,Round,Slim,Solid,2112,2,0
M,Half,Red,Round,Loose,Solid,1013,1,0
L,Full,Red,V-Neck,Regular,Solid,832,2,0
L,Half,Blue,V-Neck,Slim,Printed,622,3,1
M,Full,Black,Mandarin,Loose,Printed,2891,1,0
L,Full,Black,Round,Slim,Solid,1469,0,1
S,Half,Green,V-Neck,Regular,Printed,1072,3,0
L,Sleeveless,Black,Mandarin,Slim,Printed,1423,4,0
L,Sleeveless,Black,Mandarin,Loose,Solid,577,1,0
XL,Sleeveless,White,Mandarin,Regular,Striped,2563,5,0
XL,Sleeveless,White,V-Neck,Slim,Checked,2374,3,0
M,Full,White,V-Neck,Regular,Solid,2046,1,1
M,Full,Black,V-Neck,Loose,Solid,1477,2,1
M,Half,Green,Mandarin,Regular,Printed,2708,3,0
L,Sleeveless,Black,Polo,Loose,Solid,861,0,0
L,Sleeveless,Blue,Round,Regular,Striped,1130,1,1
M,Sleeveless,White,Mandarin,Regular,Solid,592,1,0
XL,Full,Green,Round,Slim,Striped,2625,5,1
M,Half,Black,Polo,Loose,Solid,945,1,0
L,Full,Black,Round,Loose,Striped,1692,3,0
L,Sleeveless,Blue,Mandarin,Regular,Striped,2656,2,1
L,Sleeveless,Green,Mandarin,Regular,Printed,2991,7,0
M,Full,Blue,Round,Loose,Striped,1118,1,1
M,Sleeveless,Blue,Round,Loose,Solid,3000,1,1
L,Full,Red,V-Neck,Loose,Printed,351,1,1
L,Full,Blue,Round,Loose,Striped,2880,0,0
M,Full,Red,Round,Slim,Solid,1786,0,1
M,Full,Black,Polo,Slim,Solid,361,1,0
M,Half,Blue,Round,Loose,Printed,1268,1,1
M,Half,Green,Mandarin,Loose,Solid,1948,2,0
L,Sleeveless,Blue,Polo,Regular,Solid,1257,2,1
L,Half,White,V-Neck,Slim,Solid,2133,0,1
L,Full,Black,Round,Slim,Printed,1318,3,1
S,Sleeveless,Yellow,Round,Slim,Striped,1991,5,1
L,Sleeveless,Blue,V-Neck,Slim,Solid,1740,3,1
M,Half,White,Round,Loose,Printed,298,4,0
L,Sleeveless,Green,V-Neck,Loose,Solid,724,1,0
L,Sleeveless,Blue,V-Neck,Slim,Printed,2823,8,0
S,Sleeveless,Red,V-Neck,Slim,Striped,2813,5,0
XL,Sleeveless,Red,Round,Regular,Solid,1742,0,0
M,Half,Black,Round,Regular,Solid,516,0,1
M,Sleeveless,Yellow,Polo,Loose,Solid,977,0,1
XL,Full,White,Round,Regular,Printed,1754,1,1
L,Sleeveless,Green,Round,Regular,Striped,1014,8,1
M,Half,Blue,V-Neck,Regular,Striped,1174,2,1
XL,Sleeveless,Blue,Mandarin,Regular,Solid,3000,4,0
XL,Full,White,Round,Loose,Solid,1610,5,0
L,Half,Red,Mandarin,Regular,Striped,1892,9,0
XL,Sleeveless,Blue,Mandarin,Slim,Solid,497,0,1
M,Sleeveless,Green,Round,Regular,Striped,501,2,0
S,Full,Green,Polo,Slim,Striped,2291,7,0
XL,Full,Green,Polo,Slim,Striped,2430,7,0
S,Full,White,Polo,Loose,Printed,1364,4,0
L,Half,White,Round,Loose,Printed,501,1,1
M,Sleeveless,Black,Mandarin,Loose,Checked,1434,4,1
M,Sleeveless,Blue,Round,Regular,Printed,200,0,1
S,Full,White,Polo,Loose,Solid,1888,4,0
S,Half,Black,Round,Loose,Striped,2853,2,1
L,Full,Blue,Mandarin,Slim,Solid,612,2,0
L,Half,Black,Round,Loose,Solid,455,3,1
XL,Sleeveless,White,V-Neck,Slim,Checked,380,0,0
XL,Half,Red,Round,Slim,Checked,411,3,0
L,Half,Black,Mandarin,Loose,Printed,1445,2,1
L,Full,Blue,Mandarin,Loose,Solid,398,4,0
L,Half,Red,Polo,Loose,Checked,1075,1,1
M,Full,Yellow,Round,Slim,Striped,2599,7,0
L,Sleeveless,Black,Round,Regular,Printed,921,6,0
M,Half,Red,V-Neck,Regular,Striped,623,0,0
S,Half,Black,Round,Regular,Printed,1156,0,1
L,Full,Green,Polo,Regular,Printed,2893,5,0
S,Sleeveless,White,Round,Loose,Checked,470,0,1
M,Full,Black,Polo,Loose,Printed,1016,3,0
S,Full,Black,Mandarin,Regular,Checked,1912,0,0
L,Sleeveless,White,Polo,Loose,Striped,756,0,1
M,Half,Black,Round,Regular,Printed,1411,4,0
XL,Half,Green,V-Neck,Slim,Printed,770,3,1
L,Half,Green,Round,Loose,Solid,898,2,0
M,Full,Red,Polo,Regular,Solid,1711,9,1
M,Full,Black,Polo,Loose,Striped,758,2,1
M,Full,Green,Polo,Loose,Solid,1459,3,0
L,Full,Yellow,Polo,Regular,Striped,1218,3,0
L,Half,White,Round,Slim,Striped,200,0,1
L,Half,Blue,Mandarin,Loose,Striped,302,1,0
S,Sleeveless,Yellow,Polo,Loose,Striped,2170,3,0
XL,Sleeveless,Green,V-Neck,Slim,Solid,556,3,0
M,Half,Black,Round,Regular,Solid,730,3,1
M,Sleeveless,Red,Round,Loose,Solid,1249,3,0
S,Half,Blue,Polo,Regular,Striped,2344,2,0
XL,Sleeveless,Red,V-Neck,Loose,Printed,324,4,0
M,Half,Blue,Round,Slim,Striped,877,3,0
M,Half,Yellow,Polo,Loose,Solid,2871,10,1
XL,Half,Red,Round,Slim,Printed,1929,3,0
XL,Full,Black,V-Neck,Slim,Solid,885,0,0
L,Full,White,Polo,Regular,Printed,2483,0,0
M,Sleeveless,Yellow,V-Neck,Loose,Striped,1095,0,0
M,Full,White,Mandarin,Regular,Striped,467,4,0
M,Half,Black,Round,Slim,Checked,1701,3,0
XL,Full,Yellow,Polo,Regular,Solid,495,3,0
L,Full,White,Polo,Regular,Checked,2984,5,0
L,Sleeveless,Blue,Round,Loose,Solid,558,9,1
M,Sleeveless,Green,Round,Regular,Printed,1260,0,0
S,Full,Black,Round,Loose,Solid,2469,4,0
L,Full,White,Polo,Regular,Striped,398,2,0
L,Full,Red,Round,Slim,Solid,2695,8,0
M,Half,Green,Round,Slim,Checked,2207,0,0
L,Full,Green,Round,Regular,Checked,388,0,0
XL,Half,Red,Round,Loose,Checked,1430,4,0
S,Half,Blue,Round,Slim,Striped,604,2,0
XL,Half,Black,Round,Slim,Solid,2058,3,0
S,Full,Black,Polo,Slim,Checked,2272,8,0
M,Sleeveless,Black,Mandarin,Loose,Checked,1456,4,0
L,Full,Yellow,Round,Regular,Solid,1601,5,1
M,Full,Yellow,Round,Loose,Striped,984,1,0
M,Sleeveless,Black,Round,Slim,Checked,1105,2,1
L,Full,Red,V-Neck,Slim,Striped,700,3,1
M,Half,Blue,Mandarin,Regular,Printed,2955,3,0
M,Full,Green,Polo,Slim,Striped,764,1,1
L,Sleeveless,Blue,V-Neck,Regular,Solid,2468,7,0
XL,Half,Blue,Polo,Regular,Solid,2757,9,0
M,Half,White,Mandarin,Loose,Striped,726,3,1
M,Half,Blue,V-Neck,Slim,Printed,1161,3,0
S,Full,White,V-Neck,Loose,Printed,1062,2,0
XL,Sleeveless,Blue,V-Neck,Loose,Solid,825,2,1
L,Half,Black,Polo,Regular,Striped,629,2,0
XL,Sleeveless,Blue,Polo,Slim,Striped,952,5,1
XL,Sleeveless,Blue,V-Neck,Loose,Printed,1820,0,0
L,Full,Blue,Mandarin,Regular,Solid,1361,0,0
S,Sleeveless,Red,Polo,Regular,Printed,1236,1,1
S,Half,Green,Polo,Slim,Solid,2115,5,0
L,Sleeveless,White,Mandarin,Regular,Printed,2843,6,0
XL,Sleeveless,White,Polo,Regular,Solid,2075,4,0
XL,Half,White,V-Neck,Regular,Striped,722,7,1
M,Sleeveless,Green,Polo,Regular,Printed,426,6,0
M,Sleeveless,Blue,Polo,Slim,Solid,2642,4,1
L,Sleeveless,Red,Polo,Loose,Solid,1471,3,0
XL,Half,Blue,Round,Slim,Solid,2666,0,0
S,Half,Blue,Round,Regular,Checked,2022,3,0
M,Sleeveless,Black,V-Neck,Slim,Printed,1606,2,1
M,Sleeveless,Black,Polo,Loose,Checked,1548,3,1
L,Sleeveless,Red,Round,Slim,Printed,1041,2,0
M,Full,Green,V-Neck,Slim,Solid,2140,6,1
XL,Full,White,Round,Loose,Printed,1486,4,1
S,Full,White,Polo,Loose,Solid,1635,0,1
S,Sleeveless,Blue,Round,Slim,Striped,570,6,0
M,Half,Green,Mandarin,Loose,Checked,2925,0,0
S,Half,Black,Mandarin,Regular,Checked,2843,4,1
L,Full,Blue,Mandarin,Slim,Striped,1829,4,1
L,Full,Yellow,Round,Regular,Printed,2889,1,0
S,Half,White,Polo,Slim,Striped,2154,5,0
S,Half,White,Round,Loose,Striped,2731,0,0
M,Half,White,Polo,Regular,Solid,850,0,1
M,Half,White,V-Neck,Loose,Solid,1237,1,0
S,Sleeveless,Black,Round,Regular,Printed,1700,2,1
S,Half,Green,Round,Loose,Solid,635,2,1
L,Full,Black,V-Neck,Slim,Printed,2519,3,0
L,Half,Red,Round,Slim,Solid,1718,5,0
L,Full,White,Polo,Loose,Printed,766,3,0
M,Half,Green,V-Neck,Loose,Solid,2919,6,0
L,Sleeveless,Yellow,V-Neck,Slim,Printed,481,3,0
L,Full,Black,V-Neck,Loose,Printed,1422,1,1
XL,Full,White,V-Neck,Slim,Printed,1866,4,1
L,Half,Black,Polo,Slim,Solid,1469,4,1
L,Full,Green,Round,Slim,Solid,424,2,0
S,Half,Green,Mandarin,Regular,Printed,1036,3,1
M,Half,Blue,Round,Regular,Solid,2446,4,1
L,Full,Black,Round,Regular,Printed,1213,1,0
XL,Half,Green,Mandarin,Loose,Checked,614,1,0
M,Half,White,Round,Slim,Printed,746,1,0
M,Full,Green,Round,Regular,Striped,759,0,1
S,Full,Red,Round,Slim,Solid,2265,9,0
S,Full,Blue,V-Neck,Slim,Solid,1702,3,0
L,Half,Green,Mandarin,Slim,Checked,338,0,0
M,Full,Black,Mandarin,Regular,Striped,1288,2,0
L,Half,Red,Polo,Slim,Solid,271,4,1
S,Full,Black,Polo,Regular,Printed,1082,1,1
M,Full,Black,Polo,Regular,Striped,1938,0,0
M,Full,Blue,Polo,Regular,Solid,2934,4,0
M,Full,Green,Mandarin,Slim,Checked,1673,3,0
L,Full,Green,Round,Slim,Solid,899,7,0
M,Half,Blue,Mandarin,Slim,Striped,1843,3,1
S,Full,White,V-Neck,Slim,Checked,2101,4,0
M,Full,Blue,Round,Slim,Printed,279,1,0
XL,Full,Blue,Mandarin,Loose,Printed,896,9,0
XL,Sleeveless,Yellow,Mandarin,Regular,Printed,862,2,0
M,Half,Yellow,Polo,Slim,Solid,437,3,0
M,Half,Blue,V-Neck,Regular,Printed,1228,3,0
L,Half,Black,V-Neck,Slim,Solid,1096,0,1
M,Full,Black,V-Neck,Loose,Checked,872,6,1
L,Full,Blue,Mandarin,Loose,Solid,574,1,1
L,Full,Black,Polo,Loose,Printed,562,3,0
XL,Half,Blue,Round,Slim,Solid,2444,5,0
S,Sleeveless,Blue,Round,Regular,Checked,2416,6,0
M,Sleeveless,Blue,Mandarin,Regular,Printed,478,4,1
M,Full,Blue,Mandarin,Regular,Solid,876,0,1
S,Sleeveless,Blue,Polo,Slim,Solid,2546,4,1
L,Full,Black,V-Neck,Regular,Checked,1182,3,0
M,Full,Black,Round,Slim,Checked,649,0,1
L,Half,Black,Round,Regular,Checked,2931,2,1
M,Half,Red,V-Neck,Loose,Striped,433,2,0
L,Half,Black,Polo,Regular,Printed,1118,7,0
S,Half,White,Mandarin,Regular,Solid,833,4,0
XL,Full,Green,Polo,Regular,Solid,1516,0,0
M,Sleeveless,Yellow,Round,Regular,Solid,1741,4,0
M,Half,Black,Round,Regular,Checked,2110,1,0
L,Sleeveless,Green,V-Neck,Regular,Checked,432,3,0
S,Full,Black,Mandarin,Regular,Checked,1949,3,0
M,Full,White,Mandarin,Regular,Striped,282,0,0
XL,Half,Red,V-Neck,Slim,Solid,2432,7,0
S,Half,Green,Mandarin,Slim,Printed,783,3,1
S,Full,Yellow,Mandarin,Loose,Printed,1266,8,1
M,Sleeveless,Yellow,Round,Regular,Striped,1154,1,1
M,Sleeveless,White,Round,Regular,Printed,477,1,1
S,Half,Red,Polo,Slim,Printed,848,5,1
M,Full,Blue,Round,Regular,Solid,2249,1,0
L,Half,Red,V-Neck,Regular,Solid,520,3,0
M,Sleeveless,Blue,V-Neck,Slim,Striped,662,3,1
XL,Half,Yellow,Round,Regular,Printed,1618,6,1
XL,Full,Black,Round,Regular,Solid,365,4,0
M,Full,Black,V-Neck,Loose,Solid,2833,0,1
M,Full,Black,Round,Regular,Striped,1081,3,0
L,Full,White,Mandarin,Loose,Striped,1388,6,0
M,Sleeveless,White,Mandarin,Loose,Checked,1217,3,0
XL,Half,Red,Round,Slim,Checked,658,3,1
S,Full,Red,V-Neck,Slim,Printed,1614,10,1
S,Full,Blue,Round,Regular,Checked,237,2,1
S,Full,Blue,Round,Regular,Striped,2576,3,0
XL,Full,White,V-Neck,Slim,Striped,2127,6,1
XL,Full,White,Round,Loose,Striped,359,3,1
S,Full,Green,Round,Slim,Checked,988,2,0
M,Half,Black,V-Neck,Slim,Striped,1389,1,1
S,Sleeveless,Black,Mandarin,Regular,Striped,221,3,0
S,Half,Red,Polo,Slim,Checked,545,5,0
M,Half,White,Round,Regular,Solid,1975,6,0
M,Sleeveless,Blue,Mandarin,Slim,Solid,1007,0,0
L,Full,Green,Round,Slim,Printed,1742,8,1
M,Sleeveless,Black,Polo,Loose,Striped,739,3,0
M,Sleeveless,Red,Mandarin,Slim,Solid,2956,7,0
L,Half,Black,V-Neck,Loose,Solid,1058,6,1
M,Full,Blue,Polo,Loose,Printed,1861,6,0
M,Full,Black,V-Neck,Regular,Checked,554,0,0
XL,Full,Blue,V-Neck,Regular,Checked,1705,3,0
M,Sleeveless,Green,Round,Regular,Solid,1086,2,0
XL,Full,Black,Mandarin,Loose,Printed,1124,0,0
M,Half,Black,V-Neck,Slim,Printed,1952,7,0
M,Sleeveless,Yellow,Round,Loose,Solid,2886,4,0
L,Half,Green,V-Neck,Regular,Striped,2857,2,0
M,Half,Blue,V-Neck,Slim,Checked,2650,4,0
S,Full,Green,Polo,Slim,Checked,1617,4,1
M,Half,Red,Polo,Regular,Solid,1289,1,1
M,Sleeveless,Green,Round,Slim,Printed,1373,9,1
M,Half,Green,Polo,Loose,Solid,1003,0,1
L,Full,Red,Polo,Slim,Printed,820,0,1
XL,Half,Black,Mandarin,Slim,Solid,721,2,1
L,Sleeveless,Black,Round,Loose,Striped,571,2,0
M,Half,Red,V-Neck,Regular,Striped,1425,0,1
S,Sleeveless,Black,V-Neck,Regular,Striped,404,9,0
M,Full,Black,Polo,Regular,Checked,1828,10,1
S,Half,Blue,Round,Regular,Checked,2673,4,0
L,Full,Yellow,Mandarin,Regular,Printed,1895,3,0
L,Sleeveless,Black,Polo,Slim,Printed,1386,1,0
S,Full,Blue,Polo,Loose,Striped,693,3,0
L,Full,Black,V-Neck,Loose,Solid,1997,3,0
L,Half,Blue,V-Neck,Regular,Checked,565,8,1
S,Half,Black,Round,Regular,Printed,865,3,0
M,Half,Blue,Polo,Regular,Printed,793,1,0
M,Sleeveless,White,V-Neck,Slim,Checked,2588,1,0
S,Half,Green,Mandarin,Loose,Striped,2915,1,0
M,Half,Blue,Round,Regular,Printed,829,7,0
XL,Half,Blue,Round,Slim,Printed,1472,1,1
L,Half,Black,Polo,Regular,Solid,1007,1,1
L,Half,White,Mandarin,Slim,Printed,1693,2,0
XL,Half,White,V-Neck,Regular,Printed,2677,0,1
XL,Half,Blue,Mandarin,Slim,Printed,1410,0,0
S,Full,Blue,V-Neck,Regular,Striped,921,0,0
S,Half,Blue,Mandarin,Regular,Solid,1767,0,1
S,Half,Red,Polo,Loose,Solid,2328,2,0
L,Sleeveless,Blue,Polo,Regular,Printed,1872,1,0
L,Half,Black,Round,Regular,Printed,2524,2,0
M,Sleeveless,Blue,Mandarin,Regular,Solid,615,9,1
L,Sleeveless,Red,V-Neck,Slim,Printed,1215,1,1
L,Sleeveless,White,Mandarin,Regular,Printed,437,4,0
M,Full,Blue,Polo,Regular,Solid,605,1,1
L,Full,Black,V-Neck,Regular,Checked,1687,7,0
L,Full,Black,Polo,Slim,Printed,2687,5,1
L,Full,Blue,Round,Loose,Solid,2563,9,1
XL,Sleeveless,Black,V-Neck,Slim,Solid,1788,1,0
L,Full,White,Round,Regular,Checked,867,2,0
M,Half,Green,V-Neck,Slim,Solid,648,3,1
L,Full,White,Round,Regular,Solid,2229,0,1
S,Full,Black,V-Neck,Slim,Checked,1202,0,1
L,Half,Yellow,Mandarin,Loose,Printed,2648,8,0
S,Sleeveless,Black,Polo,Slim,Striped,261,1,1
S,Half,Black,Polo,Regular,Striped,1213,2,0
L,Half,Black,V-Neck,Loose,Solid,496,0,0
XL,Sleeveless,Yellow,Round,Slim,Solid,2638,8,1
M,Full,Green,Polo,Slim,Solid,3000,0,0
L,Full,White,Polo,Loose,Printed,412,4,1
M,Half,Green,Round,Loose,Striped,461,0,0
M,Full,Red,Round,Regular,Striped,2723,1,0
M,Sleeveless,Blue,Round,Regular,Solid,1232,1,1
L,Half,Black,Mandarin,Regular,Checked,729,8,0
M,Full,White,Polo,Loose,Checked,242,1,1
M,Half,White,Mandarin,Regular,Solid,946,2,0
M,Full,Red,Polo,Slim,Striped,1466,4,1
M,Sleeveless,Black,Round,Slim,Striped,266,3,0
XL,Sleeveless,Yellow,Mandarin,Loose,Striped,1756,0,0
S,Full,Green,V-Neck,Loose,Printed,2838,4,0
L,Full,Black,Mandarin,Regular,Printed,1288,7,1
S,Half,White,Mandarin,Regular,Printed,494,1,0
M,Full,Green,Polo,Loose,Striped,2506,1,0
M,Full,Yellow,Polo,Regular,Printed,655,2,0
S,Full,Yellow,Polo,Slim,Solid,1318,2,0
XL,Half,Blue,Polo,Slim,Solid,1622,0,0
L,Half,Yellow,V-Neck,Regular,Solid,733,8,0
M,Full,Red,Mandarin,Loose,Solid,745,1,0
XL,Half,Red,Round,Regular,Solid,1306,3,0
L,Half,White,V-Neck,Slim,Striped,2322,3,1
M,Sleeveless,Red,Polo,Regular,Checked,1680,6,0
M,Full,White,V-Neck,Slim,Striped,917,1,0
XL,Full,Blue,Round,Slim,Striped,335,0,1
M,Half,Yellow,Mandarin,Regular,Solid,932,0,1
S,Sleeveless,Red,Round,Loose,Printed,1083,1,1
M,Full,Green,V-Neck,Regular,Striped,765,0,0
XL,Half,Black,Round,Loose,Checked,1142,1,1
M,Full,Blue,Polo,Slim,Printed,1013,4,0
XL,Full,Green,Mandarin,Slim,Printed,355,5,1
M,Full,Black,Round,Slim,Solid,1414,1,1
L,Full,Blue,Round,Slim,Striped,2266,10,0
XL,Full,Blue,V-Neck,Regular,Solid,2190,3,0
XL,Sleeveless,Blue,Round,Slim,Solid,2008,6,0
S,Half,White,Polo,Loose,Solid,1288,0,1
M,Full,Red,V-Neck,Slim,Printed,927,4,1
L,Sleeveless,White,Round,Regular,Striped,862,2,1
S,Full,White,Round,Slim,Solid,809,0,1
L,Half,Black,Polo,Slim,Checked,893,1,0
XL,Sleeveless,Black,Mandarin,Regular,Striped,2360,7,0
L,Half,Blue,Polo,Slim,Striped,2529,1,1
L,Half,Red,Polo,Slim,Printed,622,0,1
L,Sleeveless,White,Round,Slim,Printed,2296,9,0
S,Sleeveless,Green,V-Neck,Regular,Solid,807,6,0
M,Sleeveless,White,V-Neck,Slim,Striped,1978,9,0
M,Sleeveless,Red,Round,Loose,Printed,686,3,0
S,Full,Red,Polo,Slim,Solid,912,0,1
XL,Full,Green,Round,Loose,Checked,316,2,0
M,Full,Blue,Polo,Loose,Checked,2029,1,1
S,Half,Blue,Polo,Loose,Printed,1221,1,1
M,Full,White,Mandarin,Loose,Printed,1393,6,0
L,Half,White,Round,Regular,Checked,684,0,0
S,Half,Yellow,V-Neck,Slim,Printed,2664,6,0
M,Full,White,V-Neck,Regular,Printed,2209,4,0
M,Half,Black,Round,Regular,Checked,2668,0,1
M,Sleeveless,White,V-Neck,Loose,Checked,499,5,1
L,Half,Black,V-Neck,Regular,Printed,432,3,1
L,Full,Green,Round,Regular,Solid,309,4,0
M,Full,Black,V-Neck,Loose,Checked,934,3,1
M,Sleeveless,Red,V-Neck,Slim,Checked,1073,6,0
L,Full,Blue,Polo,Regular,Striped,2383,1,1
L,Full,Blue,Polo,Slim,Solid,2909,4,0
L,Full,White,Round,Loose,Solid,1705,0,0
S,Full,Blue,Round,Slim,Solid,2541,2,1
S,Sleeveless,Black,V-Neck,Regular,Checked,2298,2,0
L,Full,Red,Round,Regular,Solid,1805,4,0
L,Half,Green,V-Neck,Regular,Solid,628,0,1
M,Half,Black,Round,Slim,Striped,590,4,1
M,Half,Black,Mandarin,Regular,Printed,1214,3,1
L,Full,Blue,Polo,Regular,Solid,493,3,1
M,Full,Green,Round,Loose,Printed,875,2,1
L,Half,Black,Round,Slim,Checked,1318,3,1
L,Full,White,Mandarin,Loose,Solid,938,1,0
L,Full,Black,V-Neck,Loose,Striped,973,4,1
XL,Half,Black,Mandarin,Regular,Printed,562,5,1
S,Full,Green,Polo,Regular,Printed,2451,1,0
S,Full,Black,Mandarin,Regular,Striped,1064,3,1
L,Full,Black,Round,Loose,Striped,2460,0,0
M,Half,White,Round,Regular,Solid,531,6,0
L,Sleeveless,Green,Mandarin,Loose,Printed,1815,0,1
M,Full,Black,Mandarin,Loose,Printed,869,9,0
L,Full,White,Round,Slim,Printed,1700,2,1
XL,Full,White,Polo,Slim,Printed,557,1,1
M,Full,Yellow,Mandarin,Regular,Solid,499,2,0
XL,Half,Green,V-Neck,Slim,Striped,2064,4,1
L,Full,Black,Round,Slim,Printed,1760,1,0
XL,Half,Green,Mandarin,Regular,Striped,2653,3,0
L,Full,Black,V-Neck,Regular,Solid,241,1,0
S,Sleeveless,Yellow,Polo,Regular,Printed,851,1,0
S,Full,Black,V-Neck,Regular,Striped,2581,3,0
S,Sleeveless,Green,Polo,Slim,Striped,2883,1,1
M,Full,Red,V-Neck,Regular,Checked,1363,2,1
M,Full,White,Mandarin,Slim,Striped,351,4,0
M,Sleeveless,Blue,V-Neck,Regular,Striped,1756,1,0
L,Half,White,Round,Slim,Striped,719,0,1
M,Half,Green,Mandarin,Slim,Printed,1510,5,1
M,Sleeveless,Blue,Polo,Slim,Striped,1135,6,1
L,Sleeveless,Red,Mandarin,Regular,Striped,2090,6,0
M,Sleeveless,Green,Mandarin,Regular,Printed,886,0,0
M,Full,Black,Polo,Slim,Printed,1352,2,1
L,Full,Green,Round,Slim,Printed,897,1,0
XL,Sleeveless,Black,Polo,Loose,Printed,867,5,0
XL,Full,White,Polo,Slim,Printed,1762,3,1
M,Full,Black,Round,Slim,Solid,1591,0,0
S,Full,Blue,V-Neck,Loose,Checked,2650,3,0
L,Half,Red,V-Neck,Regular,Striped,1208,5,1
L,Sleeveless,Yellow,Polo,Slim,Checked,305,4,0
S,Full,Blue,Mandarin,Regular,Checked,1356,0,0
M,Sleeveless,Black,Round,Slim,Checked,1311,5,0
L,Full,White,Polo,Slim,Printed,841,1,1
L,Full,Yellow,Mandarin,Slim,Striped,1290,3,0
S,Half,Yellow,Mandarin,Slim,Striped,257,10,0
M,Sleeveless,Red,Round,Regular,Striped,1571,5,0
L,Sleeveless,Blue,Polo,Loose,Checked,1937,6,0
L,Sleeveless,Red,V-Neck,Regular,Solid,1043,3,1
L,Half,Blue,Polo,Slim,Striped,2407,4,0
L,Half,Yellow,Round,Slim,Checked,970,2,1
M,Sleeveless,Yellow,Mandarin,Slim,Checked,2343,9,0
S,Sleeveless,Blue,Mandarin,Slim,Striped,2403,6,0
L,Full,White,Round,Slim,Checked,2705,3,0
L,Full,Blue,Round,Regular,Printed,3000,1,0
XL,Full,Blue,Mandarin,Slim,Solid,346,1,0
S,Full,Yellow,Mandarin,Slim,Printed,562,6,1
S,Half,White,V-Neck,Slim,Solid,609,0,0
L,Sleeveless,Yellow,Mandarin,Slim,Striped,2543,2,0
S,Full,Green,V-Neck,Slim,Striped,710,1,0
XL,Full,White,Polo,Loose,Solid,2859,1,0
S,Full,Green,V-Neck,Slim,Striped,2017,7,1
XL,Half,White,V-Neck,Regular,Striped,872,1,1
S,Half,Blue,V-Neck,Loose,Printed,571,3,1
XL,Half,Red,V-Neck,Loose,Printed,1713,1,0
L,Full,Yellow,Round,Loose,Striped,1398,2,1
L,Full,Blue,Round,Slim,Printed,1996,5,1
L,Sleeveless,Blue,Polo,Regular,Striped,734,0,0
L,Full,Red,V-Neck,Slim,Checked,2458,2,0
M,Half,Black,V-Neck,Regular,Striped,1690,0,0
M,Sleeveless,Yellow,Polo,Loose,Printed,1429,1,0
XL,Half,Blue,V-Neck,Loose,Checked,1961,3,0
S,Full,Green,V-Neck,Loose,Striped,1653,0,0
M,Half,Black,V-Neck,Slim,Solid,1681,2,0
S,Sleeveless,Blue,V-Neck,Slim,Printed,1313,5,1
XL,Half,White,Round,Regular,Striped,1661,1,1
XL,Half,Red,Round,Slim,Solid,2145,2,1
M,Full,Black,Polo,Slim,Printed,891,1,1
L,Half,White,Round,Slim,Printed,2939,3,0
XL,Full,Blue,Polo,Loose,Striped,550,3,1
S,Half,Red,Round,Regular,Checked,1610,1,0
XL,Full,Black,Round,Slim,Checked,3000,2,1
S,Full,Red,V-Neck,Slim,Solid,943,3,1
XL,Sleeveless,Blue,Round,Slim,Striped,766,3,0
L,Sleeveless,Black,Round,Loose,Checked,2946,10,0
L,Half,Black,Mandarin,Slim,Printed,409,0,1
S,Sleeveless,Red,Round,Loose,Solid,810,0,1
L,Sleeveless,Yellow,V-Neck,Slim,Checked,1621,5,0
M,Sleeveless,Red,Mandarin,Slim,Checked,883,1,1
XL,Full,Blue,Mandarin,Slim,Solid,459,3,0
M,Half,Blue,Round,Regular,Printed,1917,1,0
M,Full,Green,V-Neck,Regular,Striped,2507,7,0
S,Full,Black,Polo,Regular,Striped,1548,3,1
M,Half,Yellow,Round,Regular,Printed,1785,1,0
M,Half,Blue,V-Neck,Loose,Solid,1342,3,1
M,Full,Red,Round,Loose,Striped,439,3,0
L,Full,White,Round,Regular,Checked,611,1,1
M,Sleeveless,Yellow,V-Neck,Slim,Solid,746,5,0
S,Half,Red,Polo,Slim,Solid,828,4,1
L,Full,Blue,Polo,Loose,Printed,877,0,0
S,Sleeveless,Blue,V-Neck,Regular,Solid,1241,1,1
S,Sleeveless,White,V-Neck,Slim,Printed,1149,0,0
S,Half,Green,V-Neck,Loose,Solid,501,0,0
M,Sleeveless,Black,Round,Slim,Solid,1788,2,1
L,Sleeveless,Black,Round,Loose,Solid,893,7,1
L,Full,Red,Mandarin,Slim,Striped,1955,5,1
S,Full,Red,V-Neck,Slim,Striped,2043,3,0
L,Sleeveless,Red,Polo,Loose,Checked,209,6,0
S,Full,Red,Mandarin,Regular,Striped,1150,4,0
S,Full,Black,Mandarin,Slim,Solid,938,7,1
M,Full,Green,Round,Loose,Solid,1680,4,0
XL,Full,White,Round,Loose,Solid,310,1,0
M,Sleeveless,Green,Round,Regular,Solid,553,5,0
M,Full,Black,V-Neck,Loose,Solid,772,0,1
L,Sleeveless,Blue,Mandarin,Loose,Checked,2909,0,0
XL,Half,Green,Polo,Regular,Solid,1875,2,0
M,Sleeveless,Green,V-Neck,Slim,Checked,1166,2,1
S,Half,Green,Mandarin,Slim,Solid,990,10,0
XL,Half,White,Polo,Regular,Solid,742,0,1
M,Half,Green,Polo,Slim,Solid,843,3,0
L,Half,Yellow,V-Neck,Slim,Striped,578,1,0
S,Full,Red,Polo,Loose,Checked,2878,7,0
M,Sleeveless,Blue,V-Neck,Slim,Striped,1349,3,1
M,Sleeveless,Blue,Polo,Regular,Striped,1499,8,1
L,Sleeveless,Green,Round,Regular,Printed,412,3,1
L,Full,Black,Mandarin,Regular,Printed,1202,3,0
L,Full,Green,Mandarin,Regular,Solid,1317,2,1
XL,Half,Black,V-Neck,Regular,Solid,2773,2,1
M,Half,Black,Polo,Slim,Checked,714,4,0
XL,Sleeveless,White,Round,Slim,Checked,249,3,1
XL,Half,Yellow,Mandarin,Regular,Solid,335,3,1
M,Sleeveless,White,V-Neck,Regular,Checked,2322,0,0
M,Full,Blue,V-Neck,Loose,Printed,594,3,1
S,Half,White,Polo,Loose,Striped,1668,1,1
M,Half,Green,Polo,Regular,Striped,2537,2,0
L,Full,Green,V-Neck,Loose,Solid,316,5,0
L,Full,Blue,Round,Slim,Printed,579,6,1
S,Half,Red,V-Neck,Regular,Solid,229,2,0
M,Half,Yellow,Round,Loose,Solid,1071,1,0
S,Half,Black,V-Neck,Slim,Solid,3000,2,1
M,Full,White,Polo,Slim,Striped,1106,1,0
XL,Full,Black,Mandarin,Slim,Solid,1008,5,1
S,Sleeveless,Blue,Polo,Loose,Striped,1356,5,1
XL,Half,White,Round,Loose,Solid,2274,1,0
M,Full,Green,V-Neck,Regular,Solid,1445,0,0
M,Sleeveless,Red,V-Neck,Regular,Printed,928,2,1
M,Half,White,Round,Slim,Printed,2567,3,0
S,Full,Red,V-Neck,Slim,Striped,2444,7,0
XL,Half,Red,Mandarin,Regular,Printed,2700,6,0
L,Full,Blue,V-Neck,Regular,Solid,1077,1,0
S,Half,Blue,Mandarin,Regular,Solid,1760,8,0
M,Full,White,Polo,Regular,Checked,1132,2,1
M,Full,Red,V-Neck,Slim,Solid,1692,0,0
S,Sleeveless,White,V-Neck,Slim,Printed,1202,3,1
S,Half,White,Round,Slim,Striped,1018,2,1
XL,Full,Red,Polo,Loose,Striped,659,1,0
XL,Full,Black,V-Neck,Regular,Printed,989,4,1
S,Half,White,Polo,Regular,Solid,2683,8,1
S,Full,Green,V-Neck,Regular,Solid,728,1,1
L,Full,Black,V-Neck,Slim,Solid,2515,6,1
M,Half,Blue,Round,Loose,Printed,2800,5,0
XL,Half,Black,V-Neck,Regular,Solid,882,3,1
L,Sleeveless,Green,Mandarin,Regular,Checked,924,1,0
M,Full,Red,Round,Regular,Striped,3000,2,0
M,Sleeveless,Black,Mandarin,Regular,Checked,289,2,1
XL,Full,Green,Round,Loose,Checked,2344,6,0
L,Half,Black,Polo,Regular,Solid,2908,0,0
M,Full,Black,V-Neck,Slim,Checked,813,2,0
XL,Half,Blue,Mandarin,Slim,Solid,974,3,0
XL,Half,White,Round,Loose,Striped,902,4,0
M,Half,Yellow,Mandarin,Loose,Solid,2644,4,0
M,Half,Blue,Polo,Slim,Printed,1290,1,0
M,Half,White,V-Neck,Loose,Striped,2535,2,0
XL,Full,Green,Polo,Slim,Solid,464,8,1
L,Sleeveless,Red,V-Neck,Slim,Solid,525,1,0
M,Half,Blue,Round,Regular,Printed,601,2,1
XL,Half,Green,Round,Slim,Checked,2190,6,0
S,Full,Blue,V-Neck,Regular,Striped,1314,3,0
L,Sleeveless,Yellow,V-Neck,Regular,Solid,889,1,0
M,Full,Black,Round,Regular,Printed,1090,0,0
M,Full,Yellow,Round,Loose,Striped,1378,6,0
L,Full,Green,Polo,Slim,Striped,681,3,0
L,Half,Black,Mandarin,Loose,Printed,864,1,0
XL,Sleeveless,Blue,Mandarin,Slim,Solid,2422,3,0
S,Sleeveless,Black,V-Neck,Regular,Printed,2303,4,1
L,Full,Blue,Polo,Regular,Solid,905,2,0
M,Sleeveless,Black,V-Neck,Slim,Striped,233,0,0
L,Full,Red,Mandarin,Slim,Solid,266,2,0
L,Full,Green,Polo,Loose,Striped,327,2,0
XL,Full,Black,Polo,Slim,Printed,2535,7,0
M,Full,Yellow,Polo,Regular,Solid,606,1,1
M,Full,White,V-Neck,Loose,Solid,437,1,0
L,Full,Red,Mandarin,Regular,Checked,1187,2,1
M,Sleeveless,Green,Polo,Regular,Solid,1091,3,1
M,Sleeveless,Yellow,Polo,Slim,Printed,478,1,0
XL,Full,Green,Round,Loose,Checked,1431,2,0
L,Half,Yellow,Round,Slim,Printed,964,3,0
XL,Half,Green,Mandarin,Loose,Solid,1146,0,0
XL,Sleeveless,Yellow,Polo,Slim,Solid,1919,5,1
M,Sleeveless,Green,Mandarin,Regular,Checked,2537,1,0
L,Full,Blue,Mandarin,Slim,Printed,901,3,0
L,Full,Black,V-Neck,Slim,Striped,1595,0,1
S,Half,Black,Round,Regular,Striped,1222,6,0
L,Half,Red,Mandarin,Slim,Printed,1525,4,0
M,Half,White,V-Neck,Regular,Printed,711,0,0
M,Sleeveless,Yellow,V-Neck,Slim,Printed,518,3,0
M,Full,Black,Round,Regular,Checked,2064,4,0
S,Sleeveless,White,V-Neck,Slim,Solid,742,3,0
M,Half,Black,Mandarin,Loose,Solid,1547,1,0
L,Sleeveless,Yellow,V-Neck,Slim,Solid,770,3,0
S,Sleeveless,Red,Mandarin,Loose,Checked,2136,9,0
L,Half,Green,Polo,Regular,Striped,2358,1,0
M,Sleeveless,Red,Polo,Loose,Checked,1139,4,1
L,Full,Red,Round,Loose,Checked,2287,8,0
M,Full,Green,Mandarin,Regular,Checked,278,2,0
L,Half,Green,Round,Regular,Striped,2092,6,0
XL,Half,Green,V-Neck,Slim,Printed,2413,1,0
S,Full,Green,Round,Slim,Checked,1051,1,1
M,Half,White,Round,Slim,Printed,1458,5,1
M,Full,Black,Polo,Slim,Printed,1205,2,1
L,Full,White,V-Neck,Slim,Striped,2453,5,0
XL,Full,Black,Polo,Regular,Printed,1201,3,0
S,Full,Yellow,Round,Regular,Checked,1931,0,1
M,Half,Blue,Polo,Loose,Checked,262,3,0
M,Sleeveless,Green,V-Neck,Loose,Checked,2757,1,0
S,Sleeveless,Blue,V-Neck,Slim,Solid,1428,2,0
L,Half,Yellow,Polo,Regular,Solid,1715,0,0
S,Full,Black,V-Neck,Regular,Solid,479,0,0
M,Half,Black,V-Neck,Loose,Striped,539,4,1
XL,Half,Black,Round,Slim,Striped,1311,2,0
S,Sleeveless,Green,Polo,Regular,Printed,483,5,0
L,Half,White,V-Neck,Regular,Striped,2776,0,0
L,Full,Red,Round,Regular,Solid,490,1,0
L,Half,Blue,V-Neck,Regular,Striped,1703,2,0
L,Full,Black,Polo,Slim,Checked,1198,1,0
L,Sleeveless,Green,Polo,Loose,Striped,1177,1,1
S,Half,Blue,V-Neck,Slim,Solid,500,8,1
S,Full,Black,V-Neck,Regular,Printed,1065,5,0
XL,Sleeveless,Red,Round,Regular,Checked,539,2,0
L,Sleeveless,Green,Round,Regular,Printed,1019,0,0
M,Sleeveless,Black,V-Neck,Slim,Solid,2444,6,0
L,Full,Yellow,V-Neck,Slim,Printed,1120,3,0
S,Full,Black,Polo,Loose,Printed,2531,2,1
S,Half,Red,Polo,Regular,Solid,1857,3,0
L,Half,White,Round,Slim,Striped,1509,2,1
L,Sleeveless,Red,Round,Loose,Solid,795,3,0
M,Full,Red,Round,Loose,Solid,2403,8,0
M,Full,Blue,Mandarin,Regular,Solid,1128,3,1
L,Full,White,Round,Loose,Solid,2346,3,0
S,Full,White,V-Neck,Regular,Printed,2634,2,1
S,Sleeveless,Green,Polo,Slim,Striped,1228,4,1
M,Sleeveless,Green,Round,Regular,Printed,2898,3,0
M,Full,Red,V-Neck,Regular,Checked,1195,1,1
M,Full,Red,Mandarin,Regular,Printed,2458,2,1
M,Half,White,Round,Slim,Solid,1580,3,1
L,Half,Red,Round,Loose,Printed,556,4,1
XL,Full,Yellow,Mandarin,Loose,Checked,422,0,0
S,Full,Black,Polo,Slim,Striped,346,3,1
L,Half,Black,Polo,Loose,Solid,2312,3,0
M,Sleeveless,Red,Round,Loose,Striped,2525,2,0
L,Full,Yellow,Round,Loose,Checked,1373,0,0
M,Full,Yellow,Polo,Loose,Printed,2558,4,0
L,Sleeveless,Black,Round,Slim,Checked,1918,8,1
M,Half,Black,Round,Loose,Checked,1400,2,0
M,Full,Blue,Mandarin,Regular,Printed,1051,3,0
M,Sleeveless,White,V-Neck,Loose,Solid,1846,3,1
S,Half,White,Polo,Regular,Striped,301,1,0
XL,Full,Green,V-Neck,Regular,Solid,613,0,0
M,Half,White,V-Neck,Slim,Checked,1816,1,1
L,Half,Red,Mandarin,Regular,Printed,2627,1,0
M,Sleeveless,Green,Round,Slim,Checked,1381,2,0
M,Full,White,Mandarin,Slim,Printed,1458,0,1
L,Half,Black,Polo,Regular,Checked,1763,3,0
L,Half,Green,Round,Loose,Printed,2825,2,0
S,Half,White,Round,Slim,Solid,1291,2,1
L,Full,Black,Mandarin,Slim,Checked,558,7,1
L,Full,Red,Round,Slim,Striped,868,1,1
M,Sleeveless,Blue,Polo,Regular,Striped,954,4,1
XL,Full,Green,Round,Loose,Solid,359,2,1
S,Full,White,V-Neck,Slim,Printed,1450,2,0
L,Full,Red,Polo,Loose,Printed,2905,8,0
M,Half,Yellow,Polo,Regular,Printed,587,0,0
S,Half,Blue,Round,Regular,Solid,1001,2,1
L,Half,Blue,Round,Regular,Solid,1295,10,1
M,Sleeveless,White,Polo,Regular,Checked,1902,3,0
L,Sleeveless,White,Mandarin,Slim,Checked,1538,3,0
M,Sleeveless,White,Polo,Loose,Solid,313,3,1
XL,Sleeveless,Green,Round,Regular,Printed,1916,4,0
M,Full,Blue,Mandarin,Slim,Striped,2943,3,0
L,Full,White,V-Neck,Slim,Checked,613,8,1
M,Half,Black,Polo,Slim,Checked,1457,5,0
M,Full,Red,Mandarin,Slim,Solid,1083,3,1
M,Sleeveless,Black,Mandarin,Loose,Solid,1030,1,0
M,Half,Blue,V-Neck,Slim,Printed,1464,6,0
L,Half,Black,Polo,Slim,Printed,901,2,0
L,Sleeveless,White,Round,Regular,Printed,843,2,0
M,Full,Blue,Round,Loose,Solid,1960,3,1
L,Half,White,Round,Loose,Striped,470,2,0
L,Full,Black,V-Neck,Slim,Striped,1585,7,1
S,Sleeveless,Black,Round,Slim,Checked,1367,2,1
XL,Sleeveless,Blue,Round,Loose,Checked,2156,6,0
XL,Sleeveless,Blue,Polo,Regular,Striped,714,1,1
S,Sleeveless,Blue,V-Neck,Regular,Striped,926,4,0
S,Full,White,Mandarin,Slim,Striped,890,0,0
S,Sleeveless,Black,Round,Loose,Printed,2278,3,0
M,Half,Blue,Polo,Slim,Solid,1497,6,0
S,Full,White,Mandarin,Slim,Solid,1334,1,1
M,Sleeveless,White,Round,Regular,Printed,1440,3,1
L,Sleeveless,Blue,Round,Regular,Striped,1027,1,0
XL,Full,Green,Polo,Loose,Striped,2927,2,1
M,Half,Black,V-Neck,Regular,Checked,2346,1,0
L,Half,Black,V-Neck,Loose,Striped,1917,3,0
XL,Full,Red,Mandarin,Loose,Checked,424,0,0
M,Full,Black,Mandarin,Regular,Solid,504,4,1
S,Full,Green,Round,Regular,Checked,2233,2,0
M,Half,Green,Round,Regular,Solid,894,0,1
L,Half,Red,Polo,Slim,Striped,1817,2,0
M,Full,Blue,Mandarin,Loose,Solid,1694,0,0
M,Sleeveless,Green,V-Neck,Slim,Printed,648,7,1
M,Full,White,V-Neck,Loose,Checked,521,1,0
S,Sleeveless,Blue,Mandarin,Regular,Printed,1632,5,0
S,Sleeveless,Yellow,Round,Slim,Printed,732,1,0
M,Full,Yellow,V-Neck,Regular,Solid,1099,0,1
XL,Half,Blue,V-Neck,Slim,Solid,1264,3,0
XL,Full,Yellow,Round,Loose,Striped,2214,5,0
L,Half,Blue,V-Neck,Slim,Printed,1195,6,0
XL,Full,Yellow,Round,Slim,Striped,356,0,0
L,Half,Green,V-Neck,Loose,Striped,1162,2,1
M,Half,Yellow,V-Neck,Regular,Solid,552,1,1
XL,Full,Blue,V-Neck,Loose,Striped,449,0,1
L,Half,Yellow,Polo,Loose,Solid,299,6,1
M,Sleeveless,Blue,V-Neck,Slim,Checked,1916,10,1
M,Full,Black,Mandarin,Slim,Checked,1329,8,1
M,Half,Blue,Mandarin,Loose,Checked,348,0,0
S,Sleeveless,Blue,V-Neck,Loose,Printed,986,1,1
L,Full,Red,Mandarin,Loose,Solid,2251,1,0
S,Full,White,Round,Regular,Printed,522,8,1
S,Half,Red,Round,Slim,Checked,1168,0,1
S,Sleeveless,Yellow,V-Neck,Regular,Striped,913,5,0
S,Full,Yellow,Round,Regular,Printed,299,1,0
L,Full,Black,Polo,Slim,Solid,207,8,0
M,Half,Yellow,V-Neck,Loose,Checked,334,2,0
M,Full,Red,V-Neck,Loose,Checked,791,7,0
L,Half,White,Mandarin,Loose,Checked,885,0,0
M,Sleeveless,Red,V-Neck,Slim,Striped,352,7,0
L,Full,Black,Round,Loose,Solid,809,0,1
S,Half,Black,Round,Slim,Checked,1321,0,0
S,Half,White,Polo,Slim,Solid,2122,1,0
M,Full,White,Mandarin,Slim,Checked,1002,5,1
XL,Half,White,Mandarin,Loose,Solid,1542,7,0
S,Sleeveless,Red,V-Neck,Slim,Printed,883,0,0
M,Sleeveless,Black,Round,Slim,Solid,3000,3,1
L,Full,Blue,Polo,Slim,Checked,1492,5,0
M,Full,Yellow,Round,Loose,Solid,2540,4,0
M,Sleeveless,Blue,V-Neck,Loose,Solid,1941,4,0
M,Half,Green,V-Neck,Slim,Checked,2128,2,0
XL,Half,White,Mandarin,Regular,Printed,829,1,0
L,Half,Green,Round,Slim,Striped,970,7,0
S,Half,Black,Mandarin,Slim,Checked,2246,4,1
M,Full,Green,Polo,Slim,Checked,1043,4,1
L,Full,White,Mandarin,Regular,Striped,1548,0,0
L,Full,Red,Round,Regular,Printed,1278,0,0
S,Full,Blue,Mandarin,Slim,Checked,233,3,1
M,Full,Yellow,Polo,Slim,Striped,1228,3,0
M,Half,Red,Round,Slim,Striped,1296,5,0
XL,Full,Yellow,Round,Slim,Striped,2876,5,0
M,Sleeveless,White,V-Neck,Loose,Checked,672,3,0
S,Sleeveless,Blue,Round,Slim,Solid,2164,0,1
S,Full,Black,V-Neck,Slim,Printed,335,3,0
L,Full,Green,V-Neck,Regular,Solid,2346,3,0
M,Full,Blue,Round,Slim,Striped,1715,3,1
S,Full,Black,V-Neck,Loose,Striped,807,2,0
XL,Full,White,Mandarin,Regular,Solid,251,0,0
S,Full,White,Mandarin,Loose,Striped,673,3,0
L,Half,Yellow,Mandarin,Regular,Printed,901,8,0
XL,Sleeveless,Green,Polo,Slim,Striped,2305,9,0
M,Full,Green,V-Neck,Loose,Printed,214,3,0
M,Sleeveless,Black,Round,Slim,Printed,847,1,0
XL,Full,Blue,Polo,Regular,Striped,1527,1,0
M,Sleeveless,Blue,V-Neck,Regular,Printed,1036,8,1
S,Full,Green,Polo,Loose,Solid,1665,2,0
L,Sleeveless,Red,Polo,Slim,Checked,2635,5,0
XL,Half,Green,Round,Regular,Solid,1241,3,0
L,Full,Red,Round,Loose,Printed,3000,2,0
M,Full,White,Polo,Regular,Solid,636,0,1
M,Half,Green,Polo,Regular,Striped,2026,1,0
M,Full,Black,Mandarin,Regular,Solid,671,1,1
S,Full,Red,Polo,Slim,Striped,917,4,0
XL,Full,Blue,Polo,Slim,Striped,1404,0,0
S,Sleeveless,Red,V-Neck,Regular,Printed,894,0,0
L,Half,White,Polo,Regular,Checked,631,0,0
M,Sleeveless,Black,Mandarin,Regular,Solid,973,2,0
XL,Half,White,V-Neck,Slim,Solid,767,5,1
M,Full,White,Polo,Slim,Checked,1100,1,1
L,Full,Black,V-Neck,Loose,Striped,1547,7,1
S,Half,Black,Round,Slim,Printed,2954,2,1
S,Sleeveless,White,Mandarin,Regular,Printed,679,2,0
XL,Full,Yellow,Polo,Loose,Printed,785,0,0
L,Full,Red,Round,Loose,Printed,729,0,1
XL,Sleeveless,Black,Polo,Regular,Striped,858,1,0
M,Full,Blue,Round,Regular,Solid,1846,5,1
XL,Half,Black,V-Neck,Slim,Solid,1698,2,0
M,Full,Black,Mandarin,Loose,Printed,1775,0,0
L,Full,Black,Polo,Loose,Checked,898,4,0
L,Half,Red,Round,Regular,Checked,371,3,0
S,Half,Yellow,V-Neck,Slim,Solid,655,4,1
S,Full,Yellow,Round,Regular,Printed,349,3,0
L,Full,Green,Polo,Slim,Checked,1009,2,1
S,Sleeveless,White,V-Neck,Slim,Solid,378,2,1
M,Half,White,Polo,Slim,Checked,1717,1,0
M,Full,Red,Mandarin,Loose,Printed,2803,5,0
L,Sleeveless,Blue,Polo,Regular,Checked,887,2,1
L,Half,Green,V-Neck,Regular,Checked,777,0,1
S,Full,Blue,Round,Loose,Printed,1211,10,0
M,Sleeveless,Blue,V-Neck,Loose,Solid,946,5,0
M,Half,Red,Mandarin,Slim,Printed,745,6,0
XL,Half,Blue,V-Neck,Slim,Solid,1198,3,1
M,Sleeveless,Blue,V-Neck,Slim,Solid,346,1,1
M,Full,White,Polo,Regular,Striped,1179,0,0
M,Half,Red,Round,Loose,Solid,2079,2,0
L,Half,Black,V-Neck,Loose,Printed,592,8,0
L,Sleeveless,Green,Polo,Regular,Printed,1563,1,0
S,Half,White,Round,Slim,Checked,2042,1,1
S,Full,Black,V-Neck,Regular,Printed,200,3,0
S,Full,Black,V-Neck,Regular,Checked,605,3,1
XL,Half,Red,Mandarin,Loose,Solid,1780,3,0
M,Full,White,Polo,Regular,Printed,2448,1,0
M,Full,Yellow,V-Neck,Slim,Striped,2344,7,0
M,Full,Yellow,Round,Slim,Solid,411,7,1
L,Half,Green,Mandarin,Regular,Solid,1531,0,0
L,Full,Blue,V-Neck,Regular,Printed,903,1,0
M,Half,Blue,Round,Slim,Checked,2621,5,1
XL,Full,Yellow,Mandarin,Regular,Solid,467,0,0
M,Full,Yellow,Polo,Regular,Printed,2996,6,0
M,Half,Blue,Mandarin,Regular,Solid,623,7,0
M,Sleeveless,Blue,Round,Regular,Striped,1465,0,0
XL,Sleeveless,Green,Round,Regular,Striped,548,2,1
S,Full,Blue,Mandarin,Loose,Solid,234,3,0
L,Sleeveless,Blue,Polo,Loose,Solid,424,0,1
L,Half,Red,Round,Regular,Printed,2973,6,0
S,Full,Blue,V-Neck,Slim,Solid,1222,2,0
S,Half,Yellow,V-Neck,Slim,Solid,1226,2,1
M,Half,Blue,Polo,Slim,Striped,2726,3,0
S,Full,Black,V-Neck,Regular,Checked,1543,2,0
M,Half,Black,V-Neck,Regular,Striped,254,0,1
L,Full,White,V-Neck,Regular,Solid,1887,3,1
M,Half,Red,Round,Regular,Solid,914,1,1
XL,Half,Red,Mandarin,Loose,Solid,2172,6,1
L,Half,White,Mandarin,Loose,Striped,433,2,0
M,Full,White,Mandarin,Loose,Solid,3000,3,1
S,Sleeveless,White,Round,Slim,Solid,1545,3,0
L,Full,Blue,Round,Slim,Solid,862,1,0
L,Half,White,Mandarin,Slim,Printed,2113,3,0
S,Full,Red,Round,Loose,Solid,995,2,0
S,Half,White,Mandarin,Regular,Checked,1914,7,0
S,Full,White,Polo,Slim,Printed,2702,8,1
S,Half,Red,Mandarin,Slim,Solid,2052,0,0
L,Half,Blue,V-Neck,Loose,Solid,896,3,0
XL,Full,Blue,V-Neck,Loose,Checked,245,3,1
M,Half,Blue,V-Neck,Slim,Solid,1499,0,1
XL,Sleeveless,Green,Round,Regular,Solid,577,1,0
M,Full,Black,Round,Regular,Striped,848,7,1
M,Full,Blue,V-Neck,Slim,Printed,1535,0,0
L,Full,Green,Round,Slim,Printed,1023,1,0
M,Full,Blue,Polo,Loose,Printed,1496,0,1
S,Sleeveless,Yellow,Polo,Regular,Striped,814,1,0
M,Half,Green,Round,Regular,Striped,1639,3,1
M,Half,Red,V-Neck,Loose,Striped,324,3,0
L,Full,Red,Round,Slim,Printed,2469,1,0
S,Full,Black,Polo,Regular,Checked,1592,1,1
L,Full,Green,V-Neck,Slim,Checked,2115,3,0
L,Sleeveless,Black,Polo,Slim,Solid,361,9,0
M,Half,Black,Mandarin,Loose,Striped,227,0,0
M,Full,White,Round,Regular,Printed,526,2,1
S,Full,Yellow,Polo,Regular,Solid,590,0,1
M,Half,Blue,Polo,Regular,Solid,770,1,1
S,Full,Green,V-Neck,Regular,Checked,1100,5,0
L,Full,Black,Polo,Regular,Printed,1038,0,1
M,Full,Black,Polo,Loose,Printed,310,9,0
L,Sleeveless,White,Polo,Slim,Printed,1905,0,0
S,Sleeveless,White,V-Neck,Slim,Striped,2202,10,0
L,Full,Green,Mandarin,Regular,Solid,200,2,1
L,Full,Blue,V-Neck,Loose,Striped,737,2,0
M,Sleeveless,White,Polo,Regular,Solid,565,0,1
M,Half,Red,Mandarin,Regular,Solid,707,1,1
L,Sleeveless,Red,Round,Regular,Striped,518,10,0
XL,Full,Blue,Round,Loose,Solid,819,5,1
L,Half,Red,Round,Regular,Checked,865,2,1
S,Sleeveless,Blue,V-Neck,Slim,Solid,200,0,1
S,Sleeveless,Blue,V-Neck,Loose,Printed,2865,3,0
S,Half,Black,Round,Regular,Striped,3000,1,1
S,Full,Black,Round,Regular,Solid,750,1,1
L,Half,Black,Round,Loose,Printed,1555,0,1
XL,Sleeveless,Blue,Round,Regular,Checked,1567,3,0
L,Half,Blue,Round,Regular,Printed,569,4,1
S,Half,White,V-Neck,Loose,Printed,1176,0,0
L,Full,Blue,Round,Slim,Printed,471,3,0
L,Sleeveless,Yellow,Polo,Loose,Striped,1285,1,1
L,Full,Black,V-Neck,Slim,Printed,824,3,1
L,Sleeveless,Black,Round,Slim,Striped,1096,4,0
S,Half,Yellow,Polo,Loose,Checked,333,4,1
M,Full,Yellow,Round,Regular,Checked,1914,4,0
L,Full,Blue,Mandarin,Regular,Checked,979,2,0
M,Sleeveless,Blue,Polo,Regular,Striped,2809,6,1
L,Full,Blue,Polo,Loose,Checked,1004,5,0
L,Half,White,Round,Regular,Solid,839,2,0
XL,Full,Black,V-Neck,Regular,Solid,2838,1,0
M,Full,Yellow,V-Neck,Loose,Checked,838,1,0
M,Full,Red,Round,Slim,Striped,969,8,1
M,Half,Blue,Round,Loose,Solid,2292,0,1
L,Sleeveless,Red,Mandarin,Loose,Solid,1359,6,1
S,Sleeveless,Blue,Round,Regular,Solid,2093,10,0
S,Sleeveless,White,Polo,Loose,Striped,932,7,1
M,Full,Green,V-Neck,Regular,Printed,524,3,0
L,Full,Green,Round,Slim,Solid,1016,0,0
S,Half,Red,V-Neck,Slim,Printed,2348,4,0
L,Half,Red,V-Neck,Slim,Printed,783,2,1
XL,Sleeveless,Red,V-Neck,Loose,Solid,359,0,0
XL,Half,Green,Round,Regular,Checked,2741,1,0
XL,Half,Red,V-Neck,Regular,Printed,787,4,0
S,Half,Black,V-Neck,Slim,Printed,2420,0,0
L,Full,Yellow,Mandarin,Regular,Solid,405,2,0
S,Half,Blue,Polo,Slim,Striped,2124,1,0
M,Sleeveless,Green,Polo,Regular,Solid,356,2,0
L,Half,White,V-Neck,Regular,Solid,442,2,0
M,Sleeveless,Blue,Round,Slim,Solid,576,4,0
XL,Half,Black,V-Neck,Regular,Printed,1158,1,0
L,Sleeveless,Green,Mandarin,Slim,Printed,1132,2,0
XL,Half,Green,V-Neck,Slim,Printed,323,3,0
S,Full,Blue,V-Neck,Regular,Solid,453,3,0
L,Full,White,Round,Regular,Striped,2219,1,0
L,Full,Yellow,Polo,Loose,Printed,1336,3,0
S,Sleeveless,White,Polo,Regular,Solid,2447,0,0
L,Half,White,V-Neck,Loose,Solid,1803,3,1
M,Full,Blue,Polo,Slim,Checked,2104,0,0
L,Full,Red,Polo,Slim,Striped,1051,1,0
L,Full,Black,V-Neck,Slim,Solid,1191,0,0
L,Half,White,V-Neck,Loose,Striped,630,3,0
XL,Half,Green,Mandarin,Regular,Printed,1278,3,0
XL,Full,Red,V-Neck,Regular,Solid,626,0,0
L,Full,Green,Polo,Loose,Striped,2081,7,0
M,Sleeveless,Green,Round,Regular,Printed,2902,7,0
L,Half,Green,Polo,Regular,Solid,589,0,1
M,Half,Yellow,Round,Regular,Checked,1712,9,0
S,Full,White,Round,Slim,Printed,331,2,0
M,Half,Green,Round,Loose,Solid,1030,0,0
L,Full,Black,V-Neck,Loose,Solid,2641,2,0
M,Full,Black,V-Neck,Regular,Solid,1001,3,1
L,Half,Black,Round,Regular,Solid,1984,7,0
S,Full,Red,V-Neck,Slim,Solid,922,3,0
S,Half,Black,Round,Regular,Solid,377,0,1
M,Sleeveless,Black,Mandarin,Regular,Solid,2070,3,0
S,Full,Black,Round,Regular,Printed,710,1,1
S,Sleeveless,Black,V-Neck,Regular,Checked,2273,0,0
L,Half,Green,V-Neck,Regular,Solid,538,3,0
M,Sleeveless,Blue,Polo,Slim,Checked,1394,7,0
M,Half,Green,Round,Slim,Printed,1054,1,0
L,Full,White,Round,Regular,Checked,2142,6,0
L,Full,Yellow,V-Neck,Loose,Solid,2213,1,0
L,Half,Red,Round,Regular,Striped,2714,2,0
M,Half,Blue,Mandarin,Loose,Checked,1805,2,0
L,Half,Red,Polo,Regular,Printed,2738,2,1
M,Sleeveless,Green,Mandarin,Regular,Solid,569,3,1
L,Full,Red,Round,Loose,Checked,539,6,1
XL,Full,Red,V-Neck,Regular,Printed,2300,3,1
XL,Sleeveless,White,Round,Slim,Striped,1513,2,0
M,Sleeveless,Green,V-Neck,Slim,Solid,1966,2,0
L,Full,White,Round,Loose,Striped,1125,1,0
XL,Half,Blue,Mandarin,Regular,Printed,1137,2,1
L,Sleeveless,Black,V-Neck,Slim,Checked,2371,1,0
L,Sleeveless,Black,Mandarin,Loose,Solid,668,1,0
M,Sleeveless,Blue,Polo,Loose,Printed,781,0,1
S,Half,Green,Polo,Loose,Striped,2160,3,0
S,Half,Yellow,Mandarin,Regular,Solid,554,5,0
L,Half,Black,V-Neck,Slim,Checked,408,2,1
L,Full,Green,Polo,Regular,Printed,927,2,0
XL,Full,Green,Mandarin,Loose,Solid,1117,5,1
L,Half,Green,Polo,Regular,Striped,2880,2,0
M,Sleeveless,Green,V-Neck,Loose,Printed,729,1,0
L,Half,Green,Round,Loose,Checked,2678,3,0
L,Full,Red,Polo,Slim,Checked,272,6,0
M,Sleeveless,White,Polo,Regular,Checked,564,7,1
XL,Sleeveless,Red,Mandarin,Regular,Striped,2869,9,1
S,Full,Black,Round,Regular,Checked,1951,1,0
XL,Full,White,V-Neck,Slim,Checked,403,2,1
L,Half,Green,V-Neck,Regular,Striped,923,3,0
M,Sleeveless,Blue,Mandarin,Regular,Solid,2746,5,0
L,Full,Red,Mandarin,Slim,Solid,1994,3,1
S,Half,Blue,V-Neck,Regular,Printed,769,3,1
S,Full,Red,V-Neck,Loose,Solid,1033,1,0
M,Sleeveless,Yellow,V-Neck,Slim,Printed,2146,4,1
L,Sleeveless,Black,Mandarin,Regular,Solid,843,2,0
M,Sleeveless,White,Mandarin,Slim,Striped,1089,8,1
XL,Full,Black,Polo,Loose,Checked,330,3,0
M,Sleeveless,Black,Round,Regular,Printed,1636,3,1
L,Sleeveless,Yellow,Round,Slim,Checked,1705,3,0
S,Full,Red,Round,Regular,Solid,1625,3,1
S,Full,White,Polo,Slim,Striped,2514,5,0
L,Full,Yellow,Mandarin,Loose,Solid,1358,4,1
M,Full,Yellow,Round,Loose,Striped,1788,4,0
S,Full,Green,Polo,Regular,Checked,804,0,0
L,Half,Blue,V-Neck,Regular,Solid,1018,1,0
M,Half,Green,Polo,Slim,Checked,861,3,0
XL,Half,White,V-Neck,Slim,Printed,1402,6,0
XL,Half,Yellow,Polo,Slim,Solid,1153,0,1
M,Half,Blue,V-Neck,Regular,Striped,200,0,0
XL,Half,White,V-Neck,Loose,Solid,1239,8,0
M,Full,White,Round,Regular,Solid,1463,3,1
M,Full,Black,Round,Loose,Printed,771,2,0
S,Full,Black,Polo,Loose,Checked,583,3,1
M,Sleeveless,Yellow,Polo,Slim,Checked,2637,4,0
L,Sleeveless,Blue,V-Neck,Regular,Checked,546,4,0
M,Full,Red,Round,Slim,Striped,1679,2,0
M,Half,White,V-Neck,Slim,Striped,2610,2,0
S,Half,Red,Round,Regular,Striped,1111,2,0
L,Full,Blue,Polo,Loose,Striped,1953,7,0
L,Half,White,Round,Slim,Printed,709,2,0
L,Half,Red,Mandarin,Loose,Solid,325,0,1
S,Half,White,Mandarin,Loose,Solid,1967,1,1
S,Full,Black,V-Neck,Regular,Striped,1730,5,1
L,Full,Black,Round,Regular,Striped,2965,3,0
S,Half,Red,Polo,Regular,Solid,1749,9,0
XL,Full,Blue,V-Neck,Loose,Solid,680,1,0
M,Half,White,V-Neck,Slim,Solid,786,2,1
L,Full,White,V-Neck,Regular,Solid,661,8,1
L,Sleeveless,Black,Polo,Slim,Striped,772,0,0
M,Full,White,Round,Slim,Solid,597,1,1
M,Half,Blue,V-Neck,Slim,Printed,1666,1,1
S,Half,White,Mandarin,Regular,Printed,2302,5,0
S,Sleeveless,Red,Polo,Regular,Solid,598,9,0
XL,Half,Yellow,Round,Regular,Printed,1419,5,0
M,Sleeveless,Blue,V-Neck,Regular,Printed,401,1,1
XL,Half,Blue,V-Neck,Loose,Checked,899,1,0
L,Sleeveless,White,Polo,Slim,Printed,2340,1,0
M,Half,Blue,Polo,Regular,Printed,2106,2,0
L,Full,Black,Round,Regular,Printed,1221,1,0
M,Half,White,Mandarin,Regular,Striped,1121,4,1
S,Half,Green,V-Neck,Slim,Printed,1386,2,0
L,Half,Blue,Mandarin,Loose,Solid,393,2,0
L,Half,Red,Round,Regular,Striped,611,2,1
XL,Half,White,Round,Slim,Striped,950,4,0
M,Sleeveless,Black,Polo,Regular,Printed,2828,3,0
XL,Full,White,V-Neck,Slim,Solid,875,3,0
L,Full,Green,Polo,Regular,Printed,1134,6,0
S,Half,Blue,Polo,Regular,Solid,614,3,0
L,Sleeveless,White,Polo,Slim,Printed,1527,6,1
M,Half,White,V-Neck,Loose,Striped,2308,1,0
S,Half,Blue,Round,Regular,Solid,989,2,1
M,Half,Blue,Mandarin,Slim,Printed,1679,0,0
XL,Half,White,Polo,Slim,Printed,1325,3,1
M,Half,Red,Mandarin,Loose,Solid,2344,6,0
L,Half,White,Mandarin,Regular,Printed,986,4,0
M,Sleeveless,Blue,Polo,Regular,Printed,1579,2,0
XL,Full,White,V-Neck,Regular,Striped,2191,2,0
XL,Full,Blue,Polo,Regular,Solid,2422,4,1
L,Full,Red,Round,Regular,Striped,542,2,0
L,Half,Black,Mandarin,Slim,Checked,972,3,0
XL,Half,Black,Round,Regular,Checked,297,3,0
M,Full,Green,Round,Slim,Striped,1775,1,0
M,Full,Yellow,Mandarin,Slim,Solid,2411,1,0
S,Half,Black,Polo,Slim,Checked,979,1,0
XL,Half,White,Round,Loose,Solid,2893,6,0
M,Full,Blue,Polo,Regular,Solid,459,0,0
S,Sleeveless,Green,V-Neck,Regular,Printed,923,0,0
S,Full,Blue,Mandarin,Regular,Striped,1402,1,0
M,Half,White,Round,Slim,Striped,1523,1,1
M,Sleeveless,Black,V-Neck,Regular,Striped,1318,3,0
M,Full,Black,V-Neck,Regular,Striped,1811,5,0
L,Half,White,V-Neck,Slim,Printed,2932,7,1
S,Half,White,Mandarin,Regular,Printed,463,1,0
M,Full,Red,V-Neck,Regular,Solid,2064,6,1
M,Half,Green,Polo,Slim,Striped,1963,2,0
S,Sleeveless,Black,Polo,Slim,Solid,2890,8,1
L,Half,Blue,Round,Slim,Solid,1520,4,0
M,Half,Red,V-Neck,Loose,Checked,639,3,0
M,Full,Red,Polo,Regular,Solid,1906,8,0
L,Sleeveless,Blue,V-Neck,Regular,Striped,1043,2,1
S,Full,Black,V-Neck,Loose,Checked,231,1,0
L,Full,Black,V-Neck,Loose,Printed,2483,7,1
XL,Full,Black,V-Neck,Slim,Printed,916,1,1
XL,Full,Yellow,Round,Regular,Printed,2194,2,0
M,Sleeveless,Black,Round,Slim,Checked,1895,3,0
S,Full,White,V-Neck,Regular,Checked,464,2,1
M,Full,Green,V-Neck,Slim,Solid,743,2,0
M,Sleeveless,Green,V-Neck,Regular,Striped,1725,0,0
L,Full,White,Round,Slim,Printed,2317,2,0
L,Half,Green,V-Neck,Loose,Striped,1672,3,1
L,Full,White,Mandarin,Loose,Striped,1009,0,0
XL,Sleeveless,Green,Round,Regular,Checked,1901,0,0
M,Full,Green,Polo,Regular,Solid,1540,2,0
L,Full,Yellow,Mandarin,Regular,Solid,1868,0,1
S,Full,White,V-Neck,Regular,Striped,1981,1,0
XL,Sleeveless,Blue,Mandarin,Slim,Solid,429,3,1
XL,Full,Red,V-Neck,Regular,Striped,486,8,1
XL,Full,White,V-Neck,Loose,Printed,2633,4,1
M,Half,Yellow,Mandarin,Loose,Printed,2504,3,0
S,Full,White,Round,Regular,Printed,363,1,0
M,Sleeveless,White,V-Neck,Loose,Striped,317,3,0
M,Sleeveless,White,Polo,Loose,Solid,1106,2,0
L,Full,Black,Polo,Regular,Printed,1993,3,1
S,Half,Blue,Polo,Slim,Solid,1253,3,1
XL,Sleeveless,Black,Polo,Slim,Printed,3000,6,1
S,Half,Green,Polo,Regular,Solid,2547,7,0
L,Full,Black,Mandarin,Slim,Striped,1803,3,1
XL,Sleeveless,Black,Mandarin,Slim,Checked,793,2,0
XL,Half,Black,Round,Loose,Checked,2289,6,0
M,Sleeveless,White,Round,Loose,Solid,896,2,0
M,Half,Red,V-Neck,Slim,Printed,493,3,0
M,Half,Black,Mandarin,Slim,Printed,399,3,0
XL,Half,Red,V-Neck,Regular,Striped,2723,3,0
L,Half,Red,Polo,Slim,Checked,2288,2,1
XL,Full,White,Mandarin,Slim,Printed,828,2,0
S,Full,Green,Round,Loose,Solid,318,2,1
M,Full,Yellow,Round,Loose,Printed,2406,1,0
L,Full,White,Mandarin,Regular,Solid,550,5,1
XL,Sleeveless,Black,Polo,Slim,Solid,240,1,0
M,Full,Blue,Polo,Loose,Solid,804,0,0
M,Full,Black,Polo,Slim,Striped,1989,2,0
L,Full,Red,V-Neck,Slim,Solid,1027,4,0
L,Full,Green,Polo,Loose,Checked,2353,8,0
XL,Half,Blue,V-Neck,Slim,Striped,1626,2,0
L,Full,Black,V-Neck,Loose,Printed,2006,3,0
L,Half,Red,Polo,Slim,Printed,230,7,0
S,Full,Yellow,Round,Regular,Striped,1985,5,0
M,Half,Black,Polo,Slim,Checked,2325,0,0
M,Half,Green,Round,Regular,Printed,1215,3,1
XL,Full,Yellow,Mandarin,Slim,Solid,1665,5,0
XL,Half,Black,Round,Loose,Checked,611,4,0
M,Half,Green,Polo,Regular,Checked,1492,4,0
L,Sleeveless,Blue,Polo,Loose,Solid,1378,6,0
M,Full,Blue,V-Neck,Regular,Solid,818,2,1
S,Full,Yellow,Mandarin,Regular,Printed,1691,0,0
L,Full,White,V-Neck,Regular,Printed,754,0,0
L,Full,Green,Round,Regular,Printed,2956,4,0
L,Full,Black,Polo,Slim,Printed,563,1,1
XL,Full,Black,V-Neck,Loose,Solid,2661,8,1
S,Full,Red,V-Neck,Slim,Solid,555,1,0
M,Sleeveless,Yellow,Polo,Loose,Checked,1615,0,0
L,Full,Blue,Round,Loose,Solid,617,5,1
L,Full,Red,Polo,Loose,Printed,386,2,1
L,Half,Blue,Polo,Loose,Checked,1872,9,0
S,Half,White,Round,Slim,Striped,493,1,0
M,Full,Blue,Round,Slim,Printed,438,1,0
L,Full,Green,Round,Regular,Striped,851,0,0
L,Half,Green,Polo,Slim,Striped,2394,3,0
L,Full,White,Polo,Regular,Solid,593,2,0
L,Half,Green,Round,Slim,Printed,363,2,0
L,Half,White,Round,Regular,Printed,668,2,1
XL,Full,White,Mandarin,Loose,Printed,1532,3,0
L,Full,Black,Mandarin,Regular,Printed,684,2,0
S,Full,Yellow,Polo,Loose,Checked,2106,9,0
M,Full,White,Polo,Regular,Solid,299,2,0
M,Full,Yellow,V-Neck,Regular,Solid,1181,0,1
L,Full,Red,Polo,Regular,Printed,1255,0,0
XL,Full,Blue,Polo,Regular,Solid,716,3,1
L,Half,Blue,Polo,Slim,Striped,908,3,1
M,Full,Blue,Round,Regular,Striped,687,1,0
L,Full,Red,V-Neck,Regular,Striped,1566,3,0
M,Full,Blue,Round,Slim,Striped,1117,1,1
XL,Full,Green,Mandarin,Regular,Striped,2392,6,0
L,Half,Green,Round,Regular,Solid,2779,7,0
S,Sleeveless,Yellow,V-Neck,Loose,Solid,2412,2,0
M,Half,Blue,Polo,Regular,Striped,638,4,1
XL,Full,Green,V-Neck,Slim,Striped,626,2,0
M,Sleeveless,White,Round,Regular,Solid,2255,7,1
M,Full,Green,Polo,Slim,Solid,1922,8,1
L,Sleeveless,White,V-Neck,Loose,Solid,468,1,0
M,Full,Black,Round,Slim,Solid,1273,7,1
XL,Half,Red,Polo,Loose,Printed,1903,9,1
L,Sleeveless,Blue,V-Neck,Slim,Printed,786,0,0
L,Sleeveless,Red,Round,Loose,Solid,316,3,0
L,Full,White,V-Neck,Regular,Printed,986,2,0
M,Half,Yellow,Round,Loose,Solid,1858,8,0
S,Full,Black,Polo,Regular,Solid,1107,1,1
L,Half,Blue,V-Neck,Slim,Checked,1941,2,1
L,Full,Blue,Round,Slim,Solid,805,1,1
S,Half,Blue,Mandarin,Regular,Solid,649,4,0
M,Sleeveless,Yellow,Polo,Regular,Solid,774,4,0
XL,Full,Red,Mandarin,Regular,Checked,1710,2,0
S,Full,Blue,V-Neck,Regular,Checked,234,1,1
XL,Sleeveless,Black,V-Neck,Regular,Solid,1794,1,0
L,Half,Black,Mandarin,Regular,Solid,544,3,0
L,Sleeveless,Green,Mandarin,Slim,Checked,1595,7,0
L,Sleeveless,Blue,V-Neck,Slim,Solid,1860,5,0
S,Half,Red,Mandarin,Slim,Printed,455,4,1
XL,Half,Yellow,Mandarin,Slim,Solid,464,4,0
XL,Full,Blue,V-Neck,Slim,Solid,273,3,1
M,Half,Blue,Polo,Loose,Striped,1762,4,0
M,Half,Green,Round,Loose,Printed,1666,1,0
M,Full,Green,V-Neck,Regular,Checked,363,1,0
M,Half,Black,Polo,Regular,Checked,1160,3,0
XL,Full,Black,Round,Regular,Printed,1024,10,0
M,Sleeveless,Red,V-Neck,Regular,Printed,1804,3,0
S,Full,Green,Polo,Slim,Checked,638,3,0
L,Sleeveless,Green,Mandarin,Loose,Solid,540,1,1
L,Sleeveless,Yellow,Round,Slim,Solid,2357,3,0
XL,Sleeveless,Black,Round,Loose,Checked,1429,0,0
M,Sleeveless,Red,Polo,Regular,Checked,2468,0,1
L,Full,Red,Round,Slim,Printed,685,1,0
M,Half,Red,Round,Loose,Printed,2061,1,0
L,Sleeveless,Yellow,Polo,Loose,Printed,2556,1,0
M,Half,Black,Round,Slim,Checked,514,2,1
XL,Full,Green,Polo,Slim,Solid,581,3,1
L,Full,Black,Mandarin,Loose,Printed,2305,3,0
M,Full,Red,Round,Slim,Checked,2725,4,1
M,Half,Red,Round,Regular,Printed,362,0,0
L,Full,White,Round,Slim,Solid,883,1,1
L,Sleeveless,Red,Mandarin,Regular,Printed,895,0,0
M,Full,Red,Polo,Regular,Printed,447,1,0
S,Half,Red,Round,Regular,Striped,469,5,0
M,Half,White,Round,Regular,Solid,552,3,1
M,Half,Yellow,Mandarin,Loose,Solid,1979,5,0
L,Sleeveless,Yellow,V-Neck,Slim,Striped,1949,2,0
L,Half,Red,Mandarin,Loose,Striped,2302,5,0
M,Sleeveless,Green,Polo,Regular,Solid,2755,6,0
L,Sleeveless,Blue,Polo,Slim,Solid,1000,2,0
S,Half,White,Polo,Regular,Checked,585,2,0
M,Full,Blue,V-Neck,Slim,Checked,965,2,0
L,Full,Red,V-Neck,Slim,Striped,859,2,1
S,Sleeveless,Black,Round,Loose,Solid,2007,3,0
M,Half,Blue,Round,Loose,Printed,1697,2,1
L,Sleeveless,Green,V-Neck,Regular,Checked,1058,3,0
S,Sleeveless,White,Round,Loose,Solid,1423,1,0
XL,Full,Red,Round,Regular,Solid,2449,2,0
S,Sleeveless,Red,Polo,Loose,Checked,1909,3,1
L,Sleeveless,Red,Polo,Regular,Solid,1982,0,0
XL,Full,Green,Round,Slim,Solid,545,7,1
S,Full,White,Polo,Regular,Striped,996,1,1
L,Half,Red,Polo,Slim,Printed,2084,0,1
L,Sleeveless,White,Polo,Loose,Printed,200,3,0
M,Sleeveless,Blue,V-Neck,Loose,Printed,1178,3,1
M,Full,Blue,Round,Loose,Checked,2404,1,0
XL,Full,Blue,Round,Loose,Striped,2070,5,0
M,Half,Yellow,Polo,Regular,Solid,1038,2,1
XL,Full,Green,Polo,Loose,Striped,2898,3,0
S,Full,Black,V-Neck,Loose,Printed,2959,1,0
L,Half,Yellow,Mandarin,Loose,Printed,1705,9,0
S,Full,Blue,Round,Slim,Solid,1669,1,1
XL,Half,Black,Round,Regular,Solid,614,2,1
M,Full,Yellow,Polo,Regular,Solid,1938,1,0
L,Half,White,Mandarin,Slim,Solid,1890,6,0
XL,Full,Black,Round,Slim,Printed,1308,5,0
M,Full,Red,Mandarin,Slim,Striped,596,0,1
M,Full,Green,Round,Slim,Checked,1502,1,1
L,Half,Red,Round,Regular,Printed,798,3,1
M,Full,White,V-Neck,Slim,Solid,407,3,0
M,Full,Blue,Round,Regular,Printed,2091,5,1
L,Full,Blue,Round,Slim,Printed,1500,0,1
S,Half,Yellow,Round,Slim,Printed,258,1,0
M,Full,Blue,V-Neck,Regular,Printed,2709,0,0
XL,Sleeveless,Black,V-Neck,Slim,Striped,585,3,1
L,Full,Yellow,V-Neck,Regular,Solid,381,1,0
M,Half,White,Round,Regular,Striped,1396,6,1
L,Half,Black,Polo,Regular,Solid,2177,2,1
XL,Half,Black,Polo,Loose,Printed,2091,1,1
M,Half,White,V-Neck,Regular,Solid,1950,6,0
M,Half,Black,Mandarin,Slim,Printed,1235,2,1
XL,Full,Blue,Round,Loose,Printed,1981,3,0
L,Sleeveless,Black,V-Neck,Slim,Solid,2658,3,0
XL,Full,Yellow,Polo,Regular,Printed,488,3,0
M,Full,Blue,Round,Regular,Checked,660,2,1
S,Half,Black,Round,Slim,Striped,1238,3,0
M,Full,Black,Polo,Regular,Checked,344,5,1
L,Full,White,Mandarin,Slim,Striped,470,4,0
M,Half,Blue,Round,Regular,Striped,1801,2,0
M,Full,Blue,Round,Slim,Printed,1639,1,1
M,Sleeveless,Green,Polo,Loose,Printed,437,0,0
L,Full,White,Polo,Loose,Printed,525,3,0
M,Full,Black,Mandarin,Slim,Solid,1629,3,0
S,Sleeveless,Green,Mandarin,Regular,Printed,862,1,1
XL,Sleeveless,Green,Mandarin,Regular,Checked,2175,2,1
S,Sleeveless,Blue,Polo,Regular,Solid,1066,4,1
M,Sleeveless,Red,Round,Loose,Striped,279,2,0
M,Half,Black,Polo,Regular,Checked,1333,2,0
S,Full,Black,Round,Slim,Printed,1359,3,1
M,Sleeveless,Green,V-Neck,Regular,Solid,777,3,1
L,Sleeveless,Blue,Polo,Loose,Striped,808,5,1
M,Sleeveless,Red,Polo,Slim,Solid,2605,3,0
M,Sleeveless,Blue,Polo,Regular,Solid,1467,1,0
XL,Half,Green,Polo,Loose,Printed,1272,3,0
L,Half,Red,Round,Regular,Printed,1096,3,0
L,Sleeveless,Red,Polo,Slim,Checked,761,2,1
XL,Full,Black,V-Neck,Slim,Printed,1197,1,0
M,Half,White,Mandarin,Regular,Solid,1134,3,1
S,Sleeveless,Black,V-Neck,Slim,Striped,519,2,1
XL,Sleeveless,Black,V-Neck,Regular,Checked,1470,2,1
M,Half,White,V-Neck,Regular,Solid,572,1,1
M,Full,Blue,Mandarin,Slim,Checked,460,3,0
XL,Full,Black,Round,Slim,Solid,1520,3,0
S,Sleeveless,Black,V-Neck,Regular,Printed,785,1,0
M,Half,Yellow,Round,Loose,Solid,968,5,0
S,Sleeveless,Blue,V-Neck,Loose,Solid,1413,0,0
S,Full,Red,Round,Slim,Solid,1839,3,1
S,Half,Green,Polo,Regular,Printed,1972,8,1
M,Full,Blue,V-Neck,Regular,Striped,780,0,0
M,Half,Black,V-Neck,Regular,Printed,1107,0,0
L,Half,Red,Round,Loose,Solid,507,2,0
L,Half,Red,Round,Slim,Solid,623,0,1
L,Half,White,Mandarin,Regular,Solid,704,0,0
L,Full,Green,V-Neck,Regular,Solid,2551,6,0
L,Half,Green,Polo,Regular,Solid,2188,1,0
S,Sleeveless,Blue,Round,Slim,Printed,1221,2,0
M,Full,Black,V-Neck,Regular,Printed,1288,0,1
S,Half,Black,Polo,Slim,Solid,1830,7,1
L,Half,Blue,Mandarin,Regular,Printed,875,3,1
M,Half,Yellow,Polo,Regular,Printed,825,3,0
L,Half,Black,Round,Loose,Solid,1072,3,1
M,Half,Black,Polo,Slim,Printed,617,3,1
L,Full,Red,Polo,Loose,Printed,2633,1,0
S,Sleeveless,Blue,V-Neck,Slim,Solid,248,0,0
S,Half,Blue,Mandarin,Regular,Printed,2655,1,0
L,Full,Green,Round,Regular,Checked,2148,0,0
S,Full,White,Polo,Slim,Printed,804,9,1
XL,Sleeveless,Black,Mandarin,Loose,Checked,2290,2,0
M,Full,Green,V-Neck,Regular,Solid,1399,3,0
S,Full,Red,V-Neck,Slim,Solid,1175,3,0
M,Full,Yellow,V-Neck,Slim,Checked,1921,2,0
M,Full,Blue,Mandarin,Regular,Solid,550,3,1
L,Sleeveless,Black,Round,Slim,Printed,327,8,0
M,Full,Black,Polo,Loose,Printed,624,9,1
L,Full,Black,V-Neck,Loose,Striped,811,2,0
M,Half,Blue,Round,Regular,Checked,1639,3,1
M,Half,Red,V-Neck,Loose,Solid,1021,3,0
M,Full,White,Round,Loose,Solid,2376,10,0
L,Full,Blue,Mandarin,Regular,Solid,398,5,0
S,Full,Blue,Polo,Slim,Printed,3000,3,0
XL,Sleeveless,Green,V-Neck,Loose,Checked,433,1,1
S,Half,Blue,V-Neck,Regular,Checked,746,5,1
M,Half,Blue,Round,Regular,Solid,895,2,0
M,Half,Black,V-Neck,Regular,Solid,673,7,1
S,Half,Black,Polo,Loose,Printed,1096,3,1
M,Full,Black,Polo,Regular,Printed,1753,0,0
XL,Full,Green,Round,Loose,Printed,299,4,0
XL,Full,White,Round,Loose,Solid,1000,6,0
M,Full,White,V-Neck,Loose,Printed,433,2,0
M,Full,Green,Polo,Loose,Printed,501,1,0
S,Full,Black,Round,Regular,Checked,707,0,0
S,Full,Black,Round,Slim,Solid,1220,5,1
L,Full,Black,V-Neck,Slim,Checked,533,3,0
L,Sleeveless,Green,Polo,Regular,Solid,426,3,0
S,Full,Yellow,V-Neck,Regular,Checked,2488,1,0
L,Full,Black,Polo,Slim,Solid,412,0,0
M,Sleeveless,White,V-Neck,Loose,Solid,585,3,1
M,Full,Red,V-Neck,Loose,Solid,878,0,1
M,Half,White,Mandarin,Regular,Solid,474,2,0
XL,Half,Blue,Polo,Loose,Solid,668,2,0
L,Full,Red,V-Neck,Loose,Striped,1087,2,0
M,Full,Black,V-Neck,Slim,Printed,2497,4,1
M,Sleeveless,Green,V-Neck,Loose,Checked,1116,0,0
L,Half,Red,Polo,Regular,Solid,1513,3,1
L,Full,Blue,Polo,Regular,Striped,878,0,1
M,Sleeveless,Black,Round,Loose,Checked,440,0,0
M,Half,Black,Polo,Regular,Printed,1773,1,0
M,Half,Red,Polo,Loose,Checked,2892,1,0
XL,Full,Green,Round,Regular,Solid,537,0,0
L,Sleeveless,White,Polo,Loose,Solid,1383,1,0
XL,Half,White,Polo,Slim,Solid,245,1,1
S,Full,White,Round,Slim,Solid,630,2,1
S,Half,Yellow,Polo,Slim,Checked,933,2,0
L,Half,White,Polo,Slim,Striped,1759,0,0
M,Half,Blue,Round,Loose,Solid,1331,7,1
S,Sleeveless,Black,Mandarin,Regular,Checked,1432,2,0
XL,Sleeveless,Red,Mandarin,Loose,Printed,2219,4,0
M,Sleeveless,Red,V-Neck,Regular,Solid,1594,3,0
L,Full,Yellow,Mandarin,Regular,Solid,1945,9,0
XL,Full,Blue,Polo,Loose,Printed,957,3,0
L,Sleeveless,White,V-Neck,Slim,Striped,301,1,0
L,Full,Black,Round,Regular,Solid,1836,2,0
L,Sleeveless,Black,V-Neck,Slim,Printed,663,1,0
L,Full,Green,V-Neck,Slim,Solid,2219,0,1
S,Half,Green,Polo,Regular,Printed,2124,6,1
M,Half,Black,Mandarin,Slim,Striped,1121,3,0
XL,Full,Blue,Polo,Slim,Printed,2915,3,0
M,Half,Black,Round,Slim,Printed,1162,7,1
M,Half,Blue,Round,Regular,Solid,2441,9,0
XL,Sleeveless,Blue,Polo,Loose,Printed,804,0,0
L,Full,White,Polo,Regular,Solid,661,1,1
XL,Half,Blue,Round,Regular,Checked,320,1,0
L,Half,Green,Polo,Loose,Printed,639,0,0
M,Full,White,Polo,Regular,Printed,299,1,1
L,Sleeveless,Blue,Round,Loose,Solid,1558,8,0
S,Full,Blue,Polo,Regular,Solid,1305,3,1
L,Half,White,Polo,Regular,Striped,371,5,0
L,Sleeveless,Red,Round,Regular,Striped,808,3,0
L,Half,Green,Polo,Regular,Solid,2298,2,0
L,Sleeveless,Blue,Round,Regular,Striped,2291,0,0
M,Full,Black,Polo,Regular,Checked,2503,4,0
M,Sleeveless,Black,Polo,Regular,Striped,2800,5,0
M,Full,Yellow,Polo,Regular,Checked,252,3,0
S,Full,Black,Polo,Loose,Solid,1061,8,0
XL,Full,Black,Round,Loose,Solid,352,1,0
M,Full,White,V-Neck,Regular,Printed,1597,3,0
M,Sleeveless,Yellow,Polo,Slim,Printed,903,0,0
S,Half,Black,Round,Regular,Checked,574,3,0
M,Half,White,Polo,Regular,Solid,787,2,1
L,Half,White,V-Neck,Regular,Printed,1670,2,0
XL,Half,Red,Mandarin,Regular,Checked,1312,2,0
M,Full,Blue,Round,Slim,Printed,559,3,0
M,Sleeveless,Black,Polo,Loose,Striped,1571,6,1
L,Full,Green,Mandarin,Regular,Striped,945,7,1
S,Full,Black,Round,Loose,Printed,1431,6,1
M,Sleeveless,White,Round,Slim,Solid,2083,3,0
M,Full,Blue,V-Neck,Regular,Solid,1253,2,1
M,Full,Black,Polo,Slim,Printed,789,4,1
L,Full,Green,V-Neck,Loose,Solid,2812,8,0
L,Full,Yellow,Mandarin,Slim,Solid,2182,7,0
M,Full,Blue,Round,Regular,Solid,906,3,1
M,Sleeveless,White,Round,Loose,Striped,1128,1,0
M,Half,Black,Polo,Regular,Checked,1300,1,1
L,Full,Blue,Round,Loose,Printed,2424,0,0
M,Sleeveless,Yellow,Polo,Slim,Striped,2400,3,1
M,Sleeveless,Blue,Polo,Loose,Printed,793,1,1
S,Half,Blue,V-Neck,Slim,Checked,586,2,1
M,Full,White,V-Neck,Regular,Solid,492,2,1
L,Half,Black,Mandarin,Slim,Striped,799,3,0
L,Full,Green,Round,Slim,Solid,522,1,0
L,Half,Yellow,Round,Slim,Printed,324,5,0
S,Full,Black,V-Neck,Loose,Striped,629,1,1
S,Full,Blue,Mandarin,Regular,Checked,1598,3,1
S,Half,White,Mandarin,Slim,Printed,2061,6,0
M,Half,Black,Round,Slim,Checked,1429,0,1
L,Full,Black,Mandarin,Regular,Striped,2867,9,1
S,Sleeveless,Red,V-Neck,Regular,Checked,581,2,0
L,Full,Blue,Polo,Regular,Printed,965,1,1
M,Full,Red,Round,Loose,Striped,1360,4,0
XL,Full,Green,V-Neck,Regular,Printed,1240,2,1
L,Half,Red,Round,Regular,Solid,724,4,0
S,Sleeveless,White,Mandarin,Regular,Printed,1031,2,0
M,Sleeveless,Black,V-Neck,Loose,Striped,2297,6,0
M,Full,Yellow,Mandarin,Slim,Solid,290,3,0
S,Sleeveless,White,V-Neck,Loose,Solid,925,3,0
S,Full,Red,V-Neck,Slim,Solid,455,3,0
L,Full,Blue,V-Neck,Slim,Solid,2885,4,1
L,Half,Green,Round,Loose,Striped,950,10,0
L,Sleeveless,White,Polo,Regular,Solid,554,10,0
M,Half,Green,Mandarin,Regular,Solid,227,7,0
L,Sleeveless,Black,Mandarin,Regular,Solid,1855,2,0
M,Full,Black,V-Neck,Loose,Printed,374,2,0
XL,Full,Red,Mandarin,Regular,Checked,1981,6,0
S,Full,Yellow,Mandarin,Loose,Printed,2005,2,1
XL,Sleeveless,Red,Polo,Regular,Printed,2881,2,0
XL,Sleeveless,Green,V-Neck,Loose,Checked,836,3,1
S,Half,Green,V-Neck,Regular,Printed,1413,3,0
M,Half,Yellow,Polo,Loose,Printed,2401,3,1
L,Sleeveless,Black,V-Neck,Regular,Striped,632,0,1
M,Sleeveless,Green,Polo,Regular,Printed,567,1,0
M,Full,Green,Round,Slim,Printed,1685,5,0
L,Half,Yellow,V-Neck,Regular,Checked,2346,0,0
L,Sleeveless,White,Polo,Slim,Checked,2192,1,1
M,Sleeveless,Green,Round,Loose,Printed,1520,0,0
XL,Full,Yellow,Round,Loose,Striped,3000,3,1
S,Full,Green,Mandarin,Slim,Striped,2502,1,1
M,Full,Green,Round,Slim,Printed,2506,2,1
M,Full,Green,Polo,Loose,Solid,514,0,1
XL,Half,Black,Round,Slim,Solid,1748,3,1
M,Half,White,Mandarin,Slim,Striped,356,2,0
M,Full,Black,Polo,Regular,Solid,730,3,0
L,Full,White,Mandarin,Slim,Striped,1939,5,0
M,Full,Blue,Round,Regular,Printed,1314,0,1
L,Full,Black,Polo,Slim,Striped,1167,9,1
M,Full,Black,V-Neck,Regular,Striped,1571,2,1
L,Half,White,Mandarin,Loose,Striped,363,0,1
S,Sleeveless,Yellow,V-Neck,Regular,Striped,1035,3,0
S,Sleeveless,White,V-Neck,Regular,Solid,1557,0,0
M,Half,Red,Mandarin,Slim,Checked,2762,9,0
L,Sleeveless,Red,Round,Loose,Checked,1459,8,0
M,Full,Blue,V-Neck,Loose,Solid,968,4,0
M,Sleeveless,White,Mandarin,Regular,Striped,2128,1,0
L,Sleeveless,Green,Round,Regular,Checked,994,1,0
L,Half,Red,Polo,Regular,Solid,1029,0,0
M,Half,Green,V-Neck,Loose,Checked,539,2,0
S,Full,Yellow,Mandarin,Loose,Printed,1480,0,0
L,Full,Red,Polo,Loose,Printed,860,3,0
XL,Sleeveless,White,V-Neck,Slim,Solid,1474,5,0
M,Full,Green,Polo,Slim,Solid,514,1,0
L,Full,Yellow,Polo,Regular,Printed,727,2,0
S,Full,Green,Mandarin,Slim,Striped,1594,1,0
M,Full,White,Round,Loose,Printed,371,9,0
M,Half,Yellow,Round,Regular,Solid,712,5,1
M,Full,White,V-Neck,Loose,Checked,778,3,1
L,Full,Red,Mandarin,Regular,Solid,529,0,0
L,Full,Black,V-Neck,Loose,Printed,2113,2,0
S,Full,Black,Round,Regular,Printed,404,2,0
S,Full,Yellow,Round,Loose,Striped,415,3,1
L,Half,Black,Round,Slim,Solid,704,0,1
XL,Full,Green,V-Neck,Loose,Checked,293,0,1
L,Sleeveless,Black,Round,Regular,Printed,1438,2,1
S,Sleeveless,Green,Round,Regular,Printed,585,2,0
M,Full,Yellow,V-Neck,Regular,Printed,1012,2,0
M,Half,Black,Polo,Loose,Striped,359,1,0
M,Full,Blue,Mandarin,Slim,Striped,2095,3,0
XL,Full,Green,Round,Slim,Solid,868,8,0
L,Half,Green,Round,Regular,Solid,365,0,0
L,Full,Blue,Round,Slim,Solid,2823,1,0
M,Full,White,V-Neck,Regular,Solid,284,4,0
S,Half,Yellow,V-Neck,Slim,Printed,771,1,0
M,Full,Yellow,V-Neck,Slim,Printed,1249,0,1
L,Half,Yellow,Round,Slim,Printed,1501,4,1
L,Half,Red,Mandarin,Loose,Solid,221,6,1
M,Full,Black,Polo,Regular,Checked,638,2,0
S,Sleeveless,Green,Polo,Slim,Solid,3000,3,0
M,Half,Yellow,V-Neck,Loose,Striped,2045,4,0
S,Sleeveless,Blue,V-Neck,Regular,Striped,1282,1,0
XL,Half,Blue,Mandarin,Slim,Solid,1514,0,0
L,Sleeveless,Red,Round,Slim,Printed,2898,3,0
L,Full,Red,Mandarin,Regular,Checked,697,2,0
M,Sleeveless,White,Round,Regular,Solid,2602,0,0
M,Half,Black,Polo,Loose,Solid,2993,3,0
M,Half,Black,Round,Loose,Striped,513,1,0
M,Full,Black,Polo,Slim,Solid,314,1,1
L,Sleeveless,Black,Polo,Slim,Checked,984,1,1
L,Full,Green,Round,Regular,Checked,744,2,1
M,Full,Green,Mandarin,Regular,Printed,448,1,1
XL,Full,Yellow,Round,Regular,Striped,604,3,0
S,Half,Green,Mandarin,Loose,Solid,1823,5,0
M,Half,Green,Round,Slim,Solid,1308,2,0
M,Full,Yellow,Polo,Loose,Striped,521,2,0
XL,Sleeveless,Blue,Round,Regular,Printed,1283,2,1
S,Sleeveless,Yellow,V-Neck,Loose,Striped,2609,1,0
XL,Sleeveless,Black,Polo,Regular,Checked,2284,0,0
XL,Half,Green,Polo,Regular,Solid,568,0,1
S,Half,Black,Round,Regular,Printed,1318,10,1
M,Half,Green,V-Neck,Regular,Printed,2423,6,0
M,Full,White,V-Neck,Loose,Printed,672,3,1
M,Full,Black,Polo,Regular,Checked,813,1,1
M,Full,Yellow,V-Neck,Slim,Solid,2695,1,0
XL,Full,White,V-Neck,Regular,Solid,1581,3,0
M,Sleeveless,Yellow,Round,Regular,Striped,2439,0,0
XL,Sleeveless,Black,Mandarin,Regular,Checked,200,3,0
XL,Full,Black,Mandarin,Slim,Printed,2331,4,0
M,Sleeveless,White,V-Neck,Regular,Solid,498,3,0
L,Sleeveless,Blue,Round,Loose,Striped,1696,0,0
S,Full,Blue,V-Neck,Loose,Solid,1470,1,1
L,Half,Yellow,V-Neck,Regular,Solid,1555,7,1
M,Full,Yellow,Polo,Loose,Solid,1620,2,1
XL,Half,Red,Round,Slim,Checked,949,1,1
L,Full,Green,Mandarin,Slim,Striped,1038,3,0
M,Sleeveless,Green,Polo,Regular,Striped,844,5,1
L,Sleeveless,Black,V-Neck,Slim,Striped,1288,3,1
L,Full,Blue,Round,Loose,Striped,2458,1,0
M,Half,Black,Round,Loose,Solid,1197,2,1
XL,Sleeveless,Red,V-Neck,Regular,Striped,2560,1,0
L,Full,Blue,Round,Loose,Striped,357,0,0
L,Full,White,Polo,Slim,Striped,1800,0,1
L,Half,Black,Round,Regular,Printed,1435,0,0
M,Full,Black,Round,Regular,Checked,705,3,0
M,Half,Black,Round,Slim,Checked,943,3,1
XL,Half,Yellow,Polo,Regular,Solid,3000,0,0
M,Sleeveless,Red,Polo,Loose,Striped,1939,4,1
S,Full,Black,Polo,Regular,Checked,1660,2,0
L,Half,Black,V-Neck,Slim,Solid,308,0,1
S,Full,Black,Polo,Slim,Printed,1017,2,1
M,Full,Red,Round,Regular,Checked,1447,2,1
M,Sleeveless,Red,Round,Regular,Printed,2449,4,0
M,Sleeveless,White,Round,Slim,Printed,894,0,1
S,Full,Black,Mandarin,Loose,Solid,1161,4,1
L,Full,Blue,Round,Regular,Printed,1264,8,1
L,Half,Red,Round,Regular,Printed,2482,1,1
L,Full,Green,Polo,Slim,Checked,562,3,1
L,Half,Black,Mandarin,Regular,Checked,2360,5,0
L,Full,Red,Polo,Slim,Striped,2825,9,0
XL,Full,Blue,Round,Regular,Solid,710,0,1
L,Half,Blue,Round,Slim,Checked,3000,2,1
M,Half,White,Round,Regular,Solid,1039,0,1
M,Full,Red,Polo,Slim,Printed,2259,3,0
L,Sleeveless,White,Round,Loose,Solid,286,0,0
XL,Half,Green,Round,Regular,Striped,364,3,1
S,Full,Blue,Round,Regular,Striped,2684,4,0
L,Full,Blue,Round,Regular,Striped,1382,4,0
S,Sleeveless,Blue,Polo,Regular,Solid,826,4,0
L,Full,Black,Round,Slim,Striped,1550,1,1
XL,Half,White,V-Neck,Slim,Checked,398,1,0
S,Half,Black,Round,Regular,Solid,1944,1,1
M,Full,Green,Round,Regular,Solid,441,1,1
XL,Half,White,Round,Regular,Checked,2415,9,0
M,Sleeveless,White,Round,Regular,Striped,1198,1,0
L,Full,Red,Round,Slim,Checked,1418,3,0
M,Sleeveless,Yellow,Polo,Regular,Solid,2917,6,0
S,Half,Blue,Polo,Slim,Printed,2017,5,1
L,Full,Blue,Round,Regular,Printed,1009,2,1
M,Full,White,Polo,Slim,Printed,1935,4,0
XL,Full,Yellow,Polo,Slim,Printed,549,1,0
L,Sleeveless,Green,Polo,Regular,Printed,850,0,0
S,Sleeveless,White,V-Neck,Regular,Solid,2545,7,1
M,Sleeveless,Red,Polo,Regular,Solid,3000,0,0
M,Half,Green,Mandarin,Regular,Solid,1322,3,0
L,Half,White,Round,Regular,Checked,912,1,1
M,Half,Green,Round,Slim,Printed,1838,2,1
L,Full,White,V-Neck,Slim,Printed,746,2,0
XL,Sleeveless,Black,Mandarin,Slim,Checked,294,4,0
M,Full,Green,Mandarin,Loose,Checked,1638,0,0
M,Half,Blue,Polo,Regular,Solid,831,0,1
L,Full,Black,V-Neck,Slim,Checked,259,5,0
XL,Full,Red,Round,Slim,Printed,1756,0,1
M,Sleeveless,Blue,Round,Loose,Checked,383,7,0
M,Full,Yellow,Round,Slim,Printed,1712,4,1
S,Full,White,Round,Slim,Solid,1397,6,1
L,Full,Green,Round,Regular,Printed,683,0,1
L,Full,Green,Round,Slim,Striped,895,3,0
L,Full,Red,Polo,Slim,Solid,3000,1,0
S,Full,Blue,V-Neck,Regular,Solid,1040,0,0
L,Half,Yellow,V-Neck,Regular,Striped,2716,2,0
S,Full,Yellow,V-Neck,Loose,Checked,431,8,1
L,Sleeveless,White,V-Neck,Loose,Solid,206,5,0
L,Half,Blue,V-Neck,Regular,Checked,1529,1,0
L,Full,White,V-Neck,Loose,Checked,236,2,1
M,Half,Yellow,Round,Regular,Striped,2528,0,0
XL,Half,Black,Round,Regular,Solid,1372,2,0
S,Half,Blue,Polo,Slim,Solid,2585,5,1
S,Sleeveless,Red,Polo,Slim,Checked,1363,1,0
XL,Full,Black,Round,Slim,Printed,1956,4,0
S,Half,White,Round,Loose,Checked,578,0,0
XL,Sleeveless,Black,V-Neck,Slim,Solid,1666,1,0
L,Half,Black,Round,Regular,Striped,890,3,0
S,Half,Black,Round,Regular,Printed,1462,1,0
M,Full,White,Round,Slim,Solid,1248,2,1
XL,Half,Red,Polo,Loose,Checked,2172,7,1
M,Full,Green,Round,Regular,Printed,1882,5,0
XL,Half,Green,Polo,Regular,Checked,737,1,0
S,Half,Yellow,V-Neck,Slim,Striped,653,4,0
L,Half,White,Mandarin,Slim,Striped,1638,4,1
M,Full,Blue,Round,Loose,Checked,326,0,0
S,Full,Black,Round,Slim,Striped,2751,1,0
XL,Sleeveless,Blue,V-Neck,Loose,Printed,817,3,0
M,Half,Red,Polo,Slim,Printed,3000,1,0
L,Sleeveless,Black,Mandarin,Loose,Printed,509,10,0
L,Half,Yellow,Polo,Loose,Printed,1802,0,0
XL,Sleeveless,Red,Mandarin,Regular,Striped,2386,10,0
L,Full,White,V-Neck,Loose,Solid,597,1,1
L,Full,Blue,Round,Regular,Checked,607,3,0
L,Full,Red,Polo,Slim,Striped,1289,5,1
S,Full,Blue,Polo,Loose,Solid,236,6,0
XL,Sleeveless,Blue,Mandarin,Loose,Striped,2796,7,0
S,Half,Yellow,Round,Slim,Printed,1323,3,0
XL,Half,Yellow,Mandarin,Slim,Striped,2533,6,0
XL,Full,White,V-Neck,Regular,Solid,2963,7,0
L,Full,Green,V-Neck,Regular,Solid,1989,7,0
L,Full,Red,Polo,Loose,Solid,585,2,0
S,Full,Yellow,V-Neck,Loose,Solid,822,9,0
L,Half,White,Round,Loose,Printed,2276,4,0
L,Half,Black,Round,Regular,Striped,372,2,0
S,Sleeveless,White,Polo,Slim,Checked,1897,3,0
M,Full,Yellow,Round,Loose,Solid,322,7,0
M,Sleeveless,Blue,Round,Regular,Striped,1131,3,1
L,Full,Yellow,V-Neck,Regular,Printed,935,3,1
XL,Full,Black,V-Neck,Regular,Solid,1485,2,0
S,Full,Black,V-Neck,Regular,Solid,246,4,1
L,Full,Green,Round,Slim,Checked,331,6,0
M,Half,Red,V-Neck,Loose,Solid,510,3,0
M,Half,Yellow,V-Neck,Regular,Checked,824,1,1
L,Sleeveless,Yellow,Polo,Slim,Printed,1548,7,0
L,Full,Yellow,Polo,Loose,Striped,1573,3,1
L,Half,Red,Round,Slim,Checked,1610,4,1
L,Full,Blue,Round,Regular,Striped,226,2,1
S,Half,Green,Round,Slim,Checked,360,1,0
L,Full,Green,V-Neck,Loose,Checked,376,1,0
M,Half,Blue,Round,Slim,Printed,277,9,0
M,Half,Black,Polo,Slim,Solid,1621,10,0
S,Sleeveless,Blue,V-Neck,Regular,Striped,2137,9,0
L,Sleeveless,Black,Round,Regular,Solid,1257,8,1
L,Full,Red,V-Neck,Loose,Printed,1815,3,0
M,Half,Blue,V-Neck,Regular,Printed,401,3,0
M,Sleeveless,Yellow,Polo,Regular,Striped,997,8,1
L,Full,Green,Round,Slim,Solid,1948,2,0
M,Sleeveless,Red,Polo,Slim,Striped,894,5,1
S,Half,Black,V-Neck,Regular,Printed,2780,4,0
L,Full,Blue,Round,Slim,Checked,2537,5,1
S,Half,Red,Round,Loose,Checked,2459,9,0
M,Full,White,Polo,Regular,Solid,1443,2,0
M,Half,Blue,Round,Slim,Striped,2126,3,1
S,Half,Blue,V-Neck,Regular,Striped,2993,8,0
M,Half,Yellow,V-Neck,Slim,Printed,1503,2,1
L,Sleeveless,Black,Polo,Slim,Checked,334,4,0
L,Full,Blue,Round,Regular,Striped,1716,4,0
M,Half,White,Round,Regular,Checked,1048,0,1
XL,Full,Black,Round,Slim,Checked,3000,0,1
M,Full,Green,Mandarin,Slim,Solid,2315,5,0
M,Sleeveless,White,V-Neck,Slim,Checked,1021,2,1
XL,Full,Green,Polo,Slim,Solid,2125,3,0
S,Full,Black,Mandarin,Regular,Printed,1824,8,0
L,Full,Red,Round,Loose,Checked,2555,2,0
S,Half,Red,Round,Loose,Checked,341,7,1
L,Sleeveless,Blue,Round,Regular,Printed,1328,2,1
M,Full,Green,Round,Slim,Solid,1024,1,1
S,Full,Blue,V-Neck,Loose,Checked,1779,4,0
XL,Half,Yellow,V-Neck,Regular,Solid,736,1,1
M,Full,Red,Round,Regular,Solid,587,2,1
L,Half,Black,Round,Loose,Checked,960,0,0
L,Full,Black,Round,Slim,Printed,704,3,0
L,Full,Black,Mandarin,Regular,Solid,1011,0,0
M,Half,Blue,Polo,Regular,Printed,2295,3,0
L,Sleeveless,Black,V-Neck,Regular,Printed,1235,0,1
L,Sleeveless,Red,Mandarin,Regular,Checked,870,7,1
L,Sleeveless,Black,Round,Loose,Printed,1329,0,0
S,Full,Blue,V-Neck,Loose,Solid,544,3,0
M,Half,Green,Mandarin,Slim,Checked,1036,8,1
XL,Full,Red,Polo,Slim,Striped,2833,8,0
XL,Sleeveless,Black,Round,Loose,Solid,819,0,1
L,Half,White,Mandarin,Regular,Solid,605,1,1
S,Full,Black,V-Neck,Regular,Printed,1880,8,1
XL,Full,Yellow,V-Neck,Regular,Printed,970,3,0
XL,Half,White,V-Neck,Slim,Checked,2234,1,1
S,Half,Black,Round,Loose,Solid,2630,1,0
M,Full,White,Round,Regular,Printed,1082,1,1
M,Half,Blue,Polo,Slim,Checked,228,0,0
S,Half,Red,Polo,Slim,Solid,1398,1,1
S,Half,Black,V-Neck,Regular,Solid,1703,6,0
M,Half,White,Round,Regular,Solid,555,1,1
XL,Half,Red,V-Neck,Regular,Checked,2263,10,0
XL,Half,Blue,Mandarin,Loose,Solid,2564,0,0
M,Sleeveless,Black,Mandarin,Loose,Solid,769,2,0
S,Full,Red,Mandarin,Slim,Striped,1954,1,0
XL,Half,Black,Polo,Slim,Solid,530,0,0
L,Half,Green,Polo,Loose,Striped,687,1,0
S,Full,Yellow,V-Neck,Regular,Solid,2084,0,0
M,Full,Green,Polo,Regular,Striped,1304,5,1
L,Sleeveless,Red,Mandarin,Slim,Printed,1267,0,0
XL,Half,Red,Round,Regular,Printed,737,3,0
S,Half,Blue,V-Neck,Slim,Solid,856,0,1
M,Full,Black,V-Neck,Regular,Striped,684,3,1
L,Half,Red,Round,Slim,Solid,917,2,1
M,Full,Black,V-Neck,Regular,Solid,645,2,1
XL,Sleeveless,Red,Round,Slim,Solid,335,3,0
M,Half,Red,Round,Regular,Checked,3000,2,0
XL,Half,Yellow,Round,Slim,Solid,627,0,0
L,Half,White,V-Neck,Slim,Checked,475,5,0
M,Half,Black,Round,Regular,Striped,417,0,1
L,Sleeveless,Black,Round,Loose,Solid,1250,3,0
XL,Half,Black,Mandarin,Slim,Solid,903,4,0
XL,Full,Green,Mandarin,Slim,Solid,920,6,0
XL,Full,Red,Round,Slim,Checked,659,1,1
XL,Sleeveless,Blue,Round,Regular,Striped,965,2,0
L,Full,Blue,V-Neck,Slim,Checked,1686,6,1
M,Half,Black,Polo,Regular,Striped,843,7,0
M,Half,Red,Polo,Regular,Checked,1640,2,0
M,Half,Red,Round,Loose,Checked,1356,5,0
M,Full,White,Round,Regular,Solid,2176,0,1
L,Full,Green,Round,Loose,Striped,1525,2,0
L,Full,Black,Mandarin,Loose,Solid,1989,7,0
S,Full,Green,V-Neck,Slim,Printed,1944,9,0
M,Half,Yellow,V-Neck,Loose,Solid,1773,2,0
M,Half,Blue,Polo,Slim,Printed,2397,5,0
M,Full,Blue,Round,Regular,Striped,1212,0,1
L,Sleeveless,White,V-Neck,Regular,Printed,945,3,1
L,Half,Black,V-Neck,Regular,Solid,429,2,0
L,Half,Yellow,Mandarin,Slim,Checked,1136,5,1
M,Half,Green,V-Neck,Regular,Solid,755,1,0
L,Full,Red,Polo,Loose,Printed,531,5,1
M,Sleeveless,Black,Mandarin,Regular,Striped,1280,3,0
S,Half,White,V-Neck,Slim,Striped,1934,9,0
XL,Full,White,Round,Loose,Solid,1037,2,0
L,Full,Black,Round,Regular,Striped,355,6,0
M,Half,Blue,Polo,Loose,Striped,782,7,1
M,Half,Black,V-Neck,Slim,Printed,2478,9,0
XL,Full,Yellow,V-Neck,Slim,Striped,2864,9,0
XL,Sleeveless,Green,Mandarin,Slim,Checked,774,3,1
S,Full,Red,Polo,Regular,Checked,1432,0,1
XL,Half,Red,Polo,Regular,Printed,470,3,1
S,Half,White,Round,Regular,Printed,1072,2,0
M,Full,White,Round,Slim,Striped,1924,0,0
M,Sleeveless,Green,Round,Slim,Printed,1039,3,1
M,Half,White,Round,Loose,Striped,993,6,0
XL,Half,Red,Polo,Regular,Striped,1470,1,1
XL,Sleeveless,Red,Round,Regular,Solid,278,2,1
L,Half,Blue,Polo,Loose,Striped,463,3,1
L,Sleeveless,White,Polo,Loose,Solid,264,1,0
S,Half,Red,Round,Loose,Solid,1342,1,0
M,Half,Black,Mandarin,Slim,Striped,2738,10,0
S,Half,Green,Round,Slim,Solid,1976,7,1
S,Full,Red,Mandarin,Slim,Striped,471,0,0
S,Full,Yellow,Round,Loose,Printed,579,6,1
L,Half,Blue,Polo,Slim,Printed,762,3,0
M,Half,Yellow,Round,Regular,Solid,1456,0,1
S,Sleeveless,Green,V-Neck,Slim,Solid,479,5,0
L,Full,Black,Mandarin,Slim,Striped,1089,2,1
M,Sleeveless,Red,Polo,Regular,Solid,1698,6,0
S,Sleeveless,Red,Round,Regular,Solid,1762,6,1
M,Half,Yellow,V-Neck,Regular,Solid,342,1,0
XL,Sleeveless,Blue,Round,Regular,Printed,354,1,0
L,Half,Blue,Polo,Loose,Printed,797,3,1
L,Sleeveless,Green,Round,Regular,Printed,958,3,1
M,Full,White,Mandarin,Loose,Printed,471,4,0
S,Full,White,Polo,Regular,Printed,452,4,0
M,Half,White,Mandarin,Loose,Solid,2045,9,0
XL,Half,Red,V-Neck,Regular,Striped,837,0,0
XL,Full,White,V-Neck,Slim,Solid,3000,0,0
M,Sleeveless,Green,Mandarin,Loose,Solid,864,0,0
M,Half,Yellow,Round,Regular,Solid,324,0,1
S,Full,White,V-Neck,Slim,Printed,1368,2,0
S,Full,White,Round,Slim,Printed,2715,3,0
XL,Sleeveless,Blue,Round,Slim,Striped,771,2,0
L,Sleeveless,White,Mandarin,Slim,Printed,643,4,0
S,Full,Green,Polo,Loose,Solid,652,3,0
S,Sleeveless,Blue,V-Neck,Loose,Printed,2718,4,1
L,Sleeveless,Black,Polo,Slim,Solid,693,4,1
S,Sleeveless,Black,Polo,Regular,Checked,1023,1,0
M,Sleeveless,Green,Mandarin,Regular,Printed,610,2,0
XL,Full,White,V-Neck,Regular,Solid,449,3,1
M,Sleeveless,Green,Mandarin,Regular,Printed,690,0,0
M,Half,White,Mandarin,Regular,Solid,520,3,1
L,Sleeveless,White,Mandarin,Loose,Striped,277,1,0
S,Full,Blue,Round,Loose,Printed,842,4,0
M,Half,White,Polo,Loose,Printed,566,2,1
L,Full,Green,Mandarin,Loose,Striped,3000,1,0
M,Full,Yellow,Round,Regular,Striped,1203,2,1
M,Half,Black,V-Neck,Slim,Solid,590,1,1
M,Half,Black,Round,Loose,Solid,952,0,1
S,Full,Green,V-Neck,Loose,Striped,2552,3,0
M,Full,White,V-Neck,Slim,Solid,1069,2,0
M,Full,Blue,V-Neck,Regular,Checked,1581,5,0
XL,Full,Blue,V-Neck,Slim,Striped,1162,1,0
XL,Full,White,Round,Loose,Striped,1179,3,0
M,Full,White,Mandarin,Regular,Printed,249,2,0
M,Half,Red,Round,Regular,Solid,300,0,0
M,Full,White,Round,Loose,Solid,1086,3,0
XL,Full,Blue,V-Neck,Regular,Solid,200,1,0
S,Sleeveless,Green,Polo,Slim,Solid,2523,6,0
L,Sleeveless,Blue,Polo,Loose,Checked,2328,5,0
XL,Full,Black,Round,Loose,Striped,841,2,0
M,Half,Black,Round,Regular,Checked,909,3,0
S,Full,White,Mandarin,Slim,Solid,910,1,0
XL,Half,Blue,Round,Regular,Solid,695,1,0
S,Full,Black,Round,Regular,Solid,1049,1,0
S,Full,Blue,Round,Slim,Solid,2579,8,0
M,Sleeveless,Black,V-Neck,Regular,Printed,1031,1,0
S,Half,Yellow,Polo,Loose,Printed,1356,2,0
M,Half,White,V-Neck,Regular,Solid,3000,3,0
M,Full,Yellow,Mandarin,Slim,Solid,1344,5,1
S,Half,Black,Round,Regular,Solid,1961,3,0
L,Half,Red,V-Neck,Slim,Solid,2332,5,0
M,Full,White,Round,Regular,Striped,2870,5,0
L,Full,Black,V-Neck,Loose,Striped,760,0,0
L,Full,Black,Polo,Slim,Solid,2595,6,1
L,Full,Green,Round,Slim,Solid,1339,3,0
XL,Full,Yellow,Mandarin,Loose,Printed,483,1,0
XL,Half,Red,V-Neck,Loose,Solid,1493,3,0
L,Full,White,V-Neck,Regular,Printed,1147,7,1
M,Sleeveless,Red,Mandarin,Regular,Striped,2773,3,0
M,Sleeveless,Blue,V-Neck,Slim,Printed,270,1,0
XL,Full,Blue,V-Neck,Regular,Striped,1162,5,0
L,Half,Black,V-Neck,Loose,Striped,1801,8,0
XL,Full,White,V-Neck,Regular,Solid,1080,7,1
M,Full,Black,Mandarin,Loose,Printed,308,0,1
L,Full,Red,Polo,Loose,Solid,2951,4,0
XL,Full,White,V-Neck,Regular,Printed,2009,2,0
M,Sleeveless,Yellow,Mandarin,Slim,Striped,1482,2,0
M,Full,Blue,Polo,Loose,Solid,613,1,0
M,Half,White,V-Neck,Regular,Solid,622,6,1
XL,Sleeveless,Blue,Mandarin,Loose,Solid,1721,4,0
M,Sleeveless,Red,V-Neck,Regular,Printed,474,6,1
L,Sleeveless,Blue,Round,Regular,Solid,1236,2,1
L,Full,Black,Polo,Loose,Printed,357,1,0
L,Sleeveless,Yellow,Round,Slim,Checked,1149,1,0
XL,Half,Red,Polo,Slim,Checked,1907,2,0
L,Sleeveless,Black,V-Neck,Regular,Checked,790,4,1
L,Full,Red,V-Neck,Slim,Printed,1356,1,1
S,Sleeveless,Black,Round,Regular,Solid,886,3,1
M,Sleeveless,Blue,V-Neck,Regular,Solid,1105,3,0
S,Full,Black,Polo,Regular,Checked,291,8,0
M,Half,Black,Polo,Loose,Solid,738,1,0
M,Full,Blue,Round,Regular,Printed,1129,1,1
S,Half,Black,Round,Slim,Striped,1764,8,1
L,Full,Black,Mandarin,Regular,Solid,528,2,0
XL,Half,Black,V-Neck,Loose,Striped,737,0,0
M,Full,Black,V-Neck,Regular,Printed,447,3,0
L,Full,Blue,Round,Regular,Solid,464,0,0
L,Full,Blue,Polo,Slim,Solid,2333,5,0
L,Half,Black,V-Neck,Regular,Printed,317,1,0
M,Sleeveless,White,Round,Slim,Solid,1975,1,0
XL,Half,Yellow,Polo,Regular,Solid,1085,4,0
S,Sleeveless,Black,Polo,Regular,Striped,1414,2,1
XL,Full,Blue,Polo,Slim,Printed,1776,4,1
L,Half,White,Round,Regular,Printed,950,4,0
L,Half,Red,V-Neck,Loose,Solid,1028,1,0
M,Sleeveless,Green,V-Neck,Loose,Printed,1682,5,0
L,Full,Red,Round,Loose,Striped,855,2,0
M,Sleeveless,White,Mandarin,Slim,Striped,1042,3,0
M,Sleeveless,Black,Round,Slim,Solid,1274,10,1
L,Half,Black,Round,Regular,Solid,543,1,0
S,Sleeveless,Yellow,Round,Regular,Printed,2276,6,0
L,Full,White,Polo,Regular,Solid,1080,1,0
M,Full,Green,Mandarin,Regular,Solid,2094,8,1
M,Sleeveless,Blue,V-Neck,Regular,Printed,2480,3,0
XL,Half,Black,Polo,Loose,Printed,1457,2,0
M,Half,Black,Polo,Loose,Printed,1253,2,1
M,Full,Green,Polo,Regular,Printed,305,0,1
M,Full,Yellow,Mandarin,Slim,Striped,800,0,1
S,Full,Green,Polo,Regular,Printed,1915,8,0
L,Full,White,Polo,Regular,Solid,1083,5,0
L,Full,Green,Polo,Regular,Striped,1883,6,0
S,Half,Green,Round,Loose,Printed,1575,5,0
XL,Sleeveless,Yellow,Round,Loose,Solid,1232,3,0
XL,Sleeveless,White,V-Neck,Regular,Checked,793,3,0
M,Sleeveless,Red,Mandarin,Slim,Solid,417,0,0
L,Half,Green,Round,Regular,Solid,812,3,0
L,Full,Black,Round,Regular,Checked,2040,2,0
S,Half,Yellow,V-Neck,Regular,Checked,1146,2,0
L,Half,Yellow,Round,Regular,Printed,2989,7,0
M,Sleeveless,White,Polo,Regular,Solid,1061,2,1
S,Half,White,V-Neck,Slim,Striped,1004,3,0
M,Sleeveless,Black,V-Neck,Regular,Solid,1285,2,1
XL,Full,Red,Round,Regular,Checked,360,6,0
L,Half,Black,Polo,Slim,Striped,2225,6,1
M,Sleeveless,Green,Polo,Slim,Checked,2170,3,0
M,Sleeveless,White,Mandarin,Loose,Printed,200,2,1
S,Full,Blue,Round,Loose,Printed,1532,2,1
XL,Full,Blue,Round,Regular,Solid,758,1,1
S,Half,Black,Round,Regular,Printed,1813,9,0
S,Full,Black,Mandarin,Loose,Solid,2795,4,0
M,Full,Red,V-Neck,Slim,Printed,1996,10,0
L,Full,Black,V-Neck,Regular,Striped,656,2,0
M,Sleeveless,Black,Mandarin,Slim,Solid,1096,2,0
M,Full,Black,Round,Regular,Checked,2163,2,1
M,Full,Red,Round,Slim,Printed,770,1,1
M,Sleeveless,Red,V-Neck,Regular,Solid,698,3,0
M,Half,Black,Polo,Loose,Printed,2982,2,1
L,Half,Black,V-Neck,Slim,Solid,1730,3,0
M,Sleeveless,Red,Polo,Loose,Solid,855,0,0
M,Half,White,Round,Regular,Solid,2305,3,1
M,Full,White,Round,Regular,Solid,1139,2,1
M,Half,Blue,Polo,Slim,Striped,611,1,1
L,Full,Black,Polo,Slim,Solid,731,2,1
M,Full,Black,V-Neck,Regular,Solid,1210,0,1
L,Half,Black,V-Neck,Slim,Striped,1037,3,1
L,Half,Black,Round,Slim,Solid,1264,6,1
L,Full,Green,Round,Slim,Solid,431,3,1
L,Sleeveless,Yellow,Polo,Regular,Solid,2185,2,1
L,Half,Black,Round,Regular,Striped,459,1,0
XL,Half,Blue,Polo,Slim,Solid,393,1,0
S,Full,Black,Round,Regular,Striped,725,3,1
M,Full,Blue,Mandarin,Slim,Solid,2386,4,1
M,Half,Black,V-Neck,Slim,Printed,1182,2,1
XL,Half,Red,Mandarin,Regular,Striped,2661,6,0
L,Full,Black,Polo,Regular,Striped,1880,1,1
M,Full,Blue,Round,Slim,Printed,2403,0,0
M,Sleeveless,Blue,Round,Regular,Checked,1066,2,0
M,Half,Red,Polo,Regular,Checked,697,0,1
XL,Sleeveless,Black,Polo,Regular,Solid,860,1,1
L,Full,Yellow,Mandarin,Regular,Solid,564,3,0
M,Sleeveless,Black,Round,Slim,Striped,712,0,0
XL,Full,White,Round,Loose,Solid,459,0,0
XL,Full,Black,Round,Regular,Checked,573,4,0
XL,Sleeveless,Blue,Mandarin,Regular,Striped,1868,3,1
M,Full,Yellow,V-Neck,Regular,Printed,1019,2,0
L,Sleeveless,White,Round,Regular,Solid,239,6,0
S,Full,Red,Mandarin,Loose,Striped,484,3,0
M,Full,Blue,Round,Regular,Striped,1544,2,1
XL,Half,White,Polo,Regular,Printed,414,1,0
S,Sleeveless,Yellow,V-Neck,Regular,Printed,1904,7,0
L,Full,Blue,Polo,Loose,Checked,1091,7,1
XL,Half,Red,Mandarin,Slim,Printed,1160,1,0
M,Half,Red,Mandarin,Regular,Striped,704,6,1
M,Full,Green,Mandarin,Slim,Striped,1781,3,1
M,Full,Black,Round,Regular,Printed,518,1,1
XL,Sleeveless,Black,Mandarin,Loose,Striped,1436,8,0
L,Full,Red,Mandarin,Slim,Striped,797,3,0
XL,Full,Black,Mandarin,Regular,Printed,2555,1,0
L,Half,Yellow,Mandarin,Slim,Printed,699,4,1
XL,Full,Green,Mandarin,Regular,Solid,1008,2,0
M,Half,Green,Polo,Loose,Striped,500,3,0
L,Sleeveless,White,Polo,Loose,Solid,679,1,1
XL,Full,Black,Polo,Regular,Printed,1539,2,0
XL,Half,Red,V-Neck,Regular,Checked,2240,6,0
XL,Full,Blue,Mandarin,Slim,Checked,2171,5,1
M,Half,White,Round,Regular,Checked,391,1,0
L,Full,White,V-Neck,Slim,Solid,1152,2,0
L,Sleeveless,Yellow,V-Neck,Regular,Solid,2426,7,0
S,Sleeveless,Red,Mandarin,Slim,Printed,724,2,0
M,Half,Red,Polo,Slim,Striped,694,6,1
M,Half,Yellow,Round,Regular,Solid,1444,3,1
M,Half,White,V-Neck,Slim,Solid,2479,1,1
M,Half,Blue,Mandarin,Regular,Checked,1246,3,0
S,Sleeveless,Green,Polo,Slim,Striped,956,5,0
M,Full,White,Round,Regular,Striped,1888,2,1
L,Half,Red,Mandarin,Regular,Solid,1104,5,1
S,Sleeveless,Green,V-Neck,Regular,Striped,1923,1,0
L,Half,Red,Polo,Slim,Printed,834,0,1
L,Sleeveless,Black,Round,Regular,Solid,240,0,0
S,Full,Yellow,Polo,Loose,Printed,1855,4,0
M,Full,Green,Mandarin,Regular,Printed,1848,2,0
XL,Half,White,V-Neck,Loose,Printed,1261,0,0
M,Full,White,Mandarin,Slim,Solid,2061,2,0
L,Half,Red,Round,Regular,Striped,1140,2,0
M,Half,Blue,Mandarin,Regular,Solid,1089,8,1
L,Half,White,Round,Loose,Checked,2750,4,0
S,Half,Black,Polo,Loose,Striped,232,1,0
L,Half,Blue,Polo,Loose,Striped,1356,5,0
S,Full,Red,Polo,Loose,Checked,296,4,0
S,Sleeveless,Green,Round,Regular,Checked,1512,9,0
L,Half,White,Polo,Slim,Printed,521,3,0
XL,Full,Red,V-Neck,Regular,Solid,2421,0,1
L,Half,Red,V-Neck,Regular,Printed,839,3,0
M,Full,Red,V-Neck,Slim,Striped,1808,3,0
S,Half,Blue,V-Neck,Regular,Striped,2173,0,1
L,Half,Black,V-Neck,Regular,Solid,1231,0,0
M,Full,Black,V-Neck,Loose,Checked,2093,9,0
M,Half,Green,Polo,Slim,Striped,2759,4,0
S,Full,Green,Polo,Slim,Solid,1945,4,1
XL,Half,White,Round,Slim,Printed,734,1,0
L,Full,Black,V-Neck,Regular,Solid,1602,6,1
M,Full,Red,V-Neck,Loose,Solid,370,9,0
M,Full,Black,Round,Regular,Solid,367,0,0
M,Half,Red,Mandarin,Loose,Striped,1715,7,0
L,Full,Black,Round,Slim,Printed,2956,0,0
L,Full,Blue,Mandarin,Slim,Striped,516,4,0
L,Half,Blue,Round,Loose,Solid,569,5,0
XL,Half,Blue,Round,Loose,Striped,334,0,0
M,Half,Blue,Mandarin,Loose,Printed,2019,5,0
M,Full,Black,Mandarin,Slim,Solid,1316,3,0
S,Half,Blue,Mandarin,Loose,Printed,1615,10,0
XL,Full,Green,V-Neck,Loose,Striped,2919,7,0
M,Sleeveless,Green,V-Neck,Loose,Printed,1870,8,1
S,Full,Green,Mandarin,Regular,Solid,404,0,0
M,Full,Red,V-Neck,Regular,Printed,612,3,0
S,Half,Red,Round,Regular,Checked,956,3,1
M,Full,Blue,Mandarin,Loose,Printed,238,3,1
XL,Sleeveless,White,Polo,Regular,Striped,2357,7,0
M,Half,Red,Round,Slim,Printed,920,1,1
XL,Half,Red,Mandarin,Regular,Striped,2680,7,0
M,Half,Black,Polo,Regular,Printed,581,2,1
M,Full,Black,Mandarin,Slim,Printed,514,2,0
L,Sleeveless,White,Round,Regular,Striped,769,0,0
S,Sleeveless,Red,Polo,Loose,Solid,1733,7,0
S,Half,Black,Polo,Regular,Striped,540,1,0
M,Full,Blue,V-Neck,Regular,Striped,317,1,1
L,Half,Blue,Round,Loose,Solid,1324,2,1
L,Half,Red,V-Neck,Regular,Printed,720,5,1
M,Sleeveless,White,Round,Slim,Solid,2650,1,0
S,Half,Yellow,Round,Loose,Striped,532,0,1
M,Full,Red,Round,Slim,Striped,437,3,1
M,Sleeveless,Black,Polo,Slim,Checked,200,1,0
XL,Sleeveless,Yellow,Round,Slim,Striped,2399,5,0
M,Full,Black,V-Neck,Regular,Solid,531,0,1
M,Half,Red,Polo,Loose,Checked,2665,0,0
M,Half,Green,Round,Loose,Solid,488,2,0
M,Full,Green,Polo,Loose,Printed,532,7,0
M,Sleeveless,Black,Round,Slim,Printed,2445,9,0
L,Sleeveless,Blue,Round,Regular,Solid,1447,3,0
L,Full,Black,Round,Slim,Solid,1139,2,1
M,Half,White,Mandarin,Loose,Solid,210,6,1
M,Half,White,Mandarin,Slim,Printed,1409,0,0
M,Half,Blue,V-Neck,Slim,Printed,2005,4,1
L,Half,Black,Round,Slim,Solid,728,0,0
M,Half,White,Round,Slim,Solid,1947,3,0
M,Half,Red,Round,Slim,Checked,3000,2,0
S,Sleeveless,Blue,Round,Regular,Printed,1020,0,0
XL,Half,Blue,V-Neck,Slim,Solid,1236,0,1
S,Full,Green,Polo,Slim,Solid,1204,1,1
L,Full,White,Mandarin,Regular,Striped,383,3,0
M,Sleeveless,Blue,Polo,Regular,Striped,2294,2,1
S,Sleeveless,Blue,V-Neck,Slim,Checked,558,5,1
S,Full,Yellow,Round,Regular,Checked,367,1,0
M,Half,Blue,Polo,Loose,Striped,1092,2,0
M,Half,White,Mandarin,Regular,Solid,3000,2,1
S,Full,Black,V-Neck,Regular,Solid,2270,1,1
M,Full,White,Round,Regular,Checked,2352,1,0
M,Sleeveless,Green,Polo,Regular,Printed,2026,2,0
S,Full,Black,Round,Regular,Solid,445,0,0
S,Full,Red,Round,Slim,Printed,1200,2,1
XL,Half,White,V-Neck,Loose,Checked,2719,2,0
L,Full,Yellow,Round,Regular,Printed,942,1,1
XL,Sleeveless,Black,V-Neck,Loose,Solid,1193,2,0
L,Half,Black,Round,Regular,Printed,1627,1,1
M,Sleeveless,Black,V-Neck,Slim,Solid,965,0,1
M,Half,Red,Polo,Slim,Solid,200,2,0
XL,Full,Black,Polo,Regular,Checked,726,6,1
L,Sleeveless,White,Mandarin,Slim,Striped,1254,1,1
M,Half,Red,Polo,Loose,Striped,1409,1,1
L,Sleeveless,White,Mandarin,Loose,Solid,1368,1,0
L,Sleeveless,White,V-Neck,Regular,Printed,1375,0,0
M,Full,White,Polo,Regular,Printed,2101,1,0
M,Full,White,Polo,Slim,Printed,1398,0,1
S,Half,Red,V-Neck,Regular,Checked,2187,2,0
XL,Full,Green,Round,Slim,Striped,1054,2,1
L,Half,Red,Round,Regular,Striped,1265,3,1
M,Sleeveless,Yellow,Round,Loose,Striped,2973,1,0
M,Full,White,Polo,Slim,Striped,1699,4,0
L,Half,Red,Mandarin,Regular,Striped,1015,1,0
XL,Half,Yellow,V-Neck,Regular,Printed,3000,2,0
M,Full,White,Polo,Regular,Striped,2575,7,1
S,Full,Black,Mandarin,Slim,Solid,555,10,0
M,Full,Yellow,Polo,Loose,Printed,1192,2,0
XL,Half,Green,Polo,Slim,Solid,1323,4,0
L,Full,White,Mandarin,Slim,Checked,2207,0,0
XL,Half,Black,Polo,Slim,Solid,1834,3,0
M,Half,Black,V-Neck,Loose,Striped,1920,0,0
S,Half,Black,Round,Regular,Striped,726,3,0
XL,Full,Red,Round,Regular,Checked,2084,5,0
L,Full,Black,Polo,Loose,Striped,1247,1,0
M,Half,White,Round,Regular,Striped,393,9,0
M,Full,Blue,V-Neck,Regular,Solid,759,1,1
S,Half,Red,Round,Loose,Solid,982,3,0
M,Half,Black,Round,Slim,Checked,802,3,1
XL,Full,Black,Polo,Slim,Solid,648,2,1
M,Full,Blue,Mandarin,Slim,Printed,321,0,1
M,Full,Red,V-Neck,Regular,Striped,393,2,0
L,Sleeveless,Yellow,Round,Slim,Checked,532,1,0
M,Sleeveless,White,Round,Slim,Printed,272,2,1
M,Full,Red,Round,Regular,Checked,685,4,1
XL,Half,Blue,V-Neck,Slim,Printed,2183,3,0
M,Full,Yellow,Round,Regular,Striped,1718,3,0
M,Sleeveless,Yellow,Round,Slim,Solid,396,1,0
S,Half,Black,Round,Loose,Solid,1109,8,0
M,Half,Blue,Round,Slim,Checked,285,3,0
XL,Full,Red,V-Neck,Regular,Solid,918,4,0
L,Half,Red,V-Neck,Regular,Solid,3000,1,0
M,Half,Black,Round,Slim,Solid,527,4,1
L,Half,Green,Polo,Regular,Printed,297,5,0
L,Half,Yellow,V-Neck,Slim,Printed,1066,2,0
S,Sleeveless,Black,V-Neck,Regular,Printed,877,2,0
L,Full,Green,Polo,Regular,Checked,1818,2,0
L,Half,White,V-Neck,Slim,Solid,2712,0,0
L,Sleeveless,Red,Round,Loose,Printed,2990,4,0
L,Half,Green,Polo,Slim,Solid,682,0,0
S,Half,White,Polo,Loose,Solid,1465,0,0
S,Full,Black,V-Neck,Loose,Striped,580,3,0
S,Half,Red,Round,Loose,Solid,988,1,1
M,Sleeveless,Black,V-Neck,Loose,Printed,1453,4,0
M,Full,White,V-Neck,Slim,Striped,322,4,0
S,Half,Yellow,Polo,Regular,Printed,2101,5,0
M,Sleeveless,Red,Round,Loose,Solid,799,3,0
M,Full,Black,V-Neck,Regular,Striped,1890,0,1
L,Half,Black,V-Neck,Regular,Printed,325,0,1
L,Sleeveless,White,Round,Slim,Solid,1830,2,0
M,Full,Yellow,Round,Slim,Printed,550,3,1
L,Half,Blue,V-Neck,Loose,Printed,2918,2,1
L,Full,Blue,Mandarin,Regular,Printed,288,4,0
S,Full,Black,Mandarin,Slim,Solid,1023,1,0
S,Half,Red,Round,Loose,Printed,883,6,0
M,Sleeveless,Red,Round,Regular,Printed,869,0,0
M,Full,Yellow,Polo,Slim,Striped,2136,9,1
L,Half,Blue,Polo,Regular,Solid,926,1,1
S,Half,Blue,Polo,Loose,Printed,400,3,0
L,Half,Green,V-Neck,Slim,Solid,1759,0,1
L,Sleeveless,Green,V-Neck,Slim,Striped,1624,5,0
M,Full,Blue,Round,Slim,Checked,1025,0,0
S,Half,White,V-Neck,Slim,Solid,1591,5,1
M,Full,Green,Round,Regular,Printed,566,0,1
S,Half,Blue,V-Neck,Regular,Solid,230,8,1
L,Half,Blue,Round,Loose,Printed,1576,1,1
L,Half,White,Polo,Slim,Solid,2903,3,1
S,Full,Blue,Polo,Regular,Solid,1380,5,0
S,Half,White,Polo,Slim,Striped,729,0,0
M,Half,White,V-Neck,Regular,Printed,548,1,1
M,Half,Red,Mandarin,Regular,Striped,607,2,0
S,Half,Green,Polo,Regular,Checked,2783,5,0
XL,Half,Yellow,Round,Regular,Solid,2220,4,0
L,Full,White,Mandarin,Loose,Striped,2903,0,0
M,Half,Red,Mandarin,Slim,Solid,1859,2,0
M,Sleeveless,Black,Polo,Slim,Printed,1842,5,0
S,Sleeveless,White,Mandarin,Regular,Printed,995,3,1
M,Full,White,Polo,Regular,Striped,854,4,0
S,Half,Black,V-Neck,Loose,Striped,2856,4,0
M,Half,Black,Polo,Loose,Solid,810,4,0
M,Half,Green,Polo,Slim,Checked,1952,6,1
XL,Sleeveless,Yellow,Polo,Regular,Checked,898,0,0
M,Half,Red,Round,Loose,Solid,793,2,0
M,Half,White,V-Neck,Regular,Printed,2391,3,1
M,Full,Blue,Polo,Regular,Printed,1563,7,0
XL,Sleeveless,Green,Polo,Regular,Striped,1870,8,0
M,Sleeveless,Green,V-Neck,Regular,Checked,966,3,0
M,Full,Blue,Polo,Slim,Solid,2872,10,1
L,Sleeveless,Black,V-Neck,Loose,Solid,2065,6,1
L,Full,Red,Round,Regular,Printed,1816,3,0
L,Half,Yellow,Mandarin,Loose,Printed,1154,3,0
L,Half,Black,Round,Regular,Checked,1338,3,0
L,Half,Yellow,V-Neck,Slim,Striped,1413,5,1
S,Half,White,Polo,Regular,Printed,1660,3,0
M,Half,Green,V-Neck,Loose,Solid,795,3,1
L,Sleeveless,White,Round,Slim,Solid,1847,8,0
M,Sleeveless,Green,Round,Slim,Checked,956,0,1
M,Full,Green,Polo,Regular,Printed,941,3,1
XL,Full,Yellow,Polo,Regular,Printed,1083,4,0
XL,Half,Green,Round,Loose,Printed,1652,1,1
M,Half,Red,V-Neck,Slim,Striped,537,1,1
M,Half,Black,Round,Regular,Solid,2323,7,0
M,Full,Green,V-Neck,Regular,Solid,2198,8,1
L,Half,Blue,Polo,Regular,Printed,959,2,0
S,Full,White,Round,Slim,Solid,400,0,0
XL,Sleeveless,Black,Mandarin,Loose,Striped,2013,6,1
M,Sleeveless,Red,Round,Slim,Printed,517,2,1
M,Full,Yellow,Polo,Regular,Checked,1021,2,1
L,Full,White,Round,Regular,Checked,1839,0,0
L,Sleeveless,Blue,Polo,Regular,Printed,1124,7,0
M,Half,Red,Mandarin,Regular,Solid,2712,0,0
M,Sleeveless,Green,Round,Loose,Striped,1514,1,0
S,Half,Yellow,V-Neck,Loose,Solid,482,1,0
XL,Sleeveless,Green,Round,Slim,Checked,388,0,1
XL,Sleeveless,Black,V-Neck,Loose,Printed,579,5,0
L,Full,Blue,Polo,Loose,Solid,2283,0,0
S,Full,Yellow,V-Neck,Regular,Solid,872,2,0
XL,Half,Red,Polo,Slim,Striped,2761,1,0
M,Half,White,V-Neck,Regular,Solid,1634,4,1
M,Sleeveless,Blue,V-Neck,Slim,Printed,1750,3,0
M,Full,White,Polo,Slim,Checked,1270,4,0
XL,Half,Red,Mandarin,Regular,Printed,797,2,1
S,Sleeveless,White,V-Neck,Loose,Striped,431,3,0
M,Full,Black,Polo,Loose,Checked,625,0,0
L,Half,Red,V-Neck,Regular,Checked,2386,4,0
L,Full,White,Mandarin,Slim,Striped,597,0,1
S,Full,Red,Round,Regular,Printed,425,7,1
S,Sleeveless,Blue,Mandarin,Regular,Printed,1509,2,0
M,Sleeveless,White,V-Neck,Slim,Printed,536,2,0
M,Half,Black,Mandarin,Slim,Striped,1762,2,0
L,Sleeveless,Black,Round,Regular,Solid,1458,7,1
M,Half,Blue,Round,Regular,Printed,1460,8,1
L,Half,Blue,Round,Loose,Striped,2139,0,0
XL,Full,Red,Round,Slim,Solid,837,2,1
L,Full,Red,Mandarin,Loose,Solid,681,3,0
M,Sleeveless,Red,Polo,Regular,Solid,2671,8,0
S,Full,Green,V-Neck,Slim,Solid,485,6,0
S,Full,Green,Round,Regular,Striped,995,2,1
M,Half,Yellow,Polo,Slim,Solid,1071,3,0
L,Half,White,Round,Loose,Checked,2783,6,0
M,Half,Blue,Polo,Loose,Solid,1070,3,1
M,Sleeveless,Black,Polo,Regular,Striped,2888,3,0
S,Half,Red,V-Neck,Slim,Checked,620,9,1
M,Full,Yellow,Mandarin,Loose,Solid,2128,6,0
XL,Half,Blue,V-Neck,Regular,Printed,1462,2,0
M,Half,Blue,V-Neck,Slim,Printed,1828,7,0
M,Half,Red,V-Neck,Slim,Striped,617,2,1
L,Full,Black,Round,Slim,Solid,687,6,1
S,Full,Black,Mandarin,Regular,Solid,1045,0,0
L,Sleeveless,Yellow,Mandarin,Loose,Solid,473,3,0
M,Half,White,Polo,Slim,Checked,772,8,0
M,Full,White,Round,Regular,Checked,2953,0,1
M,Full,Red,V-Neck,Regular,Solid,1489,8,0
S,Half,Yellow,V-Neck,Slim,Solid,885,3,1
S,Full,Green,Polo,Slim,Solid,2077,1,1
L,Full,Yellow,Polo,Regular,Solid,684,5,0
L,Half,Black,Round,Loose,Solid,641,2,1
XL,Half,Green,Round,Regular,Solid,701,8,0
L,Full,Black,Polo,Loose,Striped,1015,3,0
M,Half,Blue,Mandarin,Loose,Striped,481,4,0
S,Sleeveless,Green,Polo,Slim,Solid,919,10,1
L,Sleeveless,White,V-Neck,Regular,Solid,397,1,0
L,Full,White,Round,Regular,Printed,669,1,1
M,Half,Green,Mandarin,Slim,Checked,506,1,0
M,Half,Red,V-Neck,Loose,Striped,1552,1,0
M,Full,White,Round,Loose,Solid,533,1,0
XL,Full,Yellow,Round,Regular,Striped,613,2,0
L,Half,Blue,Polo,Regular,Printed,1889,6,1
L,Full,Black,V-Neck,Regular,Solid,1934,1,1
S,Half,Green,Round,Regular,Printed,794,4,1
M,Half,White,Round,Slim,Printed,1856,3,0
L,Sleeveless,Black,Mandarin,Regular,Solid,1593,1,0
S,Full,Blue,Round,Slim,Solid,229,0,0
L,Full,Blue,Round,Slim,Solid,1231,0,0
L,Full,Red,Polo,Slim,Printed,924,0,1
M,Full,Red,Polo,Slim,Solid,812,5,1
XL,Full,Green,Polo,Loose,Solid,1968,1,0
M,Half,Yellow,V-Neck,Loose,Checked,1446,6,0
S,Half,Red,Polo,Regular,Solid,770,7,0
S,Sleeveless,Yellow,V-Neck,Slim,Solid,479,1,0
S,Half,White,Round,Regular,Printed,916,1,1
M,Sleeveless,Black,Polo,Regular,Solid,873,3,0
XL,Full,Blue,V-Neck,Slim,Striped,2182,7,0
S,Sleeveless,Red,Mandarin,Slim,Solid,1178,6,0
M,Sleeveless,Red,Mandarin,Regular,Printed,1577,0,0
M,Half,Green,V-Neck,Loose,Checked,2771,5,0
M,Sleeveless,Red,Mandarin,Slim,Printed,361,2,0
XL,Sleeveless,Blue,Round,Loose,Printed,774,2,1
XL,Full,White,Round,Slim,Printed,904,1,0
M,Full,Green,V-Neck,Slim,Checked,1709,6,0
S,Half,Yellow,Mandarin,Regular,Solid,1543,3,0
S,Half,White,Mandarin,Slim,Printed,347,0,0
M,Sleeveless,Black,V-Neck,Regular,Printed,1125,0,1
L,Half,Blue,V-Neck,Regular,Striped,1080,9,1
M,Half,Green,Mandarin,Regular,Striped,1514,7,0
XL,Full,Green,Mandarin,Regular,Checked,1745,3,0
M,Full,Blue,Polo,Regular,Solid,1320,0,1
L,Full,Yellow,V-Neck,Regular,Solid,1036,7,1
S,Full,Blue,Round,Loose,Solid,611,6,1
M,Half,Green,Mandarin,Regular,Striped,546,2,0
XL,Full,Red,Polo,Regular,Striped,1586,2,0
M,Half,Blue,Mandarin,Loose,Striped,2274,7,0
S,Half,Blue,V-Neck,Loose,Printed,2673,2,1
S,Half,Red,Mandarin,Slim,Checked,902,0,0
XL,Sleeveless,White,Round,Slim,Printed,1125,3,0
M,Half,Black,Polo,Regular,Solid,603,2,0
L,Full,White,Mandarin,Slim,Printed,270,3,0
L,Full,Blue,Round,Slim,Printed,1804,0,0
M,Sleeveless,Blue,V-Neck,Regular,Solid,1355,3,0
L,Half,Red,V-Neck,Regular,Striped,714,6,0
M,Full,Blue,Mandarin,Regular,Solid,656,2,0
S,Full,Black,Polo,Regular,Striped,221,0,1
L,Full,Black,Polo,Regular,Solid,2806,2,0
L,Full,Black,V-Neck,Regular,Printed,1562,3,0
XL,Half,Black,Round,Slim,Printed,562,5,0
S,Half,Blue,V-Neck,Regular,Striped,990,1,1
M,Half,Yellow,V-Neck,Slim,Checked,1142,2,0
S,Half,Yellow,Round,Regular,Striped,2323,1,0
M,Full,Blue,Round,Regular,Printed,809,1,0
M,Half,Black,Polo,Loose,Checked,1052,7,1
S,Full,Yellow,V-Neck,Regular,Checked,1709,10,0
S,Sleeveless,White,V-Neck,Slim,Printed,273,1,1
S,Full,Blue,Round,Slim,Solid,1949,2,0
L,Half,Black,V-Neck,Regular,Solid,2814,4,0
M,Sleeveless,White,Polo,Slim,Striped,814,0,0
L,Sleeveless,Blue,Round,Regular,Printed,1125,3,1
L,Full,White,Round,Slim,Striped,436,1,0
L,Sleeveless,Yellow,Mandarin,Regular,Striped,902,0,0
L,Sleeveless,Green,Mandarin,Slim,Solid,598,2,0
L,Half,Blue,Polo,Slim,Solid,952,2,1
XL,Sleeveless,Blue,Round,Slim,Solid,2095,1,0
L,Full,White,Mandarin,Slim,Solid,775,0,0
M,Full,Black,Mandarin,Regular,Checked,289,0,1
L,Full,Black,V-Neck,Slim,Striped,708,3,1
M,Full,White,Polo,Loose,Checked,1085,4,0
XL,Full,Green,Mandarin,Regular,Striped,2599,2,0
S,Half,Red,Polo,Loose,Checked,2580,3,0
M,Half,Red,Polo,Slim,Striped,1115,3,1
M,Half,Yellow,V-Neck,Regular,Printed,332,0,0
L,Half,Red,V-Neck,Regular,Printed,1929,3,0
L,Full,Blue,Round,Regular,Printed,570,1,1
M,Half,Red,Round,Regular,Solid,793,1,0
S,Half,Yellow,Mandarin,Regular,Printed,2943,7,0
XL,Full,Blue,Round,Slim,Solid,350,9,0
S,Half,Black,Round,Regular,Checked,718,2,0
XL,Half,Green,Polo,Loose,Striped,370,3,0
S,Full,Green,Polo,Slim,Striped,592,1,1
M,Half,White,V-Neck,Loose,Striped,2053,2,0
XL,Half,Red,Polo,Slim,Checked,685,8,0
L,Full,Blue,Round,Slim,Checked,1449,4,1
XL,Full,Blue,Round,Loose,Printed,468,4,1
M,Full,Red,Round,Slim,Striped,2910,5,1
XL,Sleeveless,Black,V-Neck,Regular,Solid,610,1,0
S,Sleeveless,Black,Polo,Loose,Striped,220,6,0
M,Half,Green,V-Neck,Regular,Solid,1363,1,0
XL,Full,Blue,Polo,Regular,Checked,2936,8,0
S,Full,White,V-Neck,Loose,Checked,1906,6,0
XL,Half,Green,Round,Regular,Checked,2815,2,0
S,Full,Green,Round,Loose,Solid,482,0,0
L,Sleeveless,Blue,Mandarin,Regular,Printed,1205,3,0
XL,Sleeveless,Blue,Polo,Loose,Checked,213,4,0
L,Sleeveless,Yellow,Polo,Regular,Solid,462,1,0
L,Sleeveless,White,Mandarin,Regular,Striped,2755,5,0
S,Full,White,Polo,Loose,Striped,1151,1,1
XL,Full,White,Round,Slim,Striped,2175,6,1
L,Sleeveless,Green,V-Neck,Loose,Solid,1314,1,1
XL,Half,Blue,Mandarin,Regular,Printed,702,8,0
M,Half,Black,V-Neck,Loose,Striped,2729,3,0
M,Sleeveless,Green,V-Neck,Loose,Solid,2412,8,0
XL,Sleeveless,Green,Polo,Loose,Checked,627,2,0
M,Half,Black,Mandarin,Regular,Striped,2292,6,1
S,Full,Red,Polo,Loose,Solid,963,1,1
L,Half,Yellow,Polo,Loose,Solid,2393,6,0
S,Half,Black,Round,Slim,Checked,1908,1,1
S,Full,Blue,Round,Regular,Solid,3000,0,0
L,Half,Blue,Round,Regular,Solid,343,0,1
XL,Half,Black,V-Neck,Loose,Printed,2039,5,1
S,Full,White,Round,Regular,Solid,1864,3,1
M,Sleeveless,Red,V-Neck,Slim,Checked,1107,3,1
M,Full,Blue,Round,Loose,Printed,1270,6,1
M,Full,Blue,Round,Regular,Checked,2254,7,0
L,Full,Red,V-Neck,Regular,Printed,1134,1,0
M,Full,Black,Polo,Regular,Solid,250,2,0
M,Half,White,Round,Slim,Solid,818,2,1
M,Full,White,Round,Slim,Striped,2201,4,0
L,Full,White,Polo,Loose,Printed,1974,5,0
S,Full,Blue,V-Neck,Slim,Printed,838,8,0
L,Sleeveless,Black,V-Neck,Slim,Solid,661,1,1
L,Half,Blue,Polo,Slim,Printed,1625,0,0
L,Full,Green,Round,Regular,Checked,643,0,0
M,Sleeveless,Blue,Polo,Slim,Striped,1469,1,0
L,Full,Black,V-Neck,Slim,Checked,991,9,1
XL,Full,White,Mandarin,Regular,Printed,2804,6,0
M,Half,White,Mandarin,Loose,Solid,353,3,0
XL,Sleeveless,Blue,Round,Regular,Striped,1416,3,1
M,Full,Red,Polo,Slim,Printed,3000,0,1
L,Half,Green,Mandarin,Regular,Striped,1956,2,0
L,Sleeveless,White,V-Neck,Slim,Solid,2278,10,0
S,Sleeveless,Red,V-Neck,Regular,Printed,1505,0,0
M,Half,Black,Polo,Loose,Solid,233,2,0
L,Full,Black,Round,Regular,Striped,2987,0,0
XL,Sleeveless,Green,Mandarin,Regular,Striped,659,8,1
XL,Sleeveless,Green,Mandarin,Regular,Striped,531,3,0
L,Half,Blue,Round,Slim,Checked,527,0,0
M,Full,White,Mandarin,Slim,Printed,2652,4,0
L,Half,Blue,V-Neck,Loose,Printed,2789,2,0
XL,Full,White,V-Neck,Loose,Solid,896,5,1
M,Half,Green,V-Neck,Regular,Checked,808,3,1
S,Full,Green,V-Neck,Loose,Striped,1428,3,1
M,Sleeveless,Blue,Round,Loose,Striped,558,0,0
M,Full,White,Polo,Regular,Printed,1135,4,0
S,Sleeveless,Blue,Round,Regular,Striped,922,2,0
L,Half,Blue,Mandarin,Regular,Striped,722,3,1
M,Sleeveless,White,Mandarin,Regular,Striped,819,2,0
M,Full,Yellow,Round,Slim,Printed,679,0,1
M,Full,Yellow,Round,Slim,Solid,1035,4,1
L,Half,Blue,Mandarin,Regular,Striped,396,3,0
XL,Sleeveless,Blue,Polo,Slim,Striped,1537,5,1
M,Full,Red,Mandarin,Regular,Printed,1728,8,0
M,Half,White,Polo,Regular,Printed,612,2,1
M,Half,Red,Mandarin,Slim,Solid,352,1,1
M,Full,Green,Round,Slim,Solid,238,2,1
M,Sleeveless,Green,V-Neck,Slim,Solid,909,4,0
L,Half,Black,Mandarin,Slim,Solid,355,1,0
L,Sleeveless,Yellow,Round,Loose,Striped,1113,1,0
L,Sleeveless,Blue,Round,Loose,Solid,512,2,1
M,Full,Yellow,Round,Regular,Checked,1822,4,0
M,Half,Black,Mandarin,Slim,Checked,893,3,1
M,Sleeveless,Blue,V-Neck,Regular,Striped,581,0,0
S,Full,White,Mandarin,Regular,Solid,887,1,1
L,Full,Blue,Round,Slim,Printed,2830,2,1
M,Sleeveless,White,Round,Slim,Solid,1765,2,1
M,Sleeveless,Black,Polo,Loose,Printed,1186,3,1
L,Full,Blue,Polo,Regular,Checked,2681,7,0
L,Half,White,Polo,Loose,Printed,2528,2,0
L,Half,Green,Round,Regular,Printed,940,6,1
M,Full,Blue,Round,Regular,Solid,1594,0,0
M,Full,Black,Round,Slim,Solid,2683,0,0
M,Sleeveless,White,Polo,Regular,Striped,692,3,1
L,Full,Green,Polo,Loose,Solid,2343,0,1
XL,Sleeveless,Green,Round,Slim,Printed,2283,6,1
M,Sleeveless,Black,V-Neck,Slim,Solid,1343,0,1
M,Sleeveless,Yellow,V-Neck,Regular,Striped,2378,0,0
M,Full,Black,Polo,Slim,Solid,635,3,1
L,Full,Black,Polo,Loose,Solid,2225,10,0
M,Half,Black,V-Neck,Loose,Printed,2273,2,0
XL,Full,Green,Polo,Slim,Striped,980,0,0
L,Full,Yellow,Round,Loose,Solid,215,2,0
M,Half,Green,Round,Regular,Striped,631,4,1
M,Half,Red,Polo,Slim,Checked,1436,2,0
L,Half,White,Round,Regular,Striped,2816,7,1
S,Sleeveless,Black,Polo,Loose,Solid,1910,1,0
S,Sleeveless,Yellow,Polo,Regular,Printed,368,2,1
S,Sleeveless,Red,Polo,Regular,Printed,977,0,0
L,Half,Black,Polo,Regular,Striped,2410,0,1
L,Half,Green,V-Neck,Loose,Printed,1424,9,1
L,Sleeveless,Red,Mandarin,Loose,Solid,1652,1,0
M,Sleeveless,Black,Round,Slim,Striped,851,3,1
L,Full,Green,Polo,Slim,Solid,2005,3,1
S,Full,White,Polo,Regular,Solid,435,3,0
L,Half,White,Polo,Loose,Printed,2537,6,0
M,Sleeveless,Blue,Round,Loose,Solid,465,3,1
M,Full,Red,Round,Loose,Printed,632,1,1
M,Half,Yellow,V-Neck,Regular,Printed,717,1,0
L,Half,Red,Mandarin,Slim,Solid,853,2,1
L,Full,Green,Polo,Regular,Printed,778,0,0
S,Sleeveless,Black,V-Neck,Regular,Checked,2501,4,0
L,Full,Black,Mandarin,Regular,Printed,1535,1,0
M,Half,Blue,Round,Regular,Printed,1658,6,1
XL,Half,Green,Mandarin,Slim,Solid,1977,5,1
L,Sleeveless,Black,Round,Slim,Checked,1042,1,1
S,Half,Red,V-Neck,Slim,Striped,1745,3,0
M,Half,Blue,Mandarin,Regular,Printed,607,0,1
M,Half,Yellow,Polo,Slim,Printed,1846,1,0
XL,Sleeveless,Yellow,Round,Regular,Printed,2196,8,0
M,Half,White,Round,Slim,Solid,758,0,1
S,Half,Green,Mandarin,Loose,Checked,2571,3,0
S,Half,Blue,Round,Regular,Printed,2223,6,1
L,Sleeveless,Black,V-Neck,Regular,Striped,1973,2,0
M,Half,Black,V-Neck,Slim,Checked,1437,2,1
S,Full,Red,Round,Loose,Printed,1726,0,0
M,Sleeveless,Black,Mandarin,Slim,Solid,692,4,0
XL,Sleeveless,Black,Round,Slim,Checked,1149,1,0
M,Half,Red,V-Neck,Loose,Checked,1858,5,0
L,Full,Blue,Polo,Regular,Solid,527,1,1
L,Half,Black,V-Neck,Slim,Striped,541,2,1
L,Full,Red,Polo,Slim,Striped,898,10,1
L,Sleeveless,Green,V-Neck,Slim,Striped,2629,3,0
S,Full,Blue,V-Neck,Loose,Printed,552,8,1
L,Sleeveless,Yellow,V-Neck,Regular,Checked,1827,9,0
S,Half,White,Mandarin,Slim,Checked,2080,0,0
M,Sleeveless,Green,Round,Regular,Checked,495,6,1
L,Sleeveless,Black,V-Neck,Slim,Solid,1194,6,1
M,Full,White,Polo,Regular,Solid,967,4,1
XL,Half,Green,Round,Slim,Printed,2256,7,1
L,Full,Blue,V-Neck,Regular,Printed,1223,3,0
S,Sleeveless,Blue,Round,Slim,Solid,817,0,1
S,Full,Blue,Round,Regular,Striped,2810,5,0
XL,Full,Black,V-Neck,Slim,Printed,248,2,0
S,Sleeveless,Black,Mandarin,Regular,Solid,1695,5,1
L,Sleeveless,Green,Polo,Slim,Solid,694,6,0
M,Sleeveless,Yellow,Mandarin,Regular,Striped,850,3,1
L,Half,Yellow,Mandarin,Regular,Striped,1092,3,0
L,Sleeveless,White,Round,Slim,Solid,590,1,1
L,Full,White,Round,Slim,Solid,1985,1,0
M,Full,Black,Round,Loose,Checked,872,0,0
M,Full,Black,Polo,Regular,Solid,676,2,1
M,Full,White,Polo,Slim,Solid,707,6,1
M,Half,White,Round,Slim,Printed,543,1,0
XL,Half,Red,Round,Slim,Striped,1620,3,0
L,Sleeveless,Blue,Round,Slim,Solid,289,4,0
M,Full,Blue,Polo,Slim,Striped,796,6,1
XL,Sleeveless,Black,V-Neck,Regular,Solid,1106,3,1
XL,Half,Green,Round,Regular,Solid,875,3,1
S,Sleeveless,Blue,V-Neck,Slim,Printed,2251,3,0
S,Sleeveless,Red,Round,Slim,Printed,386,2,0
L,Half,White,V-Neck,Loose,Printed,1958,8,1
S,Full,Black,Round,Slim,Solid,768,1,1
L,Half,White,Round,Loose,Checked,2512,8,0
S,Sleeveless,White,Polo,Regular,Checked,2783,3,0
S,Sleeveless,White,Mandarin,Loose,Solid,1960,2,0
S,Half,Blue,Mandarin,Loose,Striped,2906,6,0
M,Sleeveless,White,Round,Regular,Striped,652,5,0
M,Sleeveless,Red,Round,Slim,Checked,1841,1,0
M,Full,Yellow,V-Neck,Regular,Solid,779,3,1
S,Sleeveless,Red,Mandarin,Regular,Checked,833,3,0
M,Sleeveless,Green,Polo,Slim,Solid,337,5,0
L,Sleeveless,Blue,Polo,Regular,Solid,1029,0,0
XL,Full,Blue,Round,Regular,Solid,1043,1,1
XL,Sleeveless,Green,Polo,Regular,Checked,2031,5,0
XL,Sleeveless,White,Round,Regular,Solid,2565,2,1
M,Full,Green,V-Neck,Regular,Solid,3000,0,0
L,Full,Black,Polo,Slim,Printed,2864,3,0
L,Half,Red,Round,Regular,Checked,1505,6,0
S,Half,Yellow,Mandarin,Slim,Solid,2679,2,0
S,Sleeveless,Black,V-Neck,Slim,Striped,1612,6,0
L,Sleeveless,White,V-Neck,Loose,Striped,684,0,0
S,Half,Red,V-Neck,Regular,Solid,1124,0,0
M,Full,White,Round,Slim,Solid,490,5,0
L,Full,Black,Round,Loose,Solid,2700,8,0
M,Half,White,Round,Regular,Solid,369,2,0
S,Full,White,V-Neck,Regular,Solid,241,9,0
M,Full,Red,Mandarin,Regular,Printed,471,1,0
XL,Sleeveless,Black,Polo,Regular,Striped,525,2,1
XL,Half,Yellow,Round,Regular,Checked,2161,2,1
XL,Half,Black,Mandarin,Regular,Solid,1292,2,0
S,Sleeveless,Yellow,Round,Regular,Checked,305,3,0
S,Full,White,V-Neck,Slim,Printed,615,3,0
XL,Half,White,Round,Slim,Solid,2764,6,0
M,Full,Red,Round,Regular,Striped,1332,0,0
XL,Half,Black,Round,Regular,Striped,960,0,0
L,Sleeveless,Blue,Polo,Regular,Striped,1013,3,1
M,Half,Black,Polo,Regular,Printed,871,3,1
S,Sleeveless,Green,V-Neck,Slim,Striped,2020,1,0
XL,Sleeveless,Blue,V-Neck,Loose,Printed,578,9,1
L,Sleeveless,Black,V-Neck,Loose,Solid,1051,3,0
L,Half,Blue,V-Neck,Loose,Printed,2395,1,0
L,Sleeveless,Green,Round,Loose,Solid,1630,2,1
XL,Sleeveless,Black,V-Neck,Loose,Printed,372,2,0
L,Sleeveless,Blue,V-Neck,Slim,Solid,1099,2,0
M,Full,Blue,V-Neck,Regular,Solid,1408,6,0
M,Sleeveless,Red,V-Neck,Regular,Checked,335,1,0
M,Sleeveless,Black,Mandarin,Slim,Striped,2953,3,0
M,Half,Yellow,V-Neck,Regular,Solid,439,1,0
XL,Half,Black,V-Neck,Regular,Checked,1140,2,1
L,Sleeveless,Red,V-Neck,Loose,Printed,2007,4,0
M,Full,Green,V-Neck,Slim,Checked,888,3,1
XL,Half,Black,Polo,Slim,Solid,2080,3,0
S,Half,Red,V-Neck,Slim,Solid,1831,1,1
M,Full,White,Round,Slim,Printed,866,5,1
L,Sleeveless,Green,V-Neck,Slim,Checked,477,3,0
XL,Half,White,Mandarin,Slim,Printed,2149,5,0
L,Half,White,Mandarin,Regular,Solid,2657,5,0
XL,Sleeveless,Black,Polo,Loose,Striped,2201,7,1
M,Half,White,V-Neck,Regular,Checked,3000,2,0
M,Half,Blue,V-Neck,Regular,Checked,714,3,0
M,Sleeveless,White,Round,Regular,Solid,694,0,1
XL,Sleeveless,Blue,Polo,Regular,Printed,838,2,0
L,Half,Black,Polo,Slim,Striped,1685,3,0
M,Full,Red,V-Neck,Slim,Solid,937,2,0
L,Full,Red,Polo,Loose,Solid,1508,2,1
XL,Full,Red,Polo,Regular,Solid,1775,3,1
XL,Full,Black,Round,Regular,Solid,456,2,1
XL,Full,Red,V-Neck,Loose,Checked,2763,10,0
XL,Full,Green,Polo,Slim,Checked,506,1,0
M,Full,Black,Round,Slim,Striped,2447,4,0
L,Half,Red,Polo,Slim,Checked,491,4,0
M,Full,Green,Round,Slim,Checked,734,3,0
XL,Full,Blue,V-Neck,Regular,Checked,855,6,1
M,Half,Black,Round,Slim,Printed,1243,3,1
L,Sleeveless,Black,V-Neck,Regular,Solid,2133,6,0
L,Half,Green,Mandarin,Slim,Solid,1420,0,0
L,Sleeveless,Black,Polo,Regular,Striped,430,0,0
S,Sleeveless,Blue,V-Neck,Regular,Printed,418,4,0
M,Sleeveless,Blue,V-Neck,Regular,Solid,2283,0,1
S,Full,Blue,Mandarin,Regular,Solid,1823,9,0
M,Sleeveless,Yellow,Round,Regular,Checked,1523,2,0
L,Full,Black,V-Neck,Regular,Solid,2193,1,0
M,Sleeveless,Green,Round,Regular,Printed,318,0,1
M,Half,Blue,Round,Regular,Checked,2753,3,0
M,Half,White,Polo,Slim,Striped,2161,2,0
XL,Half,Yellow,Round,Regular,Printed,563,1,0
XL,Half,Blue,Polo,Regular,Striped,948,5,1
M,Half,Black,Mandarin,Loose,Solid,540,2,0
XL,Full,Black,Round,Regular,Printed,3000,1,0
L,Sleeveless,Black,V-Neck,Regular,Solid,2911,2,0
M,Sleeveless,White,Polo,Loose,Striped,380,8,0
S,Sleeveless,Blue,V-Neck,Loose,Striped,429,8,1
XL,Sleeveless,Red,Round,Loose,Printed,2957,1,0
S,Half,Red,Mandarin,Regular,Checked,884,3,1
M,Half,Yellow,Mandarin,Regular,Solid,2399,7,0
S,Full,White,Round,Slim,Striped,796,0,0
XL,Half,Blue,Round,Slim,Printed,879,2,1
XL,Sleeveless,Blue,Mandarin,Slim,Solid,2642,7,0
S,Half,Black,Mandarin,Regular,Solid,1606,2,1
L,Sleeveless,Green,Polo,Regular,Printed,883,1,1
S,Sleeveless,White,V-Neck,Regular,Solid,539,3,0
L,Sleeveless,Red,Round,Slim,Solid,1301,3,0
M,Full,Black,Polo,Slim,Checked,479,2,0
M,Full,Black,Round,Regular,Checked,748,2,0
S,Half,Red,Round,Regular,Solid,794,2,0
L,Full,Green,Round,Loose,Checked,573,2,0
M,Half,Red,Mandarin,Slim,Striped,2515,7,0
L,Sleeveless,Black,V-Neck,Regular,Solid,833,1,1
XL,Half,Black,Round,Slim,Solid,1675,1,0
M,Full,Black,Mandarin,Slim,Solid,1907,3,0
XL,Sleeveless,White,Round,Loose,Solid,2497,0,1
M,Half,Yellow,Round,Loose,Printed,431,6,0
S,Full,Blue,Round,Regular,Solid,1306,2,0
S,Half,Blue,Round,Regular,Checked,2505,5,1
M,Half,White,V-Neck,Loose,Striped,2710,5,1
S,Full,Red,Mandarin,Loose,Checked,2983,5,0
S,Full,Blue,Round,Regular,Solid,1006,2,1
S,Full,Yellow,Polo,Loose,Solid,1564,2,0
S,Half,Black,Mandarin,Slim,Printed,221,5,0
M,Full,Green,Polo,Slim,Striped,2232,3,0
XL,Full,White,V-Neck,Regular,Printed,1272,6,0
L,Half,White,Polo,Slim,Solid,2111,6,0
M,Full,Blue,Polo,Loose,Checked,317,2,1
M,Half,Yellow,V-Neck,Regular,Solid,1150,2,1
M,Half,Green,Round,Regular,Checked,2422,3,0
L,Sleeveless,White,Polo,Slim,Striped,439,1,0
S,Full,White,Round,Loose,Striped,488,0,0
S,Sleeveless,Red,V-Neck,Loose,Checked,482,2,0
M,Sleeveless,White,V-Neck,Regular,Solid,1117,0,1
M,Half,Yellow,Round,Slim,Solid,600,1,0
M,Full,White,Round,Slim,Printed,938,4,1
L,Sleeveless,Black,Round,Loose,Solid,924,2,0
S,Full,Green,Mandarin,Regular,Solid,1081,7,1
L,Full,Red,Round,Regular,Checked,1164,0,1
S,Half,Blue,Polo,Regular,Solid,1380,0,1
M,Full,White,Round,Regular,Solid,2425,0,1
L,Half,Yellow,Polo,Slim,Printed,1928,8,0
M,Half,White,Round,Slim,Solid,709,2,1
L,Full,Blue,Round,Regular,Solid,1389,3,0
M,Half,Black,V-Neck,Regular,Solid,1837,4,1
L,Full,Red,Round,Regular,Solid,2327,0,0
XL,Full,White,Polo,Loose,Solid,1620,10,0
S,Half,Red,V-Neck,Slim,Solid,541,3,0
M,Sleeveless,White,V-Neck,Regular,Solid,2146,0,0
M,Half,Red,Polo,Regular,Solid,2321,2,0
M,Full,Yellow,Mandarin,Regular,Solid,2638,1,0
S,Half,Blue,Mandarin,Slim,Striped,1701,7,1
L,Half,White,Polo,Regular,Striped,2349,0,0
S,Full,Black,Round,Loose,Printed,663,1,0
L,Full,White,Round,Loose,Checked,655,2,0
M,Half,Green,V-Neck,Slim,Solid,2092,0,1
XL,Half,Blue,Round,Loose,Solid,771,0,1
XL,Full,Blue,Mandarin,Slim,Checked,1502,2,1
S,Sleeveless,Blue,Round,Slim,Striped,1155,4,0
S,Full,White,V-Neck,Loose,Printed,472,1,0
M,Full,Green,V-Neck,Slim,Solid,544,5,1
S,Half,Red,Round,Loose,Checked,391,0,0
L,Full,Yellow,Round,Loose,Checked,515,0,0
M,Full,Blue,V-Neck,Slim,Checked,1907,6,0
XL,Sleeveless,Blue,Mandarin,Regular,Striped,411,2,0
L,Full,White,Round,Regular,Solid,1034,3,1
S,Half,Blue,Polo,Regular,Striped,1549,5,1
L,Full,White,Polo,Loose,Checked,834,1,0
S,Half,White,Polo,Slim,Checked,1810,0,0
M,Sleeveless,Black,V-Neck,Regular,Solid,846,0,0
L,Full,White,Round,Slim,Solid,1227,0,0
L,Half,Yellow,Round,Slim,Printed,948,0,0
S,Sleeveless,White,Mandarin,Loose,Striped,422,7,0
L,Sleeveless,Black,Round,Regular,Solid,910,3,1
XL,Sleeveless,Green,Round,Regular,Solid,572,6,0
XL,Sleeveless,Black,Mandarin,Loose,Solid,1422,1,1
M,Half,Black,Mandarin,Slim,Printed,1315,4,1
M,Half,Yellow,V-Neck,Regular,Solid,461,1,1
L,Full,Black,Round,Slim,Striped,367,4,0
L,Half,Blue,Round,Loose,Printed,619,2,0
S,Sleeveless,Black,V-Neck,Regular,Checked,1661,6,0
L,Half,Red,Round,Slim,Printed,1408,3,1
L,Full,Blue,Polo,Loose,Striped,288,6,0
S,Half,Blue,Round,Slim,Striped,2294,2,0
XL,Half,White,V-Neck,Regular,Striped,1059,1,0
L,Sleeveless,Yellow,Round,Loose,Solid,1505,3,1
S,Full,Blue,V-Neck,Regular,Striped,727,2,0
M,Half,Yellow,V-Neck,Loose,Printed,2048,10,1
L,Full,Black,Mandarin,Slim,Solid,1985,0,1
M,Full,Blue,Round,Regular,Solid,489,1,1
S,Full,Green,Mandarin,Regular,Checked,581,3,1
XL,Full,Green,Mandarin,Regular,Striped,657,1,0
XL,Full,Blue,Round,Regular,Striped,885,7,1
M,Sleeveless,Black,Round,Slim,Checked,2636,5,0
L,Sleeveless,Yellow,Round,Regular,Solid,3000,1,1
XL,Full,Black,Mandarin,Slim,Printed,656,1,0
L,Half,Blue,Polo,Slim,Solid,272,0,0
XL,Sleeveless,Black,Mandarin,Regular,Solid,369,2,0
S,Full,Green,Round,Slim,Solid,1168,3,1
L,Half,Blue,Polo,Regular,Solid,738,3,0
M,Sleeveless,Green,V-Neck,Regular,Striped,272,3,0
S,Half,Red,Round,Regular,Printed,2044,6,0
L,Half,White,Polo,Slim,Striped,1024,0,0
M,Half,Black,Round,Slim,Solid,2295,8,1
M,Sleeveless,Blue,V-Neck,Slim,Solid,966,1,0
S,Half,White,Round,Slim,Checked,1187,0,1
L,Full,Green,Polo,Loose,Printed,1120,1,0
M,Half,Black,Mandarin,Slim,Printed,974,3,0
L,Sleeveless,White,Round,Slim,Striped,1444,3,0
S,Half,Green,V-Neck,Regular,Checked,1244,0,0
L,Full,White,Round,Regular,Striped,2921,6,0
S,Half,Blue,Polo,Regular,Solid,1253,1,0
S,Full,Blue,Round,Slim,Solid,1539,3,1
M,Full,Black,Round,Regular,Striped,2106,7,0
S,Full,Black,Round,Regular,Striped,2009,8,1
S,Half,Blue,Polo,Loose,Printed,1211,2,0
S,Half,Yellow,Round,Slim,Striped,1156,2,1
XL,Half,Black,Polo,Regular,Solid,684,5,0
L,Full,Black,Round,Regular,Striped,947,0,0
M,Sleeveless,Red,Round,Regular,Striped,2299,2,0
XL,Half,Green,Round,Loose,Striped,1463,1,0
L,Full,Black,Polo,Regular,Solid,2858,3,1
L,Half,Yellow,Mandarin,Slim,Solid,2310,5,0
XL,Sleeveless,Black,Polo,Slim,Solid,203,7,0
M,Full,Black,Mandarin,Regular,Printed,266,2,0
S,Full,Blue,Mandarin,Slim,Solid,2503,5,1
S,Full,White,Round,Loose,Printed,376,3,0
M,Full,Yellow,Polo,Regular,Solid,1359,0,0
M,Full,Black,Round,Loose,Checked,1813,1,1
S,Sleeveless,Red,V-Neck,Regular,Striped,2957,7,0
L,Full,Black,V-Neck,Regular,Solid,948,3,1
XL,Full,Yellow,Mandarin,Slim,Striped,597,1,0
M,Sleeveless,White,V-Neck,Slim,Solid,1856,1,0
M,Full,White,Round,Loose,Solid,2394,0,1
S,Sleeveless,Red,Mandarin,Loose,Striped,2493,1,0
M,Full,Blue,V-Neck,Regular,Solid,630,9,0
XL,Full,Blue,Mandarin,Slim,Solid,2493,5,1
XL,Full,Black,V-Neck,Loose,Checked,249,0,0
L,Sleeveless,Blue,Polo,Loose,Printed,596,0,0
S,Sleeveless,Green,Round,Regular,Checked,981,0,0
S,Full,Black,Polo,Regular,Checked,1284,0,0
L,Full,Black,Mandarin,Regular,Printed,554,1,0
M,Full,Blue,Round,Slim,Striped,661,0,1
S,Half,Red,Round,Slim,Printed,2774,3,1
M,Full,Red,Round,Loose,Checked,2908,5,1
XL,Half,White,V-Neck,Regular,Solid,470,2,0
M,Half,Blue,V-Neck,Regular,Solid,2103,3,0
M,Half,Red,Round,Loose,Printed,2830,4,0
L,Sleeveless,Blue,Polo,Regular,Solid,759,4,0
L,Sleeveless,Red,Round,Loose,Striped,857,1,0
XL,Half,Red,V-Neck,Regular,Checked,696,2,0
M,Full,Yellow,Round,Loose,Printed,1237,2,0
L,Full,Green,Polo,Regular,Printed,770,0,0
L,Sleeveless,Green,Polo,Regular,Solid,634,0,0
L,Full,Blue,Polo,Loose,Printed,2309,0,0
M,Full,Yellow,Mandarin,Loose,Checked,1886,7,1
S,Full,Blue,Polo,Slim,Solid,578,1,0
L,Full,Green,Round,Regular,Solid,785,1,0
S,Half,Green,V-Neck,Loose,Checked,1038,2,1
M,Full,Blue,Round,Slim,Checked,1181,1,1
L,Half,Green,Round,Regular,Checked,692,1,0
M,Sleeveless,White,Polo,Regular,Solid,977,0,1
XL,Full,Blue,Polo,Slim,Solid,2914,2,0
S,Half,White,Mandarin,Slim,Striped,604,1,0
L,Sleeveless,Black,V-Neck,Loose,Solid,1601,2,0
L,Half,Black,Round,Loose,Striped,2995,4,0
M,Half,Blue,Round,Slim,Striped,2501,8,1
L,Half,Green,V-Neck,Regular,Solid,251,0,0
M,Sleeveless,Red,Polo,Loose,Printed,1497,7,1
M,Sleeveless,Yellow,Mandarin,Regular,Checked,1202,4,0
L,Half,Black,Mandarin,Slim,Solid,950,0,1
S,Sleeveless,Black,Polo,Loose,Striped,955,7,1
L,Full,Yellow,Round,Loose,Solid,2879,2,0
M,Half,Blue,Polo,Slim,Striped,514,1,0
M,Sleeveless,Red,Round,Loose,Checked,1528,2,1
L,Full,Black,Polo,Regular,Printed,2045,3,1
S,Full,Black,Polo,Slim,Striped,1868,3,0
M,Sleeveless,White,Round,Regular,Solid,226,3,1
XL,Full,Blue,Mandarin,Loose,Solid,2174,7,1
L,Sleeveless,Black,V-Neck,Loose,Solid,1070,5,0
L,Half,Red,Mandarin,Slim,Striped,1086,1,0
M,Half,White,Mandarin,Regular,Striped,2134,1,0
L,Half,Green,V-Neck,Regular,Printed,2519,9,0
L,Full,Black,Round,Regular,Solid,673,1,0
XL,Half,Yellow,Polo,Loose,Printed,2260,2,0
L,Full,Black,V-Neck,Regular,Solid,2913,0,1
M,Half,Red,V-Neck,Loose,Solid,2894,3,0
S,Sleeveless,Red,Round,Regular,Printed,2297,7,0
L,Sleeveless,Blue,Round,Slim,Printed,949,3,1
S,Full,Blue,Polo,Loose,Striped,599,3,0
XL,Sleeveless,Black,Mandarin,Slim,Printed,1121,1,0
S,Half,White,Mandarin,Regular,Printed,1232,0,0
M,Half,Black,Round,Loose,Striped,1596,2,0
L,Sleeveless,Black,Round,Regular,Striped,1020,3,0
M,Half,Red,Polo,Slim,Checked,653,3,0
S,Half,Blue,Round,Regular,Solid,548,3,1
XL,Sleeveless,Black,Mandarin,Loose,Solid,1667,2,0
S,Half,Black,V-Neck,Loose,Checked,412,3,0
M,Full,White,Mandarin,Slim,Printed,1344,0,1
L,Sleeveless,Red,Polo,Regular,Solid,1315,10,1
XL,Full,Black,Polo,Slim,Printed,1746,0,0
M,Half,Yellow,Polo,Regular,Striped,379,4,0
M,Sleeveless,White,Mandarin,Regular,Solid,1334,3,1
M,Full,Yellow,V-Neck,Slim,Solid,2044,9,0
L,Full,Yellow,Mandarin,Loose,Checked,2380,1,0
M,Full,Black,Round,Slim,Striped,315,0,0
L,Full,Black,Mandarin,Regular,Checked,2848,3,0
M,Half,Black,Round,Regular,Solid,3000,3,1
M,Half,Black,Round,Regular,Striped,1338,0,1
M,Sleeveless,Blue,Round,Slim,Checked,1759,0,0
XL,Full,Red,V-Neck,Slim,Striped,315,1,0
M,Sleeveless,Black,Round,Loose,Striped,685,3,1
L,Half,Blue,Polo,Slim,Checked,850,0,0
M,Half,Blue,Round,Regular,Striped,2178,2,0
L,Half,White,V-Neck,Slim,Striped,1329,4,0
M,Full,White,Round,Slim,Solid,2047,2,0
L,Sleeveless,Yellow,Round,Regular,Printed,740,1,0
M,Half,Black,Mandarin,Loose,Printed,1389,2,0
S,Full,Blue,Mandarin,Slim,Checked,916,0,1
M,Half,Blue,Mandarin,Regular,Striped,2963,4,0
XL,Full,Black,Round,Regular,Checked,2538,2,0
M,Half,Black,Mandarin,Regular,Solid,1461,3,1
M,Full,Black,Round,Slim,Solid,2415,8,0
M,Half,Blue,Round,Slim,Solid,984,2,1
L,Full,Black,Mandarin,Slim,Solid,1444,0,0
L,Half,Black,Mandarin,Loose,Checked,251,5,0
L,Full,Blue,V-Neck,Regular,Striped,2798,2,0
XL,Full,Blue,Round,Regular,Solid,1876,3,0
XL,Full,White,V-Neck,Loose,Checked,1192,1,0
XL,Half,Red,V-Neck,Slim,Printed,1467,0,0
M,Full,Red,Polo,Regular,Solid,2496,1,1
L,Full,Blue,Polo,Slim,Checked,1857,0,0
L,Sleeveless,White,V-Neck,Loose,Solid,1696,1,0
L,Full,Green,V-Neck,Slim,Striped,820,1,1
S,Full,Black,Round,Regular,Solid,747,3,0
L,Full,Red,V-Neck,Regular,Printed,625,1,0
L,Full,Red,V-Neck,Regular,Striped,266,3,0
M,Sleeveless,Blue,V-Neck,Slim,Printed,1183,7,0
XL,Full,White,Mandarin,Loose,Solid,773,1,0
L,Full,Green,Mandarin,Slim,Striped,863,0,0
XL,Half,Black,Polo,Regular,Striped,200,2,1
S,Full,Black,V-Neck,Loose,Solid,1636,1,0
L,Full,Blue,Round,Regular,Printed,549,1,1
XL,Half,Black,V-Neck,Regular,Solid,1209,3,0
M,Half,White,Round,Slim,Solid,604,1,0
XL,Full,White,Polo,Slim,Printed,2776,7,0
L,Half,White,Polo,Regular,Solid,1679,8,0
S,Full,Red,V-Neck,Regular,Printed,906,3,1
L,Sleeveless,Green,Polo,Loose,Checked,1841,3,0
M,Full,Green,Mandarin,Regular,Solid,445,2,0
L,Half,Red,Polo,Regular,Solid,2497,2,0
M,Full,White,Polo,Slim,Solid,1568,1,1
S,Sleeveless,Black,V-Neck,Slim,Solid,1445,2,1
XL,Half,Black,V-Neck,Slim,Solid,851,0,1
M,Sleeveless,White,V-Neck,Regular,Striped,1279,8,1
M,Full,Blue,Mandarin,Slim,Striped,568,1,1
XL,Half,Red,Round,Regular,Checked,1021,2,0
M,Sleeveless,White,V-Neck,Loose,Solid,2377,0,1
M,Full,Yellow,V-Neck,Regular,Solid,2507,7,0
M,Half,Black,Mandarin,Loose,Checked,333,1,1
M,Sleeveless,Blue,Round,Loose,Printed,627,1,1
L,Full,Black,Polo,Loose,Striped,1118,0,0
L,Full,Green,V-Neck,Regular,Striped,765,10,0
XL,Half,White,Mandarin,Regular,Printed,622,3,0
L,Sleeveless,Yellow,Round,Regular,Printed,1980,9,0
L,Sleeveless,Red,Polo,Regular,Striped,353,3,0
L,Sleeveless,Black,Polo,Slim,Printed,915,4,0
XL,Half,Blue,Round,Regular,Printed,2107,3,0
S,Sleeveless,White,Round,Regular,Solid,2305,5,1
L,Full,Blue,Round,Regular,Solid,1521,1,1
M,Half,White,V-Neck,Slim,Solid,445,2,1
XL,Half,White,V-Neck,Regular,Striped,888,2,1
M,Full,Green,Round,Slim,Printed,1852,2,0
S,Sleeveless,Blue,Mandarin,Loose,Checked,1273,2,0
L,Full,Red,V-Neck,Regular,Solid,2790,8,0
L,Full,Blue,Mandarin,Slim,Checked,2328,0,0
L,Full,White,Mandarin,Regular,Solid,2638,5,0
M,Full,Yellow,V-Neck,Regular,Checked,2220,7,1
L,Sleeveless,Blue,Polo,Loose,Striped,1027,0,0
L,Full,Yellow,Polo,Loose,Solid,2979,0,0
M,Half,White,V-Neck,Regular,Printed,1044,3,1
L,Half,Blue,Round,Regular,Solid,1496,0,0
L,Sleeveless,Blue,Round,Slim,Printed,517,3,0
L,Full,Blue,Mandarin,Slim,Striped,1518,2,0
S,Sleeveless,Green,V-Neck,Slim,Solid,1124,1,1
L,Half,Blue,V-Neck,Slim,Striped,2969,3,0
XL,Full,Black,V-Neck,Slim,Striped,846,1,1
L,Half,Green,V-Neck,Slim,Solid,416,1,1
XL,Sleeveless,Black,Round,Regular,Solid,372,0,0
M,Half,White,Polo,Slim,Solid,487,0,0
L,Full,Black,Polo,Slim,Striped,1434,6,0
M,Sleeveless,Yellow,Round,Regular,Striped,2352,0,0
M,Full,Blue,Polo,Slim,Checked,851,0,0
L,Full,Blue,Round,Regular,Solid,2475,1,1
L,Half,Red,Polo,Loose,Printed,1349,1,0
M,Full,Blue,V-Neck,Regular,Solid,1967,9,0
M,Full,Black,Mandarin,Loose,Printed,338,0,1
M,Half,Red,Polo,Slim,Checked,848,3,1
M,Full,Red,V-Neck,Regular,Printed,447,6,0
L,Full,Green,Round,Regular,Solid,1550,5,1
M,Full,Red,Round,Regular,Striped,839,3,1
L,Full,Black,Round,Regular,Solid,1111,3,0
S,Half,Red,Round,Loose,Printed,1999,0,0
S,Half,Green,Round,Regular,Checked,478,3,0
XL,Half,Blue,V-Neck,Regular,Solid,676,3,0
L,Full,Black,Round,Slim,Checked,605,1,0
L,Full,Blue,Polo,Slim,Striped,697,3,1
M,Full,Red,Polo,Regular,Printed,674,2,0
M,Full,White,Round,Slim,Printed,835,0,1
S,Half,Black,Round,Regular,Solid,1068,8,0
S,Half,Yellow,V-Neck,Regular,Striped,1136,2,0
M,Half,Yellow,Mandarin,Loose,Checked,570,1,0
L,Sleeveless,Blue,Round,Loose,Striped,3000,2,0
S,Sleeveless,Red,V-Neck,Regular,Checked,2460,3,1
M,Sleeveless,Blue,V-Neck,Slim,Checked,2186,5,0
S,Sleeveless,Blue,Polo,Slim,Printed,1460,0,1
S,Half,White,V-Neck,Slim,Solid,902,6,1
XL,Sleeveless,Red,Polo,Regular,Solid,2275,2,1
M,Full,White,Round,Slim,Checked,734,1,1
L,Full,Red,V-Neck,Loose,Printed,1554,2,0
XL,Sleeveless,Black,V-Neck,Slim,Printed,1856,0,1
L,Full,White,Mandarin,Regular,Solid,531,4,0
L,Half,Red,V-Neck,Regular,Striped,2453,4,0
M,Sleeveless,Blue,Mandarin,Regular,Printed,442,7,0
XL,Sleeveless,Black,Round,Loose,Striped,1576,0,1
L,Sleeveless,Red,V-Neck,Slim,Striped,2059,4,0
XL,Sleeveless,Blue,Polo,Regular,Printed,1373,0,0
M,Full,Red,V-Neck,Slim,Striped,1196,2,1
M,Full,Red,Round,Regular,Printed,2289,5,0
S,Sleeveless,Blue,Polo,Loose,Checked,2464,0,0
M,Sleeveless,Red,V-Neck,Loose,Solid,2469,3,1
S,Half,Yellow,Mandarin,Loose,Printed,498,0,0
S,Half,White,V-Neck,Slim,Striped,2162,0,0
M,Sleeveless,Red,Polo,Loose,Printed,904,6,0
L,Full,Red,V-Neck,Regular,Printed,620,2,0
L,Sleeveless,Yellow,Round,Slim,Solid,1755,4,0
M,Sleeveless,Blue,Round,Regular,Printed,852,0,1
S,Half,Blue,Mandarin,Slim,Printed,1011,1,0
M,Half,Blue,V-Neck,Regular,Checked,692,6,0
L,Sleeveless,Yellow,Polo,Slim,Striped,603,1,0
L,Half,Red,Polo,Loose,Printed,1361,7,0
S,Full,Black,Round,Loose,Printed,216,1,0
S,Full,White,Round,Regular,Checked,2448,5,0
M,Sleeveless,Red,V-Neck,Regular,Printed,343,1,0
M,Full,Black,Polo,Regular,Printed,2317,6,0
L,Full,White,V-Neck,Regular,Solid,2148,2,0
M,Half,White,Polo,Slim,Solid,2492,0,1
XL,Full,Blue,Mandarin,Loose,Striped,1919,7,0
L,Full,Blue,V-Neck,Regular,Solid,776,2,0
L,Half,White,Mandarin,Slim,Solid,1118,0,0
S,Full,Blue,V-Neck,Slim,Printed,514,7,1
S,Sleeveless,Yellow,Mandarin,Regular,Checked,2131,3,0
M,Full,Red,Polo,Slim,Solid,1050,1,0
S,Half,Yellow,Round,Loose,Solid,1762,3,0
S,Half,Red,V-Neck,Loose,Solid,562,2,1
M,Full,White,V-Neck,Slim,Printed,1556,6,1
S,Sleeveless,Black,Round,Loose,Checked,280,4,0
S,Full,Yellow,Round,Regular,Solid,2328,3,0
M,Half,Black,V-Neck,Regular,Printed,3000,1,0
M,Full,Blue,V-Neck,Regular,Striped,2306,5,1
XL,Full,Red,Polo,Regular,Solid,722,1,0
L,Half,Red,Mandarin,Regular,Striped,1522,1,1
M,Full,Black,V-Neck,Regular,Checked,2352,8,0
L,Sleeveless,White,Round,Loose,Solid,2453,5,0
S,Half,Black,V-Neck,Regular,Printed,1614,2,0
S,Sleeveless,Blue,Mandarin,Loose,Checked,2979,4,0
S,Half,Black,Polo,Regular,Solid,3000,3,0
S,Sleeveless,Green,Polo,Loose,Printed,2998,3,0
M,Half,White,Round,Loose,Printed,1481,0,1
L,Half,Red,Polo,Loose,Checked,1624,5,0
S,Half,White,V-Neck,Slim,Checked,1332,6,1
M,Half,White,Round,Slim,Striped,2534,0,1
S,Full,White,Mandarin,Loose,Solid,1858,1,0
XL,Half,Blue,Polo,Slim,Striped,2493,6,0
L,Half,Red,Polo,Regular,Solid,793,3,0
XL,Full,Yellow,Round,Regular,Checked,270,1,0
M,Full,Green,Mandarin,Regular,Solid,572,1,0
L,Full,Black,Round,Slim,Solid,763,2,1
M,Sleeveless,Black,Round,Regular,Solid,1022,2,0
S,Full,White,Polo,Slim,Checked,269,7,0
XL,Half,Black,Round,Slim,Striped,1299,6,1
L,Half,Blue,V-Neck,Regular,Printed,291,1,0
M,Full,White,Mandarin,Slim,Solid,2589,3,1
XL,Sleeveless,Green,Round,Loose,Solid,2516,2,1
XL,Half,Black,Polo,Slim,Solid,1174,5,0
L,Full,Green,V-Neck,Slim,Printed,1398,5,0
M,Full,Blue,Polo,Slim,Striped,399,8,0
L,Sleeveless,Blue,Polo,Regular,Striped,245,1,1
XL,Full,Blue,V-Neck,Slim,Striped,678,3,0
M,Full,Red,Polo,Slim,Checked,1175,0,0
S,Full,White,Round,Regular,Solid,1053,2,1
S,Full,Yellow,V-Neck,Regular,Solid,399,0,1
L,Half,White,Round,Slim,Printed,1277,7,1
S,Half,Blue,Polo,Regular,Printed,849,2,0
L,Sleeveless,Red,Polo,Slim,Striped,1534,1,0
M,Sleeveless,Red,Polo,Loose,Printed,1596,1,1
L,Half,Green,Mandarin,Regular,Solid,1522,0,1
L,Half,Green,Round,Slim,Checked,2054,9,1
S,Sleeveless,White,Mandarin,Regular,Striped,1646,2,0
L,Half,Black,Polo,Slim,Striped,1537,0,0
M,Half,Red,Mandarin,Regular,Solid,1503,3,0
M,Half,Black,Round,Regular,Solid,695,1,1
XL,Sleeveless,White,Round,Slim,Striped,1510,2,0
XL,Sleeveless,White,Mandarin,Regular,Checked,2150,4,1
L,Sleeveless,Blue,V-Neck,Slim,Printed,1096,1,0
L,Half,Black,V-Neck,Slim,Solid,2305,6,1
M,Full,White,Round,Regular,Solid,469,2,1
XL,Full,Blue,Round,Regular,Checked,949,0,0
XL,Half,White,Polo,Regular,Solid,1463,9,1
L,Sleeveless,Red,V-Neck,Regular,Striped,1151,3,0
L,Sleeveless,Green,Round,Regular,Solid,362,2,0
S,Full,Red,V-Neck,Loose,Striped,1467,2,0
M,Half,Blue,Mandarin,Loose,Printed,1103,2,0
L,Half,Red,Polo,Loose,Checked,1635,9,0
M,Full,White,Polo,Regular,Solid,723,2,1
XL,Sleeveless,Blue,Mandarin,Slim,Solid,1285,2,0
M,Half,Red,Polo,Loose,Solid,2487,8,0
XL,Full,White,Polo,Slim,Striped,314,2,0
S,Full,Black,Round,Slim,Solid,1354,1,1
M,Full,Red,V-Neck,Regular,Checked,2772,1,0
L,Sleeveless,Blue,Round,Regular,Printed,462,1,0
XL,Half,Black,Round,Loose,Checked,2020,0,0
S,Full,Green,Polo,Regular,Printed,923,1,0
M,Half,Blue,Mandarin,Regular,Striped,476,2,0
XL,Half,Blue,Round,Regular,Solid,2606,9,0
S,Half,Red,V-Neck,Loose,Printed,2220,2,0
XL,Sleeveless,Green,Polo,Slim,Striped,224,7,1
S,Full,Red,V-Neck,Regular,Printed,1136,8,1
S,Full,Red,Mandarin,Regular,Striped,232,7,0
L,Full,White,Round,Regular,Printed,1980,3,0
M,Half,White,Round,Loose,Solid,706,0,0
S,Sleeveless,White,Mandarin,Slim,Printed,314,3,0
L,Full,White,Mandarin,Loose,Printed,2078,0,0
S,Full,Blue,Mandarin,Loose,Printed,328,0,1
M,Full,Red,Round,Regular,Checked,1408,2,0
M,Full,Black,V-Neck,Loose,Solid,845,3,1
M,Sleeveless,White,Polo,Loose,Solid,702,3,1
M,Full,Black,Round,Regular,Checked,3000,2,1
XL,Sleeveless,White,V-Neck,Loose,Solid,1327,3,1
L,Full,Black,Round,Loose,Solid,3000,0,0
M,Full,Green,Polo,Loose,Solid,961,0,0
S,Full,Yellow,Polo,Regular,Solid,1666,2,1
XL,Full,Blue,Polo,Slim,Solid,476,2,0
M,Full,White,Round,Loose,Striped,1331,0,0
L,Half,Blue,Polo,Slim,Checked,569,3,1
M,Half,Red,V-Neck,Loose,Striped,1065,0,0
XL,Full,Yellow,Polo,Regular,Striped,1269,0,0
S,Full,Black,Polo,Loose,Printed,1234,3,0
L,Full,White,V-Neck,Loose,Solid,2874,7,1
S,Half,Blue,Mandarin,Slim,Solid,953,7,1
L,Sleeveless,Blue,Polo,Loose,Solid,445,1,0
XL,Full,Red,Polo,Slim,Printed,2556,5,0
S,Half,Yellow,Polo,Regular,Solid,1109,2,1
S,Sleeveless,Black,Polo,Slim,Solid,2146,9,1
M,Sleeveless,White,Polo,Regular,Printed,523,3,0
M,Full,Blue,Polo,Slim,Solid,363,1,0
M,Full,Red,Polo,Regular,Solid,497,8,1
S,Full,Blue,Polo,Regular,Solid,1541,3,0
M,Sleeveless,Blue,Round,Regular,Striped,721,7,1
M,Half,Blue,Polo,Slim,Solid,1729,6,0
L,Full,Blue,Round,Slim,Checked,2723,3,0
M,Half,Blue,Polo,Slim,Printed,1771,5,1
XL,Half,Red,Round,Regular,Solid,2891,8,0
M,Full,Blue,Polo,Regular,Solid,1631,2,0
XL,Half,Yellow,V-Neck,Regular,Printed,1924,1,0
M,Full,Red,Round,Slim,Checked,627,0,0
L,Sleeveless,Red,V-Neck,Regular,Striped,530,2,0
M,Full,Yellow,Polo,Loose,Printed,2568,1,0
S,Sleeveless,Blue,Polo,Loose,Solid,200,0,0
L,Half,White,Mandarin,Regular,Striped,530,3,1
XL,Sleeveless,Red,Round,Regular,Checked,453,3,0
L,Sleeveless,Blue,Mandarin,Slim,Printed,1117,5,0
M,Sleeveless,Black,V-Neck,Loose,Striped,1186,3,0
M,Full,Black,V-Neck,Slim,Striped,1089,0,0
M,Full,Red,Polo,Regular,Solid,231,0,0
M,Half,White,Round,Regular,Solid,961,1,0
S,Full,White,Mandarin,Slim,Solid,508,1,0
M,Half,White,Polo,Slim,Printed,1528,2,1
L,Half,Blue,V-Neck,Regular,Solid,364,3,1
M,Full,Red,Round,Regular,Solid,409,4,0
M,Sleeveless,White,Polo,Slim,Striped,257,1,0
L,Half,Yellow,Round,Slim,Solid,1358,7,1
M,Half,White,V-Neck,Loose,Checked,749,2,0
S,Sleeveless,Red,V-Neck,Slim,Checked,1009,2,0
L,Half,Green,V-Neck,Slim,Solid,1584,0,0
M,Half,White,Mandarin,Regular,Checked,1918,2,0
M,Full,Blue,Round,Loose,Striped,2166,8,0
L,Full,White,Polo,Loose,Solid,1097,0,1
S,Half,Green,Round,Regular,Printed,1410,8,0
M,Half,Red,Polo,Slim,Checked,1973,0,0
M,Half,Yellow,Round,Loose,Checked,1140,0,0
M,Full,Green,Round,Regular,Checked,925,3,0
L,Sleeveless,Black,Polo,Loose,Checked,2019,10,0
M,Sleeveless,Green,Round,Slim,Printed,1626,6,1
L,Sleeveless,Black,V-Neck,Regular,Solid,1039,1,1
XL,Half,Green,Mandarin,Slim,Checked,1269,8,1
M,Full,Yellow,V-Neck,Loose,Printed,1038,1,1
L,Full,Blue,Round,Slim,Checked,2128,2,0
L,Sleeveless,Green,Round,Slim,Solid,2084,6,0
L,Sleeveless,Black,V-Neck,Loose,Printed,2148,6,1
S,Sleeveless,Red,Mandarin,Slim,Striped,1146,5,0
S,Half,Red,Polo,Slim,Solid,2918,3,1
L,Half,White,Round,Loose,Striped,2290,8,0
L,Sleeveless,Green,V-Neck,Regular,Checked,1454,1,0
L,Sleeveless,Black,Round,Slim,Solid,1957,0,1
XL,Half,Yellow,V-Neck,Loose,Striped,1343,2,1
L,Full,Blue,V-Neck,Regular,Checked,1989,0,0
S,Sleeveless,Blue,Round,Slim,Checked,831,1,0
L,Half,White,V-Neck,Regular,Solid,265,1,1
L,Half,Green,Mandarin,Slim,Striped,2518,0,0
L,Full,Black,Mandarin,Regular,Solid,916,1,0
L,Full,Red,V-Neck,Regular,Solid,2676,5,0
M,Half,Black,Round,Slim,Checked,2623,5,1
XL,Half,Yellow,V-Neck,Slim,Solid,725,0,0
M,Half,Red,V-Neck,Loose,Striped,679,1,1
L,Full,Black,Polo,Regular,Printed,1441,4,0
XL,Half,White,Round,Slim,Solid,1036,2,1
L,Full,Red,Polo,Slim,Printed,1639,6,1
XL,Full,White,Round,Slim,Printed,1634,2,0
S,Sleeveless,Blue,Mandarin,Slim,Checked,1406,3,0
L,Full,Green,V-Neck,Loose,Striped,564,1,1
M,Half,Green,Round,Regular,Striped,677,2,1
XL,Sleeveless,Black,Polo,Loose,Solid,946,2,0
S,Full,Blue,V-Neck,Slim,Printed,1912,6,1
S,Full,Yellow,Round,Regular,Solid,1429,3,0
M,Sleeveless,Green,Round,Regular,Printed,2118,6,0
L,Sleeveless,Green,V-Neck,Regular,Solid,1298,1,0
S,Half,Black,V-Neck,Slim,Striped,494,2,0
S,Full,Green,Mandarin,Regular,Striped,1167,1,0
L,Full,Black,V-Neck,Loose,Solid,980,3,1
L,Full,Black,Round,Slim,Striped,483,3,1
L,Half,Blue,Mandarin,Regular,Striped,1144,9,0
XL,Half,White,Round,Slim,Printed,275,3,0
XL,Half,Green,Polo,Slim,Striped,1940,5,0
S,Half,Blue,Polo,Regular,Checked,459,3,0
M,Half,Blue,Round,Regular,Printed,2332,0,1
M,Full,White,Polo,Regular,Printed,920,3,0
M,Full,Green,Polo,Regular,Solid,1123,9,1
S,Half,Red,Round,Regular,Checked,1799,2,1
M,Half,Blue,V-Neck,Slim,Solid,582,0,1
M,Half,White,Mandarin,Regular,Solid,1090,0,0
M,Full,Yellow,Mandarin,Slim,Printed,1600,3,0
M,Half,Blue,Round,Slim,Striped,2757,4,1
L,Full,Black,Polo,Slim,Solid,460,1,1
M,Full,Green,V-Neck,Loose,Checked,745,2,0
S,Sleeveless,Green,Polo,Regular,Solid,1534,4,1
XL,Sleeveless,Red,V-Neck,Slim,Solid,866,6,0
M,Full,White,Round,Slim,Striped,221,1,0
M,Sleeveless,Black,Polo,Loose,Striped,2530,1,0
L,Full,Green,Polo,Slim,Solid,1056,7,1
L,Full,Black,V-Neck,Regular,Striped,602,8,1
M,Full,Blue,Polo,Loose,Striped,1606,1,0
L,Sleeveless,Green,Mandarin,Regular,Striped,1832,0,0
L,Sleeveless,Red,Round,Regular,Printed,1386,7,1
M,Sleeveless,Red,Round,Regular,Solid,1089,2,1
L,Half,White,V-Neck,Slim,Solid,360,3,0
S,Half,Black,Round,Loose,Solid,1413,0,1
M,Sleeveless,Yellow,V-Neck,Slim,Striped,1925,3,1
S,Full,Red,Polo,Regular,Solid,1861,6,0
XL,Sleeveless,Black,V-Neck,Slim,Solid,2143,5,0
M,Full,Blue,Polo,Slim,Printed,1611,0,1
S,Sleeveless,Red,V-Neck,Slim,Checked,475,3,0
M,Full,Blue,V-Neck,Slim,Striped,2245,2,1
S,Sleeveless,White,Mandarin,Slim,Printed,1348,2,1
M,Full,Yellow,Polo,Regular,Solid,762,2,1
L,Full,Black,V-Neck,Loose,Checked,670,0,0
XL,Full,Yellow,Round,Regular,Striped,428,0,0
L,Sleeveless,Blue,Round,Regular,Solid,802,0,1
M,Half,Blue,Mandarin,Slim,Solid,2889,8,1
L,Half,White,V-Neck,Regular,Printed,816,9,0
L,Sleeveless,Blue,Mandarin,Regular,Printed,1325,0,1
L,Half,Green,Polo,Loose,Striped,2464,5,0
L,Full,Red,Mandarin,Slim,Checked,339,0,0
S,Full,Yellow,Mandarin,Loose,Solid,925,1,1
L,Full,Green,Mandarin,Loose,Solid,1591,1,0
XL,Sleeveless,White,Mandarin,Slim,Checked,2212,3,1
L,Half,Black,Round,Slim,Striped,943,3,0
S,Sleeveless,Black,Round,Slim,Printed,2953,7,1
XL,Sleeveless,White,Polo,Slim,Striped,493,0,0
S,Full,Yellow,V-Neck,Slim,Striped,481,2,0
M,Half,Green,Round,Regular,Printed,1997,1,0
L,Full,Blue,Polo,Slim,Checked,945,0,1
S,Full,Yellow,Mandarin,Regular,Striped,1568,2,0
XL,Half,White,Polo,Loose,Checked,1010,1,0
M,Sleeveless,Black,Polo,Loose,Solid,1460,3,0
M,Half,Green,Mandarin,Loose,Printed,424,1,1
L,Half,White,Polo,Regular,Checked,1925,1,1
M,Sleeveless,Red,Mandarin,Loose,Printed,2399,3,1
S,Full,Black,Polo,Regular,Printed,1982,0,0
S,Half,White,V-Neck,Loose,Solid,2473,1,0
M,Full,Blue,Polo,Regular,Checked,251,7,0
M,Full,Blue,V-Neck,Regular,Solid,941,0,1
XL,Half,Yellow,Round,Regular,Striped,441,5,0
S,Sleeveless,Black,Mandarin,Regular,Checked,689,2,0
L,Full,Green,V-Neck,Regular,Solid,1575,0,0
M,Half,Yellow,Polo,Loose,Striped,1931,2,0
L,Half,Black,V-Neck,Loose,Solid,1867,3,0
L,Sleeveless,Red,Mandarin,Slim,Solid,1286,0,0
M,Sleeveless,Red,Round,Regular,Striped,997,2,0
L,Full,Green,V-Neck,Slim,Striped,1681,1,0
M,Full,Black,Round,Slim,Printed,2996,1,1
M,Full,Green,V-Neck,Loose,Solid,602,2,0
M,Half,Green,Mandarin,Loose,Solid,2490,3,0
S,Half,Green,Mandarin,Loose,Solid,738,2,0
L,Half,Red,Mandarin,Loose,Solid,2784,2,0
L,Half,Green,Polo,Slim,Striped,608,3,0
L,Full,Black,Polo,Slim,Solid,2110,7,1
XL,Half,Black,Round,Regular,Striped,517,3,1
XL,Full,Black,Polo,Regular,Printed,2144,8,0
L,Sleeveless,Red,Mandarin,Regular,Printed,378,3,0
L,Full,Blue,Mandarin,Slim,Striped,2369,1,1
M,Full,Blue,Round,Slim,Striped,1003,3,1
XL,Full,Black,Round,Slim,Checked,424,2,0
M,Full,Yellow,Polo,Slim,Striped,1311,4,1
S,Half,Blue,Polo,Loose,Solid,1118,2,1
L,Half,Black,Round,Regular,Solid,2809,0,0
M,Half,Green,Mandarin,Loose,Checked,339,3,0
L,Full,White,Mandarin,Regular,Solid,496,5,0
L,Full,Red,V-Neck,Slim,Solid,1192,6,0
L,Full,White,Polo,Regular,Checked,948,3,0
XL,Half,White,Polo,Regular,Solid,2497,2,0
S,Full,Black,V-Neck,Regular,Solid,2511,6,1
XL,Sleeveless,Blue,Mandarin,Slim,Striped,494,7,0
M,Full,Yellow,Round,Slim,Striped,2737,3,0
S,Full,Green,V-Neck,Loose,Printed,1753,1,0
XL,Half,White,Polo,Slim,Solid,503,4,0
L,Sleeveless,Black,Polo,Slim,Solid,767,1,0
M,Full,White,Mandarin,Regular,Printed,606,1,0
S,Full,Black,Polo,Regular,Striped,657,3,0
S,Half,Green,V-Neck,Regular,Printed,1923,8,0
S,Half,Green,Round,Regular,Solid,717,1,0
XL,Half,Green,Polo,Regular,Printed,1656,6,0
L,Sleeveless,Black,Polo,Loose,Printed,492,3,1
M,Half,Black,Round,Slim,Printed,1792,0,1
XL,Full,Blue,Mandarin,Slim,Printed,2003,5,0
M,Sleeveless,Blue,Round,Regular,Striped,764,2,0
XL,Half,Black,V-Neck,Regular,Solid,1615,2,0
L,Full,Green,Round,Loose,Checked,657,4,0
L,Sleeveless,Blue,Round,Slim,Printed,966,2,1
M,Half,Green,Polo,Loose,Printed,842,2,0
L,Full,Green,Polo,Regular,Printed,1650,1,0
M,Full,Blue,Mandarin,Regular,Solid,2517,1,1
M,Half,Red,V-Neck,Loose,Solid,833,0,0
S,Full,White,V-Neck,Slim,Printed,1524,7,0
M,Sleeveless,Red,Mandarin,Regular,Printed,1422,9,0
M,Sleeveless,Blue,Round,Regular,Printed,1175,4,0
M,Full,Red,Mandarin,Regular,Solid,1336,3,1
S,Full,Green,Mandarin,Regular,Printed,2022,1,0
XL,Full,Blue,Polo,Slim,Striped,2168,4,0
L,Half,Black,Round,Regular,Checked,2650,5,1
M,Half,Blue,Polo,Regular,Solid,1001,4,0
M,Full,Blue,Mandarin,Slim,Checked,1081,1,0
XL,Full,Green,Polo,Loose,Striped,1230,2,0
M,Full,Blue,Mandarin,Regular,Solid,1320,1,0
M,Sleeveless,Green,Mandarin,Loose,Checked,1638,8,0
M,Half,Yellow,V-Neck,Regular,Solid,411,6,1
M,Full,Black,Polo,Loose,Striped,1096,0,0
M,Full,Black,Mandarin,Regular,Striped,1819,2,0
M,Full,Green,Round,Loose,Solid,401,2,0
L,Sleeveless,Red,Mandarin,Loose,Printed,2371,4,0
M,Half,Yellow,Round,Regular,Printed,591,1,0
L,Full,Blue,Mandarin,Regular,Striped,909,5,1
L,Half,White,Polo,Regular,Solid,2900,1,1
M,Full,White,Polo,Regular,Striped,1521,8,1
L,Full,White,Round,Regular,Striped,538,2,1
M,Half,Black,V-Neck,Slim,Striped,659,0,1
L,Sleeveless,White,V-Neck,Slim,Printed,2504,6,1
M,Sleeveless,Green,Round,Loose,Solid,1397,0,0
XL,Half,White,V-Neck,Slim,Checked,1396,2,0
S,Half,Blue,Round,Slim,Solid,601,3,1
S,Sleeveless,Yellow,Mandarin,Loose,Printed,1795,8,0
S,Full,Blue,Round,Slim,Solid,474,2,0
XL,Half,Black,Mandarin,Regular,Printed,2899,5,1
L,Full,Black,Polo,Loose,Printed,431,0,1
S,Full,Blue,Mandarin,Slim,Printed,1863,1,0
L,Full,Blue,V-Neck,Slim,Printed,1496,1,0
M,Sleeveless,Yellow,Mandarin,Loose,Striped,1731,3,0
S,Half,Blue,Polo,Slim,Striped,1535,1,0
M,Sleeveless,Blue,V-Neck,Slim,Printed,533,3,0
M,Full,Black,Round,Regular,Printed,411,0,1
L,Half,White,Polo,Regular,Printed,1069,3,1
M,Sleeveless,Black,Polo,Slim,Printed,1099,2,0
XL,Half,White,Polo,Loose,Solid,2911,7,0
S,Full,Red,Round,Slim,Checked,1334,4,0
XL,Sleeveless,Black,V-Neck,Loose,Solid,1702,2,0
M,Half,Green,Mandarin,Loose,Solid,438,1,0
L,Full,Black,Polo,Regular,Solid,1313,0,1
M,Sleeveless,Blue,V-Neck,Loose,Printed,718,3,0
S,Sleeveless,Black,V-Neck,Slim,Solid,1921,3,1
M,Sleeveless,White,Mandarin,Slim,Striped,2716,4,0
XL,Full,Green,Polo,Slim,Printed,1833,4,0
L,Full,Blue,Round,Regular,Solid,371,0,0
L,Sleeveless,Green,Polo,Slim,Solid,685,0,0
XL,Half,Black,V-Neck,Slim,Printed,1333,1,1
L,Full,Black,Mandarin,Slim,Checked,2464,0,0
L,Full,Red,Mandarin,Slim,Checked,954,0,1
S,Sleeveless,White,V-Neck,Regular,Printed,1589,5,0
L,Full,Black,Polo,Loose,Solid,2332,5,0
L,Full,Black,Polo,Regular,Checked,539,3,1
S,Full,Yellow,Round,Slim,Solid,3000,2,0
XL,Half,Blue,V-Neck,Slim,Checked,689,4,0
M,Full,Green,V-Neck,Loose,Solid,458,6,1
XL,Full,Green,Round,Slim,Checked,346,1,1
L,Half,Black,V-Neck,Loose,Checked,873,0,0
L,Half,Blue,Polo,Regular,Printed,615,0,0
L,Full,Red,Round,Regular,Checked,520,1,0
M,Half,Blue,V-Neck,Regular,Printed,2951,4,0
M,Half,Black,Round,Loose,Solid,599,1,0
M,Full,White,Mandarin,Regular,Solid,801,1,0
XL,Half,Red,V-Neck,Regular,Printed,2890,2,0
L,Full,Black,Round,Regular,Striped,2673,3,1
XL,Sleeveless,Black,Polo,Loose,Solid,2050,3,0
L,Full,Blue,Round,Loose,Printed,2658,0,0
L,Sleeveless,Blue,Round,Loose,Printed,621,2,1
M,Sleeveless,Black,V-Neck,Loose,Solid,1510,3,0
M,Full,Blue,Polo,Slim,Striped,617,3,1
M,Full,Red,Polo,Loose,Printed,652,3,0
M,Half,White,V-Neck,Slim,Solid,785,2,1
M,Half,Red,Round,Slim,Printed,1504,3,0
L,Half,Red,Mandarin,Regular,Solid,2949,1,1
S,Half,Black,Polo,Regular,Solid,1038,2,0
M,Sleeveless,Green,Polo,Regular,Printed,580,1,0
L,Half,Black,Round,Loose,Solid,947,2,1
M,Half,Red,Round,Loose,Checked,1970,3,0
S,Sleeveless,Yellow,Round,Loose,Solid,795,2,1
M,Half,Green,Mandarin,Regular,Striped,1184,0,1
XL,Full,Black,Round,Loose,Printed,1383,1,0
M,Sleeveless,Red,Round,Regular,Printed,213,0,0
L,Half,Yellow,Round,Slim,Printed,1159,0,0
L,Half,Yellow,Polo,Slim,Checked,3000,1,0
XL,Half,Yellow,Polo,Regular,Solid,391,1,0
L,Half,Black,Round,Regular,Striped,1177,2,1
M,Half,Green,V-Neck,Loose,Solid,2225,3,0
L,Full,Yellow,V-Neck,Regular,Checked,368,9,0
XL,Full,Red,Polo,Slim,Solid,2571,0,0
XL,Full,Red,Mandarin,Loose,Printed,813,7,1
M,Half,Yellow,Polo,Loose,Striped,871,3,0
L,Full,Blue,Round,Regular,Printed,2223,10,0
XL,Sleeveless,Red,Polo,Regular,Solid,1631,1,1
L,Half,Blue,V-Neck,Regular,Printed,2207,0,1
M,Half,Blue,Round,Regular,Solid,341,1,0
M,Half,Black,V-Neck,Regular,Checked,1429,7,0
S,Sleeveless,Yellow,Round,Loose,Printed,842,9,1
M,Full,Black,Mandarin,Regular,Solid,760,0,1
M,Half,Yellow,Mandarin,Loose,Solid,2379,0,0
M,Half,Blue,Mandarin,Regular,Solid,1245,2,1
L,Sleeveless,Green,V-Neck,Regular,Striped,1643,2,0
S,Half,White,Round,Regular,Printed,1365,9,0
S,Sleeveless,Blue,V-Neck,Regular,Printed,715,5,0
M,Full,Red,Round,Regular,Checked,1493,1,0
L,Half,Yellow,Round,Regular,Checked,769,0,0
M,Sleeveless,Yellow,Round,Regular,Printed,1239,1,0
XL,Sleeveless,Green,Round,Slim,Striped,2270,7,1
L,Full,Blue,V-Neck,Loose,Solid,1186,3,0
L,Half,Red,Round,Slim,Printed,2433,0,0
L,Full,Yellow,Round,Slim,Solid,539,2,1
L,Half,White,V-Neck,Slim,Printed,1237,5,0
M,Full,Blue,V-Neck,Loose,Striped,708,2,1
M,Half,White,Polo,Slim,Solid,218,0,1
M,Sleeveless,Blue,V-Neck,Regular,Solid,1096,1,1
L,Sleeveless,Black,Mandarin,Loose,Solid,907,1,1
S,Sleeveless,Green,Polo,Regular,Solid,2361,5,0
M,Full,Blue,Mandarin,Loose,Printed,775,3,0
XL,Full,Green,V-Neck,Loose,Printed,2664,2,0
L,Full,Yellow,V-Neck,Regular,Solid,1386,3,0
S,Sleeveless,Green,Mandarin,Slim,Striped,1378,2,0
M,Half,Yellow,Polo,Regular,Solid,2973,6,0
L,Full,White,Round,Regular,Printed,1739,1,0
S,Sleeveless,Black,Polo,Loose,Solid,1070,5,1
M,Full,White,Polo,Loose,Printed,976,0,1
S,Full,White,V-Neck,Regular,Solid,1355,7,1
XL,Full,White,Round,Regular,Printed,2759,6,0
L,Half,Blue,Mandarin,Regular,Printed,2585,6,1
L,Half,Black,Round,Slim,Solid,558,3,0
S,Full,Black,Polo,Slim,Striped,1016,1,0
S,Full,Blue,Round,Slim,Solid,936,0,0
M,Full,Black,Round,Slim,Striped,2710,3,0
M,Full,Blue,Round,Slim,Printed,1995,8,1
L,Full,Blue,Mandarin,Slim,Striped,332,1,0
XL,Sleeveless,Black,Round,Slim,Checked,2756,3,1
L,Half,Blue,Round,Regular,Striped,2144,2,1
M,Full,White,V-Neck,Regular,Checked,496,9,1
M,Full,Black,V-Neck,Regular,Striped,546,2,1
XL,Sleeveless,Red,Round,Regular,Solid,1004,1,1
S,Half,Yellow,Polo,Slim,Solid,2428,2,0
L,Full,Red,Polo,Loose,Checked,878,4,1
M,Sleeveless,White,V-Neck,Slim,Checked,202,1,0
L,Sleeveless,White,Round,Regular,Striped,770,5,0
XL,Sleeveless,White,Round,Loose,Checked,446,4,0
S,Full,White,V-Neck,Regular,Printed,637,3,1
M,Full,Blue,V-Neck,Regular,Solid,1654,6,0
M,Full,Red,Round,Loose,Printed,2036,4,0
S,Half,Green,V-Neck,Regular,Checked,1439,9,0
M,Sleeveless,Green,Mandarin,Loose,Solid,1791,3,1
M,Full,Black,V-Neck,Loose,Printed,1491,4,0
S,Half,Red,Mandarin,Loose,Solid,3000,1,0
M,Sleeveless,Yellow,V-Neck,Slim,Striped,955,0,0
XL,Sleeveless,Yellow,Mandarin,Regular,Checked,1692,4,0
M,Sleeveless,Red,Mandarin,Regular,Solid,338,0,0
L,Sleeveless,Black,Polo,Slim,Solid,829,3,1
XL,Full,Yellow,Mandarin,Regular,Printed,2434,3,0
M,Full,Black,V-Neck,Regular,Printed,721,1,0
L,Half,Blue,Mandarin,Loose,Solid,1814,3,0
M,Half,Blue,Polo,Loose,Checked,1155,0,1
M,Half,Black,Polo,Regular,Checked,1124,1,0
M,Sleeveless,Red,V-Neck,Loose,Printed,1680,0,0
L,Half,Black,Round,Regular,Printed,232,0,1
L,Half,White,Mandarin,Loose,Checked,479,2,0
S,Full,Red,Polo,Slim,Printed,2686,9,1
M,Half,Blue,Polo,Regular,Solid,2094,1,1
S,Full,Blue,Round,Regular,Solid,2724,5,1
L,Half,Blue,Polo,Regular,Striped,453,7,0
M,Half,Yellow,Polo,Regular,Solid,2073,3,0
L,Sleeveless,Yellow,Mandarin,Regular,Printed,2139,6,0
M,Half,Blue,Mandarin,Loose,Checked,1971,4,1
XL,Full,Blue,Polo,Loose,Printed,478,1,0
M,Half,Yellow,Mandarin,Loose,Checked,1769,0,1
M,Sleeveless,Yellow,Round,Regular,Striped,2510,1,1
S,Sleeveless,White,Round,Slim,Solid,2067,8,1
M,Half,Blue,Round,Loose,Solid,968,2,1
L,Half,Black,Round,Regular,Solid,221,3,1
M,Half,Black,Round,Loose,Solid,2004,2,0
S,Full,White,Round,Regular,Striped,612,4,0
M,Full,Red,V-Neck,Loose,Solid,1499,5,0
S,Half,Red,V-Neck,Regular,Solid,2901,3,0
S,Sleeveless,Blue,Round,Loose,Striped,1767,2,0
M,Half,White,Polo,Slim,Solid,2499,7,0
S,Sleeveless,Red,Round,Slim,Checked,781,0,0
S,Sleeveless,Blue,Mandarin,Slim,Printed,1294,5,0
L,Sleeveless,Black,V-Neck,Slim,Solid,2253,7,0
XL,Half,Black,Round,Loose,Solid,2594,7,0
M,Sleeveless,Black,Polo,Loose,Printed,1208,0,1
L,Full,Yellow,Round,Slim,Checked,1162,3,0
XL,Full,Blue,Polo,Regular,Solid,1062,0,0
XL,Half,Black,V-Neck,Slim,Solid,2322,8,1
L,Sleeveless,Yellow,Polo,Slim,Solid,1129,3,1
L,Sleeveless,Red,V-Neck,Loose,Printed,2474,2,0
M,Half,Black,Polo,Loose,Printed,419,3,1
L,Full,Green,Round,Loose,Solid,283,1,0
XL,Half,Blue,Polo,Regular,Checked,460,4,0
M,Half,Black,Mandarin,Loose,Solid,1118,9,0
L,Sleeveless,White,V-Neck,Slim,Checked,1131,2,0
XL,Full,White,Polo,Regular,Solid,1805,2,0
M,Half,Blue,Round,Regular,Printed,1977,0,0
L,Half,Black,Round,Slim,Printed,883,3,0
L,Sleeveless,Yellow,Polo,Loose,Solid,1395,0,0
L,Sleeveless,Yellow,V-Neck,Regular,Solid,204,3,0
XL,Half,White,Mandarin,Loose,Striped,1587,7,0
XL,Half,Black,V-Neck,Regular,Striped,1822,0,0
S,Half,Black,Polo,Loose,Checked,1598,4,0
M,Half,White,Round,Slim,Printed,208,4,0
L,Full,Red,Round,Loose,Solid,1639,0,0
M,Full,White,Mandarin,Regular,Solid,817,3,1
L,Half,Black,Polo,Loose,Striped,921,1,1
S,Half,White,Round,Slim,Striped,1203,1,1
M,Full,Yellow,Round,Regular,Solid,1907,1,0
M,Half,Red,Polo,Regular,Printed,265,2,0
L,Half,Green,Round,Regular,Solid,2315,5,0
M,Sleeveless,Black,Round,Slim,Checked,1438,9,1
S,Half,White,Polo,Slim,Printed,2615,2,0
L,Full,White,Mandarin,Regular,Printed,251,0,0
XL,Full,Black,V-Neck,Regular,Striped,1237,2,1
L,Full,White,Round,Slim,Checked,810,1,1
M,Full,Black,V-Neck,Regular,Printed,442,1,0
S,Full,Red,Round,Slim,Striped,2519,4,0
L,Half,White,Round,Slim,Striped,2784,2,1
M,Full,Black,Round,Regular,Printed,1824,3,1
S,Full,Yellow,Round,Regular,Solid,516,1,0
M,Sleeveless,Red,V-Neck,Slim,Solid,708,2,0
XL,Half,Yellow,Polo,Regular,Printed,1684,2,0
XL,Full,Green,Polo,Slim,Striped,324,3,0
M,Full,Yellow,Mandarin,Loose,Solid,3000,2,0
M,Half,Red,Polo,Regular,Printed,517,0,0
M,Sleeveless,Black,Mandarin,Regular,Printed,2552,1,0
L,Full,Green,Polo,Regular,Checked,2216,0,0
L,Full,Black,Mandarin,Regular,Checked,846,3,0
L,Full,White,V-Neck,Loose,Checked,1101,1,0
S,Full,Yellow,V-Neck,Slim,Striped,2830,2,0
XL,Sleeveless,Black,Mandarin,Regular,Printed,2402,4,0
L,Half,Yellow,Round,Regular,Solid,2799,3,1
M,Half,Yellow,Round,Slim,Printed,441,3,1
L,Half,Blue,Round,Regular,Striped,569,2,0
L,Full,Yellow,Round,Regular,Solid,391,2,0
M,Half,Green,Polo,Slim,Solid,371,3,1
XL,Full,White,Round,Slim,Solid,2042,8,0
M,Full,Green,V-Neck,Slim,Striped,200,3,0
XL,Full,Green,V-Neck,Slim,Striped,557,2,1
XL,Full,Yellow,Round,Loose,Striped,2904,3,1
XL,Full,White,Round,Regular,Printed,1237,10,1
S,Full,Green,V-Neck,Regular,Solid,3000,3,0
M,Sleeveless,White,Mandarin,Loose,Solid,2691,3,0
M,Sleeveless,Blue,V-Neck,Regular,Solid,1054,2,1
M,Full,White,Round,Regular,Solid,903,3,0
S,Full,White,Mandarin,Regular,Printed,2743,4,0
L,Sleeveless,Green,Mandarin,Slim,Printed,2021,5,0
M,Full,Red,Round,Loose,Solid,248,0,0
M,Half,Blue,Round,Slim,Printed,1806,4,1
S,Full,White,Round,Regular,Striped,1534,7,1
M,Sleeveless,Black,Mandarin,Slim,Striped,1529,6,0
XL,Half,Red,Polo,Regular,Striped,2609,2,0
L,Full,Red,Round,Regular,Solid,515,4,0
M,Half,Yellow,Round,Loose,Checked,2352,3,0
M,Full,Blue,Polo,Regular,Solid,1381,5,1
M,Full,Green,Polo,Regular,Striped,922,1,1
M,Full,Blue,Polo,Slim,Printed,536,1,1
XL,Full,Red,V-Neck,Loose,Printed,1169,0,1
M,Sleeveless,White,V-Neck,Regular,Checked,2967,5,0
XL,Full,Black,Polo,Slim,Checked,1948,1,0
S,Sleeveless,Green,Polo,Loose,Checked,961,2,0
M,Half,Blue,V-Neck,Slim,Striped,1267,2,0
S,Full,Blue,V-Neck,Regular,Striped,1369,2,1
M,Full,White,V-Neck,Slim,Striped,876,0,1
XL,Sleeveless,White,Round,Regular,Printed,1365,3,0
S,Sleeveless,Green,V-Neck,Slim,Checked,943,3,0
M,Full,Yellow,V-Neck,Slim,Striped,1713,0,0
L,Full,Blue,Mandarin,Slim,Checked,3000,1,1
S,Full,Black,V-Neck,Slim,Striped,2908,1,0
L,Full,Blue,V-Neck,Slim,Checked,1398,3,0
XL,Full,Black,V-Neck,Slim,Solid,1715,0,1
L,Sleeveless,Red,Round,Regular,Striped,604,0,0
L,Sleeveless,Black,Round,Slim,Printed,2989,4,0
XL,Sleeveless,Black,Round,Regular,Striped,1172,1,0
M,Half,Blue,Round,Regular,Solid,2858,1,0
S,Full,Red,Mandarin,Loose,Printed,714,2,0
M,Half,Yellow,V-Neck,Regular,Striped,2560,3,1
XL,Full,Blue,Polo,Loose,Printed,2125,7,1
XL,Full,Blue,Polo,Slim,Solid,2773,8,0
L,Full,White,Mandarin,Regular,Solid,1164,6,0
L,Half,Blue,V-Neck,Loose,Striped,1345,2,0
XL,Full,Yellow,Mandarin,Regular,Printed,244,0,0
M,Full,Black,Polo,Slim,Solid,1429,3,1
XL,Full,Red,Mandarin,Regular,Checked,567,4,0
L,Sleeveless,White,V-Neck,Slim,Printed,2493,2,0
L,Half,Blue,Round,Loose,Checked,2064,1,0
M,Full,Black,Polo,Regular,Solid,2511,0,0
M,Full,Red,Round,Slim,Printed,1505,1,1
M,Half,Red,Round,Slim,Striped,1768,4,1
S,Full,Yellow,Round,Slim,Solid,980,7,1
XL,Half,Green,Polo,Regular,Checked,1072,3,0
S,Half,Green,Polo,Slim,Solid,1255,2,1
XL,Sleeveless,White,Round,Slim,Checked,1353,8,0
L,Sleeveless,Black,V-Neck,Slim,Checked,2968,5,0
L,Half,Red,Mandarin,Regular,Printed,1887,5,0
M,Full,Yellow,Round,Slim,Checked,2329,0,0
L,Half,Blue,Polo,Loose,Solid,2540,6,0
L,Sleeveless,Green,Round,Loose,Printed,303,2,0
M,Full,Black,Mandarin,Regular,Printed,718,1,0
S,Full,Blue,V-Neck,Loose,Solid,614,0,0
M,Half,Black,Polo,Loose,Checked,314,2,0
S,Half,Blue,Polo,Loose,Solid,1271,1,1
XL,Full,Blue,Polo,Regular,Solid,759,5,0
M,Sleeveless,Green,Polo,Slim,Printed,564,2,0
L,Sleeveless,Green,Round,Slim,Solid,905,2,1
L,Full,Red,Round,Slim,Printed,1935,0,0
XL,Sleeveless,Blue,Round,Regular,Striped,1402,0,1
L,Full,Green,Round,Regular,Striped,1587,0,0
L,Sleeveless,Yellow,Round,Regular,Solid,2810,2,0
L,Half,Yellow,Polo,Slim,Striped,1274,9,1
S,Full,Blue,Mandarin,Regular,Solid,973,6,0
M,Full,Yellow,Round,Regular,Printed,683,1,0
L,Full,Red,Polo,Loose,Printed,983,3,0
M,Full,Blue,Mandarin,Slim,Checked,2383,0,0
S,Full,Yellow,Round,Regular,Striped,498,4,1
M,Sleeveless,Black,Polo,Loose,Checked,1717,3,0
M,Sleeveless,Yellow,Round,Regular,Printed,1933,3,1
M,Half,Green,Round,Regular,Solid,460,2,0
M,Half,Blue,V-Neck,Slim,Solid,890,2,1
L,Half,Black,Round,Loose,Striped,2369,2,1
S,Full,Red,V-Neck,Slim,Checked,1184,4,0
M,Full,Black,Polo,Regular,Printed,2760,3,0
M,Half,White,Round,Regular,Striped,275,4,0
S,Half,Black,Round,Slim,Printed,1259,1,1
M,Sleeveless,Blue,Round,Slim,Solid,345,2,1
M,Sleeveless,Black,Mandarin,Slim,Solid,874,0,1
M,Sleeveless,White,Mandarin,Regular,Printed,322,1,0
L,Full,Yellow,Mandarin,Loose,Checked,514,1,0
M,Full,Yellow,Round,Slim,Checked,1599,2,0
M,Full,Blue,Round,Loose,Striped,427,2,1
XL,Full,Black,Mandarin,Slim,Solid,2569,10,1
M,Sleeveless,Red,Polo,Regular,Printed,928,4,1
M,Half,Black,Round,Regular,Printed,1734,1,0
L,Sleeveless,White,V-Neck,Slim,Solid,2091,2,0
L,Sleeveless,Green,Mandarin,Loose,Striped,225,6,0
M,Half,Green,Polo,Regular,Striped,1196,3,0
XL,Sleeveless,Yellow,Round,Slim,Solid,868,4,0
L,Full,Red,Polo,Loose,Striped,505,3,0
M,Sleeveless,Black,Round,Loose,Printed,299,6,0
L,Half,Black,V-Neck,Slim,Striped,492,2,1
L,Half,Red,Round,Slim,Printed,1528,0,0
M,Sleeveless,Blue,Round,Regular,Checked,1389,0,1
L,Sleeveless,Black,V-Neck,Slim,Solid,2884,5,0
XL,Sleeveless,Black,Mandarin,Regular,Checked,2479,6,0
S,Half,Yellow,V-Neck,Loose,Solid,232,1,0
M,Half,Black,Polo,Regular,Solid,1188,2,0
L,Sleeveless,Black,V-Neck,Slim,Checked,2177,7,0
XL,Sleeveless,Green,Polo,Loose,Striped,922,3,0
S,Full,Red,Polo,Loose,Solid,1258,4,0
S,Full,Yellow,Round,Slim,Printed,1031,6,1
XL,Full,Black,Polo,Regular,Striped,1622,10,1
L,Sleeveless,White,Polo,Loose,Striped,482,4,0
S,Half,Green,V-Neck,Loose,Solid,1969,1,0
XL,Full,White,V-Neck,Loose,Printed,1512,4,0
L,Sleeveless,Black,Mandarin,Slim,Solid,1284,1,1
M,Sleeveless,Blue,Mandarin,Loose,Solid,1837,4,1
XL,Full,Green,V-Neck,Slim,Solid,1239,0,0
S,Full,Green,Round,Regular,Printed,1583,0,0
L,Sleeveless,White,Polo,Slim,Solid,1247,3,1
L,Half,Black,Round,Slim,Striped,566,2,1
M,Sleeveless,White,Polo,Regular,Solid,2366,4,1
M,Full,White,Mandarin,Regular,Striped,2450,5,0
M,Half,White,V-Neck,Regular,Printed,1068,3,1
XL,Full,Blue,V-Neck,Loose,Solid,827,1,1
L,Full,White,Polo,Slim,Striped,1055,0,0
S,Full,White,V-Neck,Regular,Striped,2881,2,0
M,Full,Black,Round,Regular,Checked,1637,6,0
M,Half,Black,Round,Regular,Striped,1076,3,1
XL,Full,Yellow,Polo,Regular,Solid,573,0,1
L,Full,Yellow,Round,Slim,Checked,1068,2,0
L,Half,Black,Round,Regular,Solid,3000,0,1
L,Full,Green,Polo,Loose,Striped,686,1,0
S,Full,Black,Round,Slim,Striped,1247,1,0
L,Full,Red,Polo,Loose,Striped,889,2,0
S,Full,Black,Polo,Regular,Solid,1077,2,0
M,Half,White,Polo,Regular,Striped,2256,4,0
M,Sleeveless,White,Polo,Loose,Striped,2583,1,0
L,Half,Black,Round,Slim,Checked,825,8,1
L,Half,Red,V-Neck,Slim,Checked,1824,6,0
M,Sleeveless,Blue,Polo,Regular,Solid,1018,0,0
L,Full,Blue,Round,Regular,Printed,652,6,1
M,Half,Red,Round,Slim,Printed,1160,1,0
M,Full,Black,Polo,Slim,Solid,1075,3,1
L,Half,Green,Round,Loose,Solid,826,5,0
L,Sleeveless,White,Mandarin,Regular,Solid,1356,1,0
S,Sleeveless,Black,Round,Regular,Checked,932,1,0
M,Full,Yellow,V-Neck,Regular,Solid,1784,2,0
M,Full,Blue,Round,Regular,Solid,807,7,0
XL,Half,Yellow,V-Neck,Slim,Solid,1130,6,0
XL,Full,Blue,Polo,Slim,Printed,2204,6,0
XL,Full,Blue,Round,Regular,Striped,504,6,1
L,Half,White,Polo,Regular,Printed,2615,9,0
L,Sleeveless,Green,Mandarin,Regular,Checked,1619,2,0
M,Sleeveless,Black,V-Neck,Regular,Printed,406,3,0
M,Full,Red,Mandarin,Regular,Striped,2663,0,0
L,Half,Blue,Mandarin,Regular,Striped,565,1,0
XL,Half,Blue,Mandarin,Loose,Solid,850,6,0
M,Full,Blue,Mandarin,Loose,Printed,330,9,1
L,Full,Blue,V-Neck,Slim,Printed,2623,6,0
L,Full,Black,Mandarin,Loose,Solid,1250,1,1
L,Full,Black,Round,Slim,Printed,539,1,1
S,Full,Blue,V-Neck,Slim,Checked,2224,1,0
S,Full,Black,Mandarin,Regular,Checked,2300,8,1
M,Half,White,Polo,Loose,Solid,1427,8,1
L,Half,Green,Polo,Regular,Printed,646,1,1
M,Half,Black,Round,Loose,Solid,814,0,0
M,Full,Green,Polo,Slim,Solid,909,2,0
M,Half,Blue,Polo,Slim,Solid,2736,0,0
XL,Full,Blue,V-Neck,Slim,Printed,2448,0,0
M,Full,Red,V-Neck,Loose,Printed,424,3,0
L,Sleeveless,Red,Round,Slim,Striped,778,0,1
M,Full,Green,V-Neck,Slim,Striped,810,6,1
M,Full,Green,Mandarin,Regular,Solid,527,0,0
M,Half,Red,Round,Regular,Solid,1366,3,1
S,Half,White,Round,Slim,Checked,1727,1,0
L,Sleeveless,Blue,Mandarin,Slim,Solid,809,1,1
S,Sleeveless,Blue,Polo,Regular,Solid,235,2,0
M,Full,White,Mandarin,Regular,Solid,711,2,1
S,Half,Green,Mandarin,Regular,Solid,1157,2,0
XL,Sleeveless,Red,Round,Slim,Printed,1600,3,1
XL,Full,Red,Round,Regular,Solid,911,3,0
M,Half,Green,Mandarin,Slim,Solid,2902,4,0
M,Half,Blue,Round,Loose,Printed,650,2,1
XL,Half,Black,V-Neck,Slim,Printed,475,8,1
XL,Sleeveless,Red,Mandarin,Loose,Solid,2013,1,0
L,Full,Red,Polo,Loose,Solid,1019,0,1
S,Sleeveless,Black,Polo,Regular,Solid,491,2,1
S,Full,Blue,Round,Slim,Checked,1942,3,0
L,Sleeveless,Green,Mandarin,Regular,Checked,1723,6,0
M,Full,Blue,Round,Regular,Solid,1964,3,0
M,Sleeveless,Yellow,Polo,Regular,Solid,661,2,0
XL,Full,Blue,Polo,Loose,Solid,236,0,0
XL,Half,Black,Round,Loose,Printed,1571,4,1
M,Full,Blue,Round,Loose,Printed,2841,3,0
S,Full,White,Mandarin,Slim,Checked,1295,1,0
M,Full,Blue,Round,Regular,Striped,763,7,0
L,Sleeveless,Green,V-Neck,Regular,Printed,847,0,1
L,Full,White,Mandarin,Slim,Striped,309,2,1
M,Half,Yellow,V-Neck,Loose,Checked,3000,2,0
XL,Half,Green,V-Neck,Slim,Printed,1458,2,0
M,Full,Yellow,Round,Regular,Solid,1013,0,1
M,Half,Red,Round,Regular,Striped,1556,6,0
XL,Full,Blue,Round,Regular,Striped,943,0,1
L,Sleeveless,Red,V-Neck,Regular,Checked,1204,0,0
S,Half,White,Mandarin,Slim,Checked,1603,1,0
XL,Full,Black,Round,Slim,Checked,1651,7,1
S,Full,Blue,Round,Slim,Striped,770,2,0
L,Half,Blue,V-Neck,Regular,Checked,1982,1,0
M,Half,White,Round,Slim,Solid,2197,4,1
S,Full,Red,V-Neck,Slim,Checked,439,3,0
XL,Half,Yellow,Round,Regular,Printed,690,0,0
S,Full,Green,V-Neck,Regular,Printed,3000,2,1
S,Sleeveless,White,Mandarin,Loose,Printed,2607,8,1
L,Sleeveless,Black,Polo,Regular,Printed,1052,0,1
L,Sleeveless,Blue,V-Neck,Regular,Solid,1362,6,0
M,Full,Black,Mandarin,Loose,Solid,1407,0,0
M,Half,Red,V-Neck,Regular,Solid,2197,7,0
M,Sleeveless,Blue,Round,Regular,Solid,878,1,1
L,Full,Blue,V-Neck,Regular,Solid,2819,5,1
M,Half,Blue,Round,Loose,Solid,1708,0,1
M,Sleeveless,Green,Mandarin,Slim,Solid,1374,8,1
XL,Sleeveless,Blue,Mandarin,Regular,Printed,679,2,1
M,Full,Green,Round,Loose,Solid,854,8,0
S,Half,Red,V-Neck,Loose,Printed,442,2,0
S,Sleeveless,Black,Polo,Slim,Striped,932,4,1
S,Sleeveless,Blue,V-Neck,Regular,Printed,314,2,1
L,Sleeveless,Yellow,Polo,Loose,Solid,902,0,0
L,Full,Red,Round,Regular,Checked,1811,3,0
M,Sleeveless,Red,V-Neck,Slim,Solid,504,4,0
M,Sleeveless,Red,Polo,Regular,Checked,2234,1,0
S,Full,Green,Polo,Regular,Solid,817,3,1
S,Sleeveless,Black,Round,Regular,Striped,469,0,0
XL,Half,Black,Polo,Slim,Solid,1673,1,0
L,Full,Green,V-Neck,Slim,Printed,2147,5,0
S,Sleeveless,Black,Round,Regular,Printed,863,1,1
S,Half,Blue,Mandarin,Slim,Printed,360,3,0
M,Sleeveless,Green,Polo,Regular,Checked,1687,3,0
L,Half,White,Mandarin,Regular,Printed,2252,5,0
S,Sleeveless,White,V-Neck,Regular,Striped,2092,1,1
M,Sleeveless,Yellow,Round,Slim,Checked,1700,0,0
M,Full,Blue,Round,Regular,Striped,1150,3,0
L,Half,Black,Polo,Regular,Solid,1038,2,0
S,Full,Red,Round,Regular,Checked,1601,3,0
M,Half,Green,Polo,Regular,Printed,1883,0,0
M,Full,Yellow,V-Neck,Slim,Printed,1345,1,0
XL,Half,White,Polo,Loose,Solid,1987,8,0
L,Full,Black,Round,Slim,Printed,2214,3,1
XL,Half,Black,Polo,Regular,Printed,941,0,0
M,Half,Green,Round,Slim,Printed,320,1,1
XL,Full,White,Round,Slim,Checked,595,6,1
L,Half,White,Polo,Loose,Printed,783,0,0
M,Full,Red,Round,Slim,Striped,2136,3,1
XL,Full,Green,V-Neck,Slim,Striped,2559,4,0
XL,Sleeveless,Black,Round,Regular,Solid,2341,4,0
L,Full,Black,V-Neck,Regular,Solid,669,0,0
M,Full,Blue,Polo,Loose,Striped,830,1,1
S,Half,Blue,Round,Slim,Striped,655,2,1
M,Half,Blue,V-Neck,Slim,Striped,2370,6,0
XL,Half,White,Polo,Slim,Striped,2097,2,0
S,Full,Blue,Mandarin,Slim,Checked,920,2,0
M,Full,Black,Polo,Regular,Printed,739,0,0
L,Full,Blue,Round,Slim,Checked,618,0,0
L,Sleeveless,Black,Polo,Loose,Printed,1435,0,0
L,Half,White,Mandarin,Slim,Printed,500,1,0
S,Full,Blue,Polo,Loose,Solid,617,1,1
L,Half,Blue,Mandarin,Slim,Solid,765,2,0
M,Full,White,Mandarin,Slim,Solid,1647,4,1
M,Half,Blue,Polo,Regular,Printed,2282,7,1
M,Full,Black,Polo,Regular,Printed,2460,2,1
M,Sleeveless,Red,V-Neck,Regular,Solid,793,0,0
M,Sleeveless,Yellow,V-Neck,Loose,Striped,2087,6,0
L,Full,Blue,V-Neck,Slim,Striped,1359,4,1
L,Half,Blue,Polo,Regular,Striped,1511,5,0
M,Sleeveless,White,V-Neck,Regular,Printed,649,3,0
S,Sleeveless,Black,Round,Loose,Printed,588,2,1
L,Full,Green,Round,Regular,Striped,2483,0,0
L,Full,White,V-Neck,Regular,Printed,577,2,0
L,Full,White,Round,Loose,Solid,1163,1,0
S,Sleeveless,Red,V-Neck,Slim,Printed,623,0,0
M,Half,Black,Polo,Regular,Printed,791,0,1
S,Sleeveless,Blue,Round,Loose,Solid,975,0,0
XL,Half,White,Mandarin,Loose,Solid,2611,3,0
M,Full,Red,V-Neck,Regular,Printed,613,0,0
M,Sleeveless,Black,Round,Regular,Checked,824,8,0
XL,Full,Red,Polo,Regular,Printed,1598,3,0
M,Half,Red,Polo,Slim,Checked,1881,4,0
XL,Half,Red,Round,Slim,Striped,1915,8,1
M,Half,Green,Round,Slim,Striped,850,8,1
L,Full,White,V-Neck,Loose,Solid,636,1,1
S,Half,Blue,Round,Loose,Solid,2792,4,0
M,Sleeveless,Blue,Polo,Regular,Solid,967,2,0
M,Full,Black,Polo,Regular,Solid,1049,0,0
L,Full,Green,Polo,Loose,Solid,1120,1,0
S,Sleeveless,Black,V-Neck,Regular,Solid,2385,3,1
L,Sleeveless,Black,Round,Regular,Solid,1376,9,1
S,Full,Black,Round,Loose,Solid,1186,0,0
S,Full,Red,V-Neck,Regular,Checked,1048,4,1
L,Sleeveless,Black,Round,Loose,Printed,1839,7,0
L,Full,Green,V-Neck,Slim,Striped,2533,2,0
L,Half,Blue,Round,Loose,Striped,2819,2,0
S,Full,Blue,Polo,Slim,Solid,1034,2,0
S,Full,Red,Mandarin,Loose,Printed,1011,2,0
L,Sleeveless,Black,Polo,Slim,Solid,1745,2,1
XL,Full,Black,Round,Loose,Printed,1009,3,0
S,Sleeveless,Green,Mandarin,Slim,Solid,2428,2,1
L,Half,Green,Polo,Loose,Printed,2527,9,0
L,Half,Black,Polo,Loose,Solid,2576,1,0
M,Sleeveless,Blue,Round,Slim,Solid,394,3,1
M,Sleeveless,Blue,Round,Regular,Checked,2054,3,0
S,Full,Green,Mandarin,Slim,Checked,2980,2,0
M,Sleeveless,Blue,Round,Loose,Checked,2033,3,0
M,Full,Red,V-Neck,Slim,Striped,249,0,0
M,Full,Blue,V-Neck,Regular,Striped,1553,2,1
M,Sleeveless,Green,Mandarin,Slim,Checked,524,2,1
M,Full,White,Mandarin,Loose,Striped,3000,4,1
S,Half,Blue,V-Neck,Regular,Printed,2040,6,0
L,Full,Black,Round,Loose,Solid,1536,7,0
M,Full,Green,Polo,Loose,Striped,509,3,1
L,Full,White,Round,Regular,Printed,1958,1,0
L,Half,Red,Mandarin,Slim,Solid,2196,4,0
M,Half,Red,V-Neck,Regular,Solid,1022,1,0
XL,Sleeveless,Green,Round,Loose,Printed,2793,0,0
M,Half,Blue,V-Neck,Regular,Checked,994,6,0
L,Sleeveless,Green,Round,Slim,Printed,358,3,0
XL,Full,Blue,V-Neck,Slim,Solid,1261,4,1
L,Full,Black,Mandarin,Slim,Solid,2060,1,1
S,Half,Red,Polo,Loose,Checked,1655,6,1
XL,Full,Blue,Polo,Slim,Solid,386,0,0
S,Full,Blue,Mandarin,Regular,Printed,1802,1,0
XL,Sleeveless,Black,V-Neck,Loose,Striped,529,1,0
M,Sleeveless,Green,Mandarin,Slim,Striped,2417,0,0
XL,Full,Blue,Polo,Regular,Checked,448,0,0
XL,Half,White,Round,Regular,Striped,2718,1,1
M,Full,Yellow,Round,Regular,Printed,2413,1,0
XL,Sleeveless,Blue,Polo,Slim,Printed,1955,1,0
L,Sleeveless,Red,Round,Regular,Printed,2194,7,0
XL,Full,Green,Round,Loose,Striped,2893,5,0
M,Half,Yellow,Mandarin,Regular,Solid,512,0,0
L,Sleeveless,White,Mandarin,Slim,Solid,1318,2,0
L,Sleeveless,Black,Round,Loose,Printed,439,2,0
M,Sleeveless,Blue,Polo,Regular,Printed,770,1,0
L,Full,Green,Mandarin,Slim,Printed,1213,4,0
L,Sleeveless,Green,Round,Loose,Solid,1990,2,0
L,Half,Red,Round,Regular,Printed,1038,0,1
M,Half,Yellow,Round,Loose,Printed,1353,4,0
M,Sleeveless,White,Polo,Loose,Checked,1051,2,0
M,Half,Yellow,Polo,Regular,Solid,1171,2,1
S,Sleeveless,White,Polo,Slim,Striped,2305,0,1
M,Half,Yellow,V-Neck,Regular,Solid,298,2,1
S,Half,Black,Polo,Regular,Solid,632,3,1
M,Full,Blue,Round,Loose,Solid,2253,3,1
M,Full,Blue,Polo,Slim,Printed,791,3,1
L,Half,Green,Mandarin,Slim,Printed,738,0,1
L,Full,Green,Round,Loose,Printed,380,1,1
L,Full,Red,V-Neck,Regular,Printed,605,1,0
S,Half,Black,Round,Loose,Checked,2857,0,1
XL,Sleeveless,Yellow,Polo,Slim,Checked,854,9,1
M,Half,White,Round,Regular,Printed,1812,0,0
S,Sleeveless,Red,Round,Loose,Checked,520,0,1
XL,Full,Black,Mandarin,Slim,Striped,685,5,0
S,Full,Blue,Round,Regular,Solid,1416,2,0
S,Half,White,V-Neck,Slim,Striped,621,2,0
L,Sleeveless,Red,Polo,Regular,Printed,1745,0,0
S,Full,Black,V-Neck,Regular,Checked,1811,4,0
L,Sleeveless,White,Round,Loose,Striped,325,3,0
S,Sleeveless,Green,Mandarin,Loose,Solid,1162,3,1
L,Half,Red,Polo,Loose,Solid,1432,1,0
L,Half,White,Polo,Loose,Striped,644,0,1
L,Sleeveless,Red,Round,Loose,Printed,352,4,0
M,Sleeveless,Red,V-Neck,Loose,Striped,689,8,0
L,Full,Blue,V-Neck,Slim,Printed,1577,8,0
L,Sleeveless,Black,Round,Loose,Solid,1348,6,0
L,Sleeveless,Blue,Round,Regular,Printed,992,3,1
M,Half,White,Polo,Slim,Solid,361,1,0
S,Full,White,Mandarin,Loose,Solid,970,6,0
S,Sleeveless,Black,Mandarin,Slim,Checked,473,7,0
S,Half,Blue,Round,Regular,Solid,334,8,1
L,Full,Red,Round,Regular,Striped,2443,2,1
XL,Half,White,Round,Loose,Printed,777,3,0
M,Sleeveless,Black,Mandarin,Loose,Printed,527,1,0
M,Half,Yellow,Mandarin,Slim,Printed,1355,5,0
S,Half,Yellow,V-Neck,Regular,Solid,857,3,0
M,Half,Red,Polo,Loose,Striped,2842,7,1
M,Sleeveless,Red,Polo,Loose,Solid,426,2,1
L,Full,Black,Mandarin,Regular,Checked,1134,0,0
M,Full,Yellow,Polo,Regular,Solid,880,9,1
L,Full,White,V-Neck,Regular,Checked,1123,2,0
M,Half,Yellow,V-Neck,Regular,Checked,2305,4,0
S,Full,Blue,Round,Slim,Solid,2127,7,1
XL,Full,Black,V-Neck,Slim,Solid,1296,3,1
M,Full,White,Polo,Regular,Printed,1371,3,1
S,Full,Blue,V-Neck,Regular,Printed,1167,8,1
L,Full,Green,V-Neck,Loose,Striped,1655,2,1
M,Full,White,Round,Regular,Printed,1180,3,1
M,Sleeveless,Yellow,Round,Regular,Striped,2349,1,0
M,Half,Black,V-Neck,Regular,Printed,746,0,1
M,Sleeveless,White,Polo,Slim,Solid,368,1,1
S,Half,White,Round,Regular,Checked,339,3,0
S,Full,Black,Mandarin,Regular,Striped,1968,4,0
L,Full,Red,Round,Loose,Solid,2034,4,0
M,Sleeveless,Black,V-Neck,Regular,Striped,2522,3,0
L,Full,White,Polo,Loose,Checked,214,10,1
M,Full,Red,Mandarin,Regular,Printed,517,0,0
L,Half,Yellow,V-Neck,Slim,Striped,792,3,1
S,Sleeveless,White,V-Neck,Slim,Checked,1444,7,1
L,Sleeveless,White,Mandarin,Loose,Solid,1999,1,1
S,Half,Blue,Mandarin,Loose,Solid,487,3,0
M,Full,Blue,Mandarin,Slim,Printed,401,4,0
M,Full,Red,Polo,Loose,Solid,373,4,0
M,Sleeveless,Yellow,Polo,Slim,Solid,395,2,0
S,Full,Green,V-Neck,Regular,Solid,734,1,0
S,Sleeveless,Blue,V-Neck,Regular,Solid,283,3,0
S,Sleeveless,Red,Mandarin,Slim,Checked,1584,2,0
L,Full,Blue,V-Neck,Regular,Solid,1903,3,1
M,Full,Black,Round,Loose,Printed,1255,2,1
M,Half,White,Polo,Regular,Printed,725,1,1
S,Full,Green,Polo,Regular,Printed,1370,1,1
S,Full,Blue,Polo,Loose,Solid,1433,2,0
XL,Full,Blue,Round,Regular,Printed,401,2,0
M,Half,Yellow,Round,Loose,Checked,1996,4,1
S,Sleeveless,White,V-Neck,Loose,Printed,1414,3,0
M,Full,Black,Polo,Regular,Solid,796,9,1
XL,Half,Green,V-Neck,Loose,Solid,1311,2,0
S,Sleeveless,White,Mandarin,Regular,Printed,1362,4,0
S,Full,Black,V-Neck,Slim,Printed,988,1,0
L,Sleeveless,Yellow,Round,Loose,Printed,1019,2,0
M,Half,Black,Polo,Regular,Solid,779,1,1
M,Full,Green,Polo,Slim,Printed,2046,2,0
XL,Full,Red,V-Neck,Regular,Striped,401,4,0
M,Full,Green,Round,Slim,Solid,2256,1,1
L,Full,Black,V-Neck,Slim,Printed,2556,3,0
L,Full,Green,Round,Regular,Striped,386,2,1
S,Full,Black,V-Neck,Slim,Printed,532,2,1
M,Full,Red,Mandarin,Regular,Solid,817,1,1
XL,Half,Blue,Polo,Loose,Solid,1679,0,0
M,Sleeveless,Blue,Polo,Loose,Printed,928,3,0
M,Full,Green,Mandarin,Regular,Checked,1596,3,1
XL,Half,Black,Mandarin,Slim,Printed,1394,8,0
L,Sleeveless,Black,Round,Slim,Printed,2921,2,0
M,Full,Blue,V-Neck,Slim,Printed,900,0,1
L,Full,Black,Polo,Slim,Printed,453,3,1
M,Half,Blue,Polo,Slim,Solid,1355,3,0
L,Full,White,Polo,Slim,Striped,1167,3,1
S,Half,Red,Round,Loose,Striped,1786,1,1
L,Full,Black,Mandarin,Slim,Striped,205,1,0
XL,Full,Black,V-Neck,Regular,Solid,1102,6,0
M,Full,Blue,Round,Regular,Striped,277,3,0
XL,Sleeveless,Black,V-Neck,Slim,Printed,1952,1,0
L,Full,White,Round,Regular,Checked,604,3,1
L,Half,White,Polo,Loose,Solid,2523,4,0
M,Full,Blue,Mandarin,Slim,Printed,1465,4,0
L,Sleeveless,Black,Mandarin,Loose,Printed,554,3,0
L,Sleeveless,White,Round,Loose,Striped,2723,2,0
XL,Full,Yellow,Round,Regular,Checked,1523,1,1
M,Half,Blue,Round,Loose,Checked,2016,1,1
S,Half,Black,V-Neck,Slim,Solid,1224,9,0
S,Full,Blue,Polo,Slim,Printed,688,2,0
S,Half,Yellow,Round,Regular,Checked,323,2,0
S,Half,Blue,Polo,Slim,Checked,2477,9,0
L,Full,Black,Round,Regular,Striped,709,8,1
M,Sleeveless,Blue,V-Neck,Slim,Printed,2722,0,1
S,Sleeveless,Red,Round,Regular,Solid,1831,0,0
XL,Full,Yellow,Polo,Regular,Checked,2194,7,0
L,Full,Black,V-Neck,Slim,Striped,1485,2,0
XL,Half,Blue,Round,Loose,Printed,625,1,0
L,Sleeveless,White,V-Neck,Regular,Solid,1203,4,1
XL,Half,Yellow,V-Neck,Slim,Solid,538,0,1
L,Full,Red,V-Neck,Slim,Solid,2139,10,0
M,Half,White,V-Neck,Regular,Solid,471,0,0
M,Full,Yellow,Polo,Regular,Checked,2271,9,0
XL,Half,Green,V-Neck,Slim,Checked,477,9,0
S,Full,Blue,Polo,Slim,Striped,1946,2,0
L,Full,Black,Round,Slim,Solid,1999,3,0
L,Sleeveless,Black,Round,Slim,Checked,734,8,0
XL,Full,Blue,Polo,Slim,Striped,1290,1,0
XL,Half,Black,Polo,Regular,Solid,1564,2,0
L,Half,White,Polo,Slim,Striped,1783,4,0
L,Full,Blue,Mandarin,Regular,Solid,485,2,0
M,Full,Black,Polo,Regular,Striped,621,2,1
XL,Sleeveless,White,Mandarin,Loose,Printed,1558,0,1
M,Sleeveless,White,Mandarin,Slim,Solid,1814,7,0
M,Full,Green,V-Neck,Regular,Solid,1841,7,0
XL,Sleeveless,Black,Mandarin,Regular,Printed,1370,6,0
S,Full,Black,Polo,Slim,Printed,451,2,0
S,Full,Yellow,Mandarin,Regular,Striped,2420,5,0
M,Half,Black,Polo,Regular,Checked,2278,6,0
S,Full,Green,Mandarin,Slim,Striped,1561,1,0
M,Sleeveless,Green,Mandarin,Slim,Printed,3000,2,0
L,Full,Blue,Round,Slim,Solid,1148,1,1
L,Sleeveless,Black,V-Neck,Slim,Printed,1048,3,0
L,Half,Blue,Round,Regular,Printed,2559,9,1
M,Sleeveless,Yellow,Round,Regular,Checked,901,2,0
XL,Full,Green,V-Neck,Slim,Printed,436,0,1
XL,Half,White,Round,Loose,Printed,1411,3,0
M,Half,Green,V-Neck,Slim,Printed,1876,7,1
M,Half,White,V-Neck,Regular,Solid,529,0,1
L,Half,Black,Polo,Loose,Printed,1385,2,0
S,Half,Red,Mandarin,Slim,Solid,2581,4,0
S,Half,Black,V-Neck,Regular,Printed,1707,7,0
S,Full,White,Round,Regular,Solid,1178,3,0
L,Half,Blue,V-Neck,Regular,Checked,291,0,1
L,Half,Blue,V-Neck,Slim,Striped,523,1,1
L,Half,Red,Round,Regular,Striped,688,2,0
S,Half,Blue,V-Neck,Regular,Checked,1040,3,0
M,Sleeveless,Black,Polo,Loose,Solid,2787,4,0
XL,Full,Black,V-Neck,Regular,Solid,1648,2,1
XL,Half,Yellow,Polo,Loose,Solid,2909,5,0
M,Full,White,Polo,Regular,Striped,2333,9,1
L,Sleeveless,Green,Mandarin,Regular,Checked,2986,6,0
L,Full,Yellow,Mandarin,Loose,Checked,1862,0,0
L,Half,Red,V-Neck,Slim,Printed,1858,3,0
XL,Sleeveless,White,V-Neck,Loose,Printed,282,3,1
M,Half,White,Round,Regular,Solid,1857,0,1
S,Full,Black,Mandarin,Loose,Printed,2283,1,0
L,Sleeveless,Red,Polo,Regular,Printed,2084,7,1
S,Half,White,V-Neck,Regular,Checked,619,4,0
L,Full,Blue,Round,Slim,Solid,1220,1,1
L,Sleeveless,Blue,V-Neck,Slim,Checked,1078,3,0
L,Sleeveless,Blue,Polo,Regular,Printed,2633,6,0
S,Full,Blue,V-Neck,Loose,Checked,865,0,0
L,Full,Blue,Polo,Regular,Printed,925,7,0
L,Half,Blue,Mandarin,Slim,Printed,1034,2,0
XL,Sleeveless,Blue,Round,Loose,Printed,1717,1,0
S,Half,Red,V-Neck,Loose,Printed,200,2,0
S,Sleeveless,Red,Polo,Regular,Solid,2080,6,1
L,Full,White,Mandarin,Regular,Solid,744,1,1
L,Full,Red,V-Neck,Slim,Solid,433,3,0
M,Half,Black,V-Neck,Slim,Printed,1012,2,0
S,Full,Black,Polo,Regular,Striped,1182,4,0
L,Sleeveless,Red,Mandarin,Slim,Checked,2359,3,0
S,Sleeveless,Yellow,Polo,Regular,Solid,421,4,0
S,Full,Yellow,Round,Slim,Printed,2605,3,0
M,Half,Yellow,Round,Regular,Solid,2741,2,1
S,Half,Black,V-Neck,Regular,Striped,810,3,0
XL,Half,Red,Polo,Loose,Striped,1135,5,1
M,Half,Red,Polo,Regular,Checked,660,5,1
S,Full,White,Round,Slim,Striped,1133,1,0
S,Sleeveless,Blue,Polo,Loose,Solid,856,0,0
L,Full,Blue,Polo,Regular,Checked,617,1,0
M,Half,Green,Polo,Slim,Solid,374,3,1
XL,Full,Blue,V-Neck,Regular,Checked,1386,0,1
XL,Full,Black,Polo,Regular,Striped,2240,2,0
M,Full,Yellow,Round,Regular,Checked,379,5,1
M,Sleeveless,Black,V-Neck,Slim,Solid,962,2,1
L,Full,Yellow,Round,Slim,Checked,730,5,0
XL,Full,Red,Round,Slim,Solid,439,6,0
XL,Sleeveless,Blue,Mandarin,Slim,Solid,2597,5,0
S,Sleeveless,Black,Polo,Regular,Checked,541,0,1
L,Full,Red,Polo,Regular,Striped,911,4,0
M,Full,Yellow,Polo,Loose,Printed,2037,2,0
S,Half,Red,Round,Regular,Checked,2253,2,0
S,Full,Blue,Polo,Slim,Checked,1153,0,0
L,Full,Green,V-Neck,Regular,Checked,846,3,0
L,Full,Red,Polo,Regular,Solid,542,2,1
M,Sleeveless,Black,V-Neck,Regular,Printed,248,0,0
M,Full,Black,Polo,Regular,Striped,652,2,0
XL,Half,Black,Polo,Regular,Solid,731,3,1
XL,Full,Green,Mandarin,Regular,Solid,2217,8,1
XL,Half,Red,V-Neck,Regular,Striped,513,3,0
M,Half,Red,Mandarin,Slim,Checked,473,0,1
M,Full,White,V-Neck,Slim,Solid,828,0,1
S,Full,Green,V-Neck,Slim,Printed,2942,2,1
L,Half,Blue,Mandarin,Loose,Solid,735,6,0
L,Full,Green,Round,Slim,Striped,774,3,0
S,Full,Black,Polo,Regular,Solid,839,0,0
XL,Sleeveless,Green,Round,Slim,Printed,543,3,1
L,Half,Green,Round,Regular,Solid,1201,1,0
M,Sleeveless,Blue,Round,Slim,Striped,1383,7,0
S,Sleeveless,Yellow,V-Neck,Regular,Checked,1126,1,0
M,Full,Yellow,Polo,Regular,Solid,2824,4,0
M,Half,White,Polo,Regular,Solid,1923,9,0
XL,Full,Blue,Polo,Slim,Printed,1234,3,1
M,Half,Blue,Polo,Regular,Striped,1711,0,0
M,Half,Red,Mandarin,Slim,Striped,1862,7,1
XL,Half,Yellow,V-Neck,Loose,Printed,402,3,0
L,Full,Black,Round,Slim,Solid,668,3,1
L,Full,Green,V-Neck,Loose,Solid,1934,2,0
XL,Full,White,Mandarin,Slim,Solid,3000,1,0
S,Half,White,V-Neck,Slim,Checked,1826,4,0
M,Full,Red,V-Neck,Slim,Printed,2352,8,1
L,Half,Green,Round,Regular,Checked,1734,2,0
M,Full,White,Round,Loose,Solid,1888,1,0
M,Half,Yellow,V-Neck,Slim,Solid,587,3,0
S,Full,Black,Mandarin,Loose,Striped,493,4,1
XL,Half,Yellow,Polo,Regular,Solid,1383,9,1
M,Half,Green,V-Neck,Loose,Solid,624,3,0
S,Full,Black,Mandarin,Slim,Striped,427,3,0
L,Sleeveless,Blue,Mandarin,Slim,Printed,1270,0,1
S,Half,Green,Mandarin,Loose,Checked,2769,7,1
M,Full,Blue,Mandarin,Regular,Solid,2418,0,0
L,Full,Red,Mandarin,Regular,Printed,661,9,0
S,Sleeveless,Blue,Mandarin,Loose,Solid,3000,1,0
S,Half,White,Polo,Regular,Printed,2120,5,0
S,Full,Black,V-Neck,Loose,Striped,795,1,0
S,Full,Blue,Round,Slim,Striped,1169,3,0
L,Full,Black,Round,Slim,Striped,2908,2,1
S,Sleeveless,Black,V-Neck,Regular,Printed,487,2,0
S,Full,Red,Polo,Loose,Checked,2389,0,0
M,Sleeveless,Green,Round,Regular,Solid,1755,3,1
S,Full,Blue,Polo,Slim,Striped,1116,3,0
L,Sleeveless,White,Polo,Regular,Printed,1841,1,0
L,Half,Green,Round,Regular,Solid,949,3,0
L,Full,Yellow,V-Neck,Slim,Solid,2027,1,0
XL,Full,Blue,Polo,Regular,Solid,3000,1,0
S,Full,Blue,Polo,Regular,Printed,2004,1,0
XL,Sleeveless,Green,Round,Slim,Striped,258,7,0
M,Full,Blue,V-Neck,Regular,Printed,2330,1,0
L,Sleeveless,Black,Round,Loose,Solid,474,3,0
XL,Full,White,V-Neck,Slim,Printed,903,2,0
L,Full,Black,Mandarin,Regular,Solid,1350,3,0
L,Full,Green,Round,Slim,Solid,670,1,1
M,Sleeveless,Yellow,Round,Slim,Solid,590,2,1
XL,Full,Green,Round,Regular,Printed,1215,5,0
XL,Full,Yellow,Polo,Slim,Solid,1127,6,1
M,Half,Red,Round,Loose,Checked,1871,2,0
XL,Full,Yellow,Round,Regular,Checked,2807,6,1
S,Sleeveless,Yellow,Round,Loose,Solid,1645,2,0
XL,Full,Black,Mandarin,Regular,Checked,2345,1,0
M,Full,Blue,V-Neck,Regular,Solid,231,3,1
S,Full,White,V-Neck,Loose,Printed,1354,2,1
L,Sleeveless,Yellow,Round,Regular,Solid,2147,5,0
XL,Half,Green,Polo,Slim,Checked,1170,3,1
L,Half,Red,Round,Loose,Solid,610,4,1
M,Half,Blue,Round,Slim,Printed,2180,9,1
M,Half,Blue,Round,Regular,Printed,1861,8,1
XL,Full,Green,Round,Regular,Striped,738,9,0
M,Sleeveless,Blue,Polo,Regular,Checked,2836,8,0
L,Half,Blue,V-Neck,Regular,Checked,1671,3,0
XL,Full,Green,V-Neck,Slim,Checked,1452,3,0
S,Sleeveless,White,V-Neck,Loose,Printed,2512,2,0
S,Half,Blue,Polo,Loose,Solid,1026,3,0
M,Sleeveless,Green,Polo,Loose,Solid,1306,1,0
M,Half,Blue,Round,Regular,Solid,453,1,0
M,Half,White,Round,Slim,Striped,813,0,0
L,Sleeveless,Green,Round,Slim,Solid,2587,3,0
M,Half,Green,V-Neck,Loose,Printed,1447,2,0
M,Sleeveless,Blue,Round,Loose,Striped,2471,2,0
M,Full,White,Mandarin,Regular,Striped,2187,3,0
XL,Half,Black,V-Neck,Loose,Checked,1914,6,0
L,Sleeveless,Blue,Polo,Regular,Printed,1110,0,0
S,Half,White,Round,Regular,Checked,550,0,0
S,Full,Black,V-Neck,Regular,Solid,1613,3,1
L,Full,Red,V-Neck,Slim,Solid,1245,3,1
M,Half,Blue,Round,Regular,Striped,529,2,0
S,Sleeveless,Red,Round,Regular,Solid,746,4,1
S,Full,Black,Mandarin,Slim,Solid,2197,4,0
S,Sleeveless,White,Polo,Regular,Solid,617,0,0
M,Sleeveless,Red,V-Neck,Slim,Striped,601,5,0
XL,Half,Black,Round,Regular,Printed,1390,3,1
XL,Full,Black,Mandarin,Regular,Printed,790,4,0
L,Half,Blue,Round,Slim,Solid,1235,1,1
M,Sleeveless,Blue,Mandarin,Loose,Printed,320,7,1
XL,Full,Yellow,Polo,Loose,Checked,1087,2,1
L,Sleeveless,Yellow,Round,Regular,Striped,2167,1,0
XL,Half,Red,Polo,Slim,Striped,2810,1,1
S,Half,Blue,Polo,Regular,Printed,1517,3,0
XL,Full,Green,V-Neck,Regular,Striped,1606,2,0
M,Full,Blue,Mandarin,Slim,Printed,3000,2,1
M,Half,Green,V-Neck,Loose,Checked,499,1,0
S,Full,Green,V-Neck,Loose,Checked,638,0,1
M,Full,Black,Round,Slim,Printed,890,1,1
M,Full,White,Mandarin,Loose,Solid,862,2,0
S,Sleeveless,White,Round,Loose,Striped,891,6,0
M,Sleeveless,Red,Mandarin,Loose,Solid,2663,4,1
M,Half,Black,V-Neck,Loose,Striped,937,4,1
S,Full,Yellow,Mandarin,Regular,Printed,1631,2,0
M,Full,Red,V-Neck,Slim,Printed,2946,4,1
M,Full,Green,Polo,Slim,Solid,2512,1,0
L,Full,Green,Mandarin,Slim,Printed,225,7,0
M,Half,Blue,Mandarin,Regular,Checked,443,1,0
L,Full,White,Round,Loose,Printed,801,1,1
M,Full,Green,Round,Regular,Printed,985,0,0
L,Full,Green,Polo,Regular,Solid,848,3,0
S,Half,Black,Round,Slim,Checked,2803,7,0
XL,Sleeveless,Green,Round,Loose,Solid,665,0,1
M,Half,Green,Polo,Regular,Striped,748,5,1
L,Sleeveless,Black,Mandarin,Regular,Solid,2433,6,1
M,Half,White,V-Neck,Regular,Printed,1037,1,0
S,Half,Red,Mandarin,Regular,Printed,477,2,0
XL,Sleeveless,Blue,Round,Loose,Checked,736,1,0
S,Half,Green,Round,Regular,Solid,663,0,0
M,Sleeveless,Green,Polo,Loose,Printed,761,3,0
L,Sleeveless,Black,Round,Loose,Solid,2906,7,1
XL,Half,Black,Mandarin,Loose,Striped,696,3,0
L,Half,Blue,Round,Slim,Checked,1007,0,0
XL,Full,White,V-Neck,Regular,Solid,1176,7,1
S,Half,Blue,V-Neck,Slim,Printed,549,3,1
M,Half,White,V-Neck,Loose,Checked,1239,3,0
M,Half,Blue,Mandarin,Regular,Printed,1053,2,0
M,Sleeveless,White,Polo,Slim,Solid,2273,3,0
L,Sleeveless,Black,Polo,Slim,Printed,3000,3,0
L,Full,Red,Mandarin,Regular,Striped,1591,4,0
L,Full,Yellow,Mandarin,Loose,Solid,884,8,1
L,Half,Red,V-Neck,Slim,Solid,724,3,1
M,Half,White,Round,Slim,Printed,516,0,1
M,Full,Black,Round,Slim,Printed,324,6,0
M,Half,Yellow,Polo,Slim,Striped,916,1,1
M,Half,Black,Mandarin,Regular,Solid,944,0,1
L,Sleeveless,White,Mandarin,Regular,Solid,446,1,1
M,Half,White,V-Neck,Loose,Solid,2952,1,0
M,Half,Green,Mandarin,Loose,Solid,616,7,1
XL,Sleeveless,Black,Mandarin,Slim,Printed,1331,3,1
M,Half,White,Polo,Slim,Checked,2967,8,0
L,Full,Black,Round,Loose,Solid,877,0,0
L,Half,Black,Round,Slim,Solid,789,2,0
M,Half,Yellow,Round,Regular,Checked,1253,0,1
M,Half,Black,Polo,Loose,Printed,1213,1,1
L,Full,Red,V-Neck,Loose,Solid,2867,9,0
XL,Sleeveless,Red,Round,Regular,Solid,905,6,1
S,Full,Yellow,Polo,Slim,Solid,423,2,0
M,Half,Blue,Round,Regular,Printed,2318,0,0
M,Full,White,Mandarin,Loose,Printed,677,3,0
L,Sleeveless,Yellow,V-Neck,Loose,Striped,2005,0,1
L,Sleeveless,Blue,Polo,Slim,Solid,2062,0,0
S,Sleeveless,Black,Polo,Loose,Solid,378,0,1
S,Sleeveless,Red,V-Neck,Regular,Printed,1375,3,0
L,Full,Red,Mandarin,Slim,Solid,460,5,1
XL,Sleeveless,Black,V-Neck,Loose,Printed,2966,0,0
M,Half,Green,V-Neck,Regular,Printed,1675,5,0
L,Full,White,Polo,Regular,Solid,1272,0,1
L,Full,Black,Polo,Slim,Solid,578,10,1
L,Full,Blue,V-Neck,Regular,Printed,1346,0,1
XL,Full,Blue,V-Neck,Regular,Solid,714,0,1
L,Full,Red,Mandarin,Regular,Solid,2644,3,0
XL,Full,Blue,Mandarin,Regular,Solid,486,0,0
XL,Half,White,Mandarin,Slim,Checked,250,7,1
L,Sleeveless,Black,Polo,Slim,Checked,587,3,0
XL,Sleeveless,Yellow,Mandarin,Regular,Striped,2617,1,0
XL,Half,Red,V-Neck,Loose,Printed,2113,2,0
M,Sleeveless,Red,Mandarin,Loose,Printed,2110,5,0
M,Sleeveless,Green,Round,Slim,Checked,389,2,0
L,Half,White,Polo,Loose,Solid,1207,2,0
M,Full,Blue,Polo,Loose,Striped,738,4,0
L,Full,Black,V-Neck,Slim,Checked,326,0,0
S,Full,Red,V-Neck,Slim,Checked,895,0,0
XL,Half,Green,Mandarin,Slim,Checked,706,0,0
M,Full,Blue,V-Neck,Slim,Printed,664,0,1
M,Sleeveless,Red,V-Neck,Regular,Printed,1099,0,0
M,Full,White,Round,Regular,Solid,1371,3,0
L,Full,Yellow,Round,Loose,Striped,303,0,0
M,Sleeveless,White,V-Neck,Slim,Checked,3000,0,0
S,Sleeveless,Red,Round,Regular,Checked,2364,0,0
L,Sleeveless,Blue,V-Neck,Slim,Printed,2777,2,0
S,Half,Blue,Polo,Regular,Printed,3000,0,1
XL,Sleeveless,Black,Mandarin,Loose,Solid,1649,9,1
M,Full,Yellow,Mandarin,Regular,Checked,2169,0,1
XL,Half,Red,V-Neck,Slim,Striped,1634,2,0
M,Full,Green,Round,Regular,Solid,1120,0,0
S,Half,Yellow,Round,Regular,Solid,508,2,0
L,Full,Green,Polo,Loose,Striped,833,0,1
L,Half,White,Mandarin,Loose,Printed,2008,8,0
M,Full,Green,Round,Slim,Printed,1251,0,0
M,Full,Blue,Mandarin,Slim,Checked,1519,2,0
S,Full,Black,Mandarin,Regular,Printed,1466,3,1
M,Full,Blue,Round,Slim,Printed,619,3,0
M,Half,Black,Mandarin,Loose,Solid,633,2,0
L,Full,Red,Round,Slim,Solid,342,3,0
M,Full,Red,Round,Slim,Printed,525,1,1
M,Half,Green,V-Neck,Regular,Striped,2181,3,0
M,Full,Green,Round,Loose,Checked,2691,4,0
L,Full,Blue,Mandarin,Slim,Printed,418,1,0
XL,Sleeveless,Black,Mandarin,Loose,Solid,840,0,0
M,Half,White,Mandarin,Slim,Striped,339,5,0
S,Sleeveless,Yellow,Polo,Slim,Printed,976,5,0
S,Half,Blue,Polo,Slim,Printed,556,0,0
S,Sleeveless,Red,Round,Loose,Striped,658,1,0
S,Full,Black,Polo,Slim,Printed,905,2,0
XL,Full,Black,V-Neck,Regular,Striped,940,1,0
L,Full,Black,V-Neck,Slim,Striped,1882,9,1
M,Full,Green,V-Neck,Slim,Printed,1119,4,1
M,Full,Black,V-Neck,Loose,Striped,380,0,1
M,Half,Black,V-Neck,Slim,Printed,898,0,0
M,Full,Red,Round,Slim,Solid,1968,2,1
S,Sleeveless,Black,Round,Regular,Printed,2605,9,1
S,Half,Black,Round,Regular,Solid,578,2,1
S,Sleeveless,Red,Round,Regular,Checked,1795,9,0
XL,Sleeveless,Black,Mandarin,Slim,Solid,2986,3,1
M,Sleeveless,Black,Polo,Slim,Striped,2877,4,0
S,Full,Black,Round,Loose,Solid,2455,3,1
M,Sleeveless,Black,Mandarin,Regular,Checked,1052,0,1
XL,Sleeveless,Red,Round,Regular,Solid,2758,7,1
XL,Sleeveless,Blue,V-Neck,Regular,Checked,1266,0,0
M,Half,White,Mandarin,Slim,Solid,827,0,1
M,Full,Green,Mandarin,Loose,Solid,691,5,0
L,Sleeveless,Blue,Mandarin,Regular,Striped,666,2,0
M,Sleeveless,White,V-Neck,Slim,Solid,353,9,0
S,Half,Green,V-Neck,Loose,Solid,320,5,0
L,Half,Blue,V-Neck,Regular,Striped,200,2,0
S,Sleeveless,Yellow,Mandarin,Loose,Printed,1660,1,0
M,Full,Red,Polo,Slim,Checked,960,1,0
L,Half,Black,Round,Slim,Striped,1657,1,0
XL,Half,White,Polo,Loose,Striped,1548,4,1
XL,Full,Green,Polo,Slim,Printed,684,4,0
M,Half,Red,Mandarin,Slim,Solid,1530,3,1
L,Half,Blue,Round,Regular,Solid,3000,0,1
S,Full,Red,V-Neck,Slim,Printed,817,6,0
L,Half,Blue,Round,Regular,Solid,1731,3,1
L,Half,Red,Polo,Slim,Striped,1115,7,0
L,Full,Yellow,V-Neck,Loose,Striped,2051,7,1
M,Full,Green,Mandarin,Regular,Striped,1468,1,1
L,Sleeveless,Black,Mandarin,Loose,Checked,2523,6,0
M,Full,Black,Round,Regular,Striped,2026,2,0
S,Half,Black,V-Neck,Slim,Solid,1065,6,1
L,Full,Yellow,Mandarin,Slim,Printed,908,4,0
M,Half,Black,V-Neck,Slim,Printed,777,3,0
M,Full,Green,Round,Loose,Solid,2117,0,1
XL,Sleeveless,White,V-Neck,Loose,Solid,398,2,1
XL,Half,Blue,V-Neck,Slim,Printed,2132,2,0
M,Half,Black,V-Neck,Regular,Printed,593,3,1
XL,Half,Blue,Polo,Regular,Solid,2260,2,0
XL,Sleeveless,White,Round,Loose,Checked,988,1,0
L,Full,Yellow,V-Neck,Slim,Solid,443,0,0
S,Half,Green,Round,Regular,Checked,2026,1,0
M,Full,Blue,Mandarin,Slim,Checked,722,2,0
XL,Half,Blue,Mandarin,Slim,Checked,686,3,0
M,Half,Black,Mandarin,Loose,Printed,3000,4,1
S,Full,Yellow,Polo,Regular,Checked,2022,7,1
M,Sleeveless,Yellow,Mandarin,Regular,Striped,1064,5,0
M,Half,Blue,V-Neck,Loose,Printed,811,9,0
XL,Sleeveless,White,V-Neck,Slim,Striped,1752,2,0
M,Half,Green,Polo,Regular,Printed,2381,1,0
M,Full,Green,Polo,Regular,Printed,816,3,0
S,Sleeveless,Black,V-Neck,Loose,Checked,2070,2,0
M,Full,Green,Polo,Loose,Printed,741,5,0
XL,Sleeveless,Black,Mandarin,Regular,Checked,2699,4,0
S,Half,Black,Mandarin,Slim,Printed,2318,4,0
L,Half,White,Round,Regular,Striped,756,0,0
M,Sleeveless,Blue,Round,Slim,Solid,1019,2,0
M,Sleeveless,Blue,V-Neck,Loose,Checked,734,5,0
M,Full,Black,Polo,Loose,Checked,699,1,0
M,Half,White,Polo,Regular,Solid,541,2,1
S,Full,Green,Polo,Slim,Solid,1188,0,0
XL,Half,Yellow,Round,Regular,Checked,1914,5,1
M,Sleeveless,Red,Round,Regular,Printed,2524,0,1
L,Sleeveless,Yellow,Round,Regular,Striped,1765,1,0
M,Sleeveless,Blue,Mandarin,Slim,Printed,1664,7,0
L,Full,Blue,Round,Slim,Printed,775,0,1
XL,Half,Yellow,Mandarin,Regular,Solid,523,4,1
M,Full,Blue,Mandarin,Regular,Solid,2335,9,1
S,Half,Blue,Mandarin,Slim,Striped,1135,1,0
XL,Full,Black,Round,Slim,Solid,604,1,1
M,Half,White,Round,Slim,Solid,665,0,0
S,Half,Red,V-Neck,Slim,Checked,1947,8,0
M,Half,White,V-Neck,Loose,Checked,1943,6,1
XL,Half,Red,Polo,Slim,Striped,666,2,0
XL,Full,Black,Round,Slim,Solid,614,0,0
L,Sleeveless,Blue,Round,Loose,Checked,2891,2,0
M,Half,Red,Round,Loose,Solid,667,2,0
M,Half,Blue,Mandarin,Regular,Solid,1573,9,1
M,Half,Blue,Polo,Regular,Striped,580,3,1
L,Half,White,Mandarin,Regular,Solid,853,10,0
S,Half,White,Round,Loose,Solid,252,0,0
XL,Full,White,V-Neck,Regular,Checked,1893,7,1
XL,Full,Blue,Round,Loose,Striped,1952,1,0
L,Half,Black,Mandarin,Regular,Printed,333,3,0
M,Full,Black,V-Neck,Loose,Printed,2363,3,1
M,Half,White,V-Neck,Loose,Checked,710,4,1
XL,Full,Red,Mandarin,Slim,Checked,602,0,1
M,Half,Red,Mandarin,Loose,Striped,1492,3,0
L,Sleeveless,Red,Polo,Loose,Printed,2892,8,0
S,Sleeveless,Green,V-Neck,Loose,Striped,486,4,0
S,Half,Yellow,V-Neck,Slim,Solid,2502,2,0
XL,Sleeveless,Green,Polo,Regular,Solid,1630,6,1
XL,Half,Black,Round,Regular,Printed,3000,1,0
S,Sleeveless,Red,V-Neck,Regular,Printed,849,5,0
L,Half,Yellow,Round,Loose,Printed,2850,3,1
L,Half,Blue,Mandarin,Regular,Solid,385,3,0
L,Half,Blue,Round,Regular,Solid,2076,3,1
L,Full,Red,V-Neck,Loose,Checked,2822,1,1
L,Sleeveless,Blue,Mandarin,Slim,Checked,262,1,0
S,Half,White,Mandarin,Loose,Striped,1212,0,1
M,Half,White,Round,Regular,Solid,1917,6,0
M,Full,Green,V-Neck,Loose,Striped,1316,5,1
M,Sleeveless,Black,Polo,Regular,Solid,1773,4,1
L,Half,White,Polo,Regular,Striped,2686,7,0
S,Sleeveless,Red,Round,Regular,Printed,1963,2,0
L,Full,Black,V-Neck,Regular,Solid,674,3,1
L,Sleeveless,Black,Polo,Regular,Solid,996,1,1
S,Sleeveless,Blue,Round,Slim,Checked,2271,3,0
XL,Full,Black,V-Neck,Regular,Checked,883,5,1
S,Sleeveless,Red,Mandarin,Regular,Checked,2886,4,0
XL,Full,Black,V-Neck,Loose,Checked,692,3,0
S,Half,Yellow,V-Neck,Slim,Solid,1988,0,1
M,Sleeveless,Green,V-Neck,Slim,Checked,517,1,0
M,Half,Blue,Mandarin,Regular,Solid,2005,9,0
S,Half,Green,Round,Slim,Solid,2207,0,0
S,Full,White,Polo,Regular,Printed,3000,3,1
M,Full,Black,Mandarin,Regular,Striped,1598,6,1
M,Half,Red,V-Neck,Slim,Printed,1415,0,0
S,Sleeveless,Yellow,Round,Regular,Solid,356,8,0
L,Full,White,Polo,Regular,Striped,748,3,0
S,Full,Yellow,Round,Slim,Solid,1298,0,1
S,Half,Yellow,V-Neck,Regular,Solid,730,2,0
L,Sleeveless,White,Round,Regular,Solid,708,3,0
S,Full,Blue,Polo,Regular,Printed,1288,3,0
L,Half,White,V-Neck,Regular,Striped,1754,3,1
L,Full,Green,Polo,Regular,Striped,507,5,0
M,Full,Red,Round,Loose,Printed,1943,3,0
M,Half,Blue,Mandarin,Slim,Solid,2212,8,1
L,Half,Red,Polo,Loose,Solid,2430,5,0
S,Sleeveless,Yellow,Round,Regular,Striped,782,2,0
XL,Half,White,Polo,Regular,Checked,1384,0,1
M,Half,Yellow,Round,Slim,Striped,1036,0,1
M,Sleeveless,Red,Round,Loose,Checked,510,2,0
S,Full,Black,Polo,Regular,Solid,820,2,1
M,Sleeveless,Red,Polo,Slim,Striped,968,1,0
S,Half,Black,Mandarin,Loose,Striped,1601,3,0
XL,Sleeveless,Yellow,Mandarin,Regular,Solid,1631,3,0
L,Full,Green,V-Neck,Slim,Solid,1932,1,1
L,Half,Yellow,Mandarin,Loose,Printed,2414,2,0
L,Half,White,Polo,Loose,Striped,545,2,1
M,Half,Black,Polo,Slim,Striped,2303,7,0
L,Half,Green,Polo,Regular,Solid,2568,2,0
S,Sleeveless,Blue,Mandarin,Loose,Checked,2653,1,0
L,Full,Green,Polo,Regular,Checked,962,3,1
L,Half,Green,Round,Slim,Striped,799,7,1
M,Full,Red,Mandarin,Regular,Checked,2732,10,0
XL,Full,Blue,Mandarin,Loose,Solid,2766,1,1
L,Half,Yellow,V-Neck,Regular,Solid,1582,1,0
M,Half,White,Mandarin,Slim,Printed,2199,5,0
M,Half,White,Round,Regular,Printed,1236,1,1
M,Sleeveless,Blue,V-Neck,Regular,Printed,2990,6,0
M,Half,Yellow,V-Neck,Loose,Striped,1166,2,0
M,Half,Blue,Mandarin,Regular,Solid,2448,5,1
L,Sleeveless,Red,Round,Loose,Solid,1170,4,0
M,Sleeveless,Red,Round,Regular,Striped,1024,3,0
L,Full,White,V-Neck,Slim,Checked,2632,5,1
L,Half,Yellow,Mandarin,Regular,Striped,328,7,0
L,Half,Black,V-Neck,Regular,Solid,925,0,0
L,Sleeveless,Blue,Mandarin,Slim,Striped,530,3,1
L,Full,White,V-Neck,Loose,Printed,826,2,0
M,Full,White,Round,Loose,Striped,1919,0,0
XL,Sleeveless,Yellow,Round,Regular,Checked,2838,4,1
S,Half,Blue,Round,Regular,Striped,570,1,1
M,Full,Yellow,Polo,Slim,Checked,215,0,1
M,Full,Black,Mandarin,Regular,Printed,1259,1,0
M,Full,White,Round,Slim,Solid,2218,4,1
L,Half,Red,V-Neck,Slim,Striped,1511,2,1
XL,Full,Blue,Polo,Regular,Printed,2596,2,0
L,Half,White,V-Neck,Slim,Solid,458,0,0
L,Sleeveless,Green,Round,Slim,Solid,629,0,0
L,Sleeveless,Red,Round,Loose,Checked,517,7,1
L,Half,Green,V-Neck,Regular,Printed,1569,0,1
L,Full,Green,Mandarin,Slim,Solid,455,1,0
XL,Full,Green,V-Neck,Regular,Striped,545,0,0
S,Sleeveless,Blue,Polo,Slim,Printed,1418,7,0
M,Full,Yellow,Polo,Regular,Solid,1161,3,1
M,Sleeveless,Yellow,V-Neck,Loose,Striped,2998,6,0
M,Full,Black,Polo,Regular,Printed,1685,2,0
M,Half,Black,V-Neck,Regular,Solid,1422,1,1
L,Half,Blue,V-Neck,Loose,Striped,309,0,0
L,Sleeveless,White,V-Neck,Loose,Solid,1107,4,0
S,Sleeveless,Black,Mandarin,Loose,Striped,709,1,1
L,Sleeveless,Black,Polo,Slim,Striped,1040,0,0
L,Full,Yellow,Mandarin,Slim,Solid,1006,3,0
M,Sleeveless,Red,Round,Slim,Striped,925,3,1
XL,Full,Red,Round,Regular,Printed,2264,7,0
L,Sleeveless,Blue,Round,Regular,Solid,1904,5,0
M,Half,White,Polo,Slim,Printed,2306,2,1
XL,Sleeveless,Black,Round,Slim,Striped,420,1,0
XL,Full,White,Round,Regular,Checked,1204,0,0
M,Full,Green,Round,Regular,Checked,1744,1,0
XL,Sleeveless,Black,Mandarin,Regular,Printed,1536,6,0
L,Half,Blue,Polo,Regular,Printed,1399,2,0
M,Half,Black,Mandarin,Slim,Solid,284,0,1
L,Half,Yellow,V-Neck,Loose,Solid,2325,2,1
L,Half,Black,V-Neck,Regular,Striped,403,1,0
L,Half,Yellow,Polo,Loose,Solid,1284,0,0
M,Half,Yellow,Mandarin,Slim,Striped,2832,3,1
L,Sleeveless,Yellow,Mandarin,Loose,Printed,635,4,0
S,Half,White,Round,Regular,Striped,853,2,0
M,Sleeveless,Black,Round,Regular,Checked,2397,0,1
L,Half,Blue,V-Neck,Loose,Striped,1063,2,0
XL,Full,Green,Mandarin,Slim,Solid,2697,2,0
L,Sleeveless,Green,Mandarin,Slim,Printed,2368,7,0
M,Half,Black,Polo,Slim,Printed,1501,1,0
L,Half,Green,Polo,Regular,Solid,2167,2,1
S,Half,White,Mandarin,Regular,Checked,1539,0,0
M,Full,Red,Polo,Slim,Solid,662,2,1
L,Sleeveless,White,Polo,Regular,Striped,1249,8,0
L,Full,Yellow,V-Neck,Slim,Printed,2875,0,0
M,Sleeveless,Yellow,V-Neck,Slim,Striped,340,2,1
S,Half,Red,Mandarin,Loose,Solid,1706,3,0
M,Full,Blue,Polo,Slim,Printed,1410,3,0
M,Sleeveless,Green,Round,Slim,Solid,1808,1,1
L,Full,White,Polo,Loose,Solid,2303,4,0
M,Full,Blue,V-Neck,Regular,Striped,1250,1,0
L,Full,Yellow,Polo,Slim,Striped,1067,0,0
S,Full,Blue,V-Neck,Slim,Striped,1163,3,1
M,Sleeveless,Red,Mandarin,Slim,Checked,661,1,0
L,Sleeveless,White,Mandarin,Loose,Printed,1392,1,0
L,Sleeveless,Blue,Mandarin,Slim,Solid,2776,4,0
L,Sleeveless,Black,V-Neck,Slim,Solid,781,9,1
L,Sleeveless,Yellow,Mandarin,Regular,Printed,1765,4,0
S,Full,White,V-Neck,Regular,Checked,1034,0,1
XL,Half,Black,Polo,Slim,Solid,1359,1,1
L,Full,Blue,Round,Slim,Checked,2356,1,0
M,Half,White,Polo,Loose,Solid,854,2,1
M,Full,Black,Round,Regular,Solid,1083,1,1
S,Full,Black,Round,Loose,Solid,837,2,1
M,Full,Yellow,Round,Regular,Solid,751,4,0
M,Half,Blue,Round,Slim,Printed,559,2,1
L,Full,Blue,Polo,Slim,Solid,1692,0,0
M,Half,Blue,Mandarin,Loose,Solid,931,4,1
S,Full,Red,Polo,Slim,Striped,284,8,0
XL,Sleeveless,White,Round,Regular,Solid,367,1,1
XL,Sleeveless,Red,Round,Regular,Solid,1606,1,0
S,Sleeveless,White,Polo,Slim,Solid,532,3,0
L,Full,Blue,Round,Regular,Solid,1861,2,0
XL,Half,White,Round,Loose,Solid,2174,0,0
XL,Half,Green,Polo,Slim,Striped,825,1,0
L,Full,White,Mandarin,Loose,Solid,1606,2,0
S,Full,Green,Round,Loose,Solid,2032,0,1
L,Full,Green,V-Neck,Regular,Printed,389,1,0
L,Sleeveless,Blue,Round,Slim,Checked,2268,9,0
M,Half,Black,Polo,Regular,Solid,1815,3,1
L,Half,Blue,Mandarin,Regular,Solid,2718,3,0
XL,Half,Green,Round,Regular,Printed,2919,6,0
M,Half,Black,Mandarin,Regular,Solid,1054,1,0
XL,Full,Green,V-Neck,Regular,Solid,2039,2,0
M,Full,Black,Round,Loose,Striped,1449,0,1
S,Full,Black,V-Neck,Loose,Checked,1762,3,0
M,Half,Red,Polo,Loose,Printed,2171,1,0
S,Full,Green,Polo,Regular,Printed,2382,6,0
XL,Sleeveless,Green,Polo,Slim,Printed,1362,7,0
XL,Full,Green,Polo,Loose,Printed,2833,0,0
M,Half,Black,Polo,Loose,Solid,1406,1,0
S,Half,Blue,Polo,Loose,Solid,1895,4,0
M,Half,Black,Round,Loose,Solid,420,1,0
S,Full,Black,Round,Slim,Printed,814,0,1
M,Full,Yellow,Polo,Regular,Printed,517,1,1
M,Half,White,Round,Regular,Printed,1828,3,1
L,Half,Black,V-Neck,Regular,Printed,2314,10,0
M,Half,Blue,Polo,Slim,Solid,815,8,1
M,Sleeveless,Green,Polo,Regular,Solid,435,2,0
L,Half,Red,Round,Regular,Printed,2233,0,0
XL,Half,Yellow,V-Neck,Regular,Solid,1943,1,1
S,Sleeveless,Black,Mandarin,Slim,Solid,2642,7,0
M,Half,Green,V-Neck,Regular,Printed,591,2,0
M,Full,White,Round,Slim,Checked,693,2,0
M,Full,Red,Round,Slim,Striped,461,7,0
L,Half,Blue,V-Neck,Slim,Striped,2792,10,0
M,Sleeveless,Green,V-Neck,Slim,Solid,1460,4,0
M,Sleeveless,Yellow,Polo,Regular,Printed,1080,9,0
S,Full,Red,V-Neck,Regular,Solid,1398,5,0
M,Full,Black,Round,Slim,Checked,1975,2,1
M,Half,White,V-Neck,Regular,Solid,648,3,0
M,Half,White,V-Neck,Slim,Checked,2567,4,1
M,Full,Red,V-Neck,Slim,Printed,262,0,0
L,Full,Yellow,Polo,Slim,Printed,325,2,1
L,Sleeveless,Black,Round,Regular,Printed,344,3,0
L,Full,Green,V-Neck,Slim,Checked,413,3,1
L,Half,Blue,V-Neck,Regular,Striped,2266,3,0
L,Half,White,Polo,Slim,Printed,1449,5,1
M,Full,White,V-Neck,Slim,Checked,411,2,0
L,Sleeveless,White,V-Neck,Slim,Printed,480,7,0
XL,Half,White,V-Neck,Loose,Striped,1013,6,0
S,Full,Blue,Round,Regular,Solid,535,3,1
S,Full,Blue,Polo,Slim,Solid,1159,3,1
S,Full,Green,V-Neck,Slim,Solid,3000,1,0
L,Sleeveless,White,Polo,Loose,Solid,2553,7,1
L,Full,Green,V-Neck,Slim,Striped,2426,3,1
M,Sleeveless,Red,V-Neck,Slim,Striped,1568,1,0
S,Full,Green,Polo,Slim,Solid,2380,4,1
M,Full,Green,Polo,Slim,Solid,1673,3,1
XL,Full,Green,Round,Slim,Solid,1985,2,0
L,Sleeveless,Red,Mandarin,Regular,Solid,1115,0,0
L,Full,Blue,V-Neck,Regular,Striped,1959,3,0
L,Half,Blue,V-Neck,Regular,Checked,1468,1,1
XL,Sleeveless,White,Round,Slim,Printed,924,0,1
S,Half,Red,Round,Slim,Printed,1289,9,1
M,Full,Yellow,V-Neck,Regular,Striped,526,9,0
M,Sleeveless,Blue,Round,Regular,Checked,706,2,0
S,Full,Green,Polo,Regular,Printed,773,1,0
M,Full,Black,V-Neck,Loose,Solid,1386,2,0
S,Full,Red,Round,Loose,Solid,744,6,0
S,Sleeveless,Blue,Round,Slim,Printed,634,3,1
L,Sleeveless,Black,Polo,Loose,Checked,1016,3,1
XL,Full,Green,V-Neck,Regular,Printed,759,3,0
M,Full,Green,Polo,Regular,Solid,813,3,0
S,Half,Black,Polo,Slim,Printed,325,3,0
M,Sleeveless,Yellow,Round,Slim,Printed,623,2,1
M,Full,Black,Mandarin,Regular,Solid,1386,1,0
M,Half,White,Polo,Regular,Checked,1419,3,0
XL,Full,Black,Polo,Regular,Striped,2957,2,1
L,Sleeveless,Yellow,V-Neck,Regular,Printed,369,1,0
M,Sleeveless,Blue,Round,Regular,Printed,549,3,1
XL,Full,Blue,Polo,Loose,Solid,1694,0,0
S,Half,White,V-Neck,Regular,Solid,2882,1,0
L,Half,Yellow,V-Neck,Slim,Printed,1068,0,0
XL,Sleeveless,Black,Polo,Slim,Printed,2671,3,1
XL,Half,Black,Polo,Loose,Solid,1841,8,0
S,Half,Black,Round,Regular,Solid,877,0,0
XL,Sleeveless,Black,Mandarin,Regular,Solid,2504,0,0
L,Half,Red,Polo,Slim,Striped,2469,0,0
M,Half,Blue,Mandarin,Loose,Solid,1255,2,0
M,Full,Red,V-Neck,Loose,Checked,1038,1,0
L,Half,White,V-Neck,Regular,Printed,434,3,1
XL,Sleeveless,Black,Round,Regular,Printed,476,3,1
M,Half,White,Mandarin,Regular,Solid,1980,8,0
L,Sleeveless,Red,V-Neck,Regular,Striped,1830,3,0
L,Half,Green,Polo,Loose,Checked,876,7,0
M,Full,Green,Polo,Regular,Solid,1081,2,1
M,Half,White,Round,Regular,Striped,246,1,1
M,Full,Yellow,Polo,Loose,Solid,408,1,1
L,Sleeveless,Yellow,Round,Regular,Printed,2360,7,0
XL,Half,Yellow,Round,Loose,Solid,716,3,0
XL,Full,Red,Mandarin,Slim,Printed,1560,1,0
L,Sleeveless,Yellow,Mandarin,Regular,Solid,750,0,1
M,Full,Red,V-Neck,Loose,Solid,2930,9,1
S,Half,Green,Polo,Slim,Solid,1747,2,0
L,Full,White,V-Neck,Regular,Printed,852,0,0
L,Half,Blue,V-Neck,Regular,Solid,961,0,0
L,Half,Black,Mandarin,Loose,Checked,259,1,1
L,Sleeveless,Black,Round,Slim,Printed,906,2,1
M,Full,White,Polo,Regular,Solid,2882,3,1
L,Half,Yellow,Polo,Regular,Checked,1246,2,0
M,Sleeveless,Blue,Round,Loose,Checked,1428,1,0
M,Half,White,Round,Regular,Printed,464,1,0
M,Half,Red,Polo,Regular,Printed,783,1,0
L,Sleeveless,White,Round,Slim,Printed,1368,1,0
S,Sleeveless,Blue,V-Neck,Regular,Printed,2799,9,1
S,Full,Black,Mandarin,Loose,Solid,2910,2,0
L,Full,Black,V-Neck,Regular,Striped,2688,6,0
L,Half,Black,V-Neck,Regular,Printed,2022,1,0
L,Full,White,Polo,Slim,Striped,690,0,0
S,Sleeveless,Black,Mandarin,Slim,Solid,2620,8,0
M,Half,Black,Polo,Loose,Solid,1365,2,0
S,Full,Blue,Mandarin,Regular,Striped,1137,2,1
L,Full,Black,Round,Slim,Checked,2989,10,0
S,Full,Red,Round,Slim,Striped,1022,0,1
M,Half,Black,V-Neck,Loose,Printed,224,2,1
M,Half,Blue,Mandarin,Regular,Striped,2756,8,0
L,Full,Green,Polo,Slim,Solid,522,1,1
M,Sleeveless,Green,Mandarin,Loose,Printed,1715,1,1
XL,Sleeveless,White,Round,Regular,Solid,3000,0,1
XL,Full,Black,V-Neck,Slim,Solid,1301,1,1
XL,Half,Black,V-Neck,Regular,Solid,1094,2,0
S,Sleeveless,Green,Polo,Regular,Solid,1874,3,0
M,Full,Black,Polo,Regular,Solid,633,3,0
L,Full,Blue,Mandarin,Regular,Solid,1109,4,1
L,Full,White,Round,Loose,Solid,1991,6,1
M,Full,Blue,Mandarin,Slim,Checked,2567,2,0
M,Full,Blue,Mandarin,Loose,Solid,866,0,0
L,Half,Blue,Round,Slim,Printed,710,4,0
XL,Sleeveless,Red,Polo,Regular,Checked,1556,6,0
L,Full,Green,V-Neck,Regular,Striped,1879,2,0
L,Full,Black,Mandarin,Regular,Solid,2883,8,0
S,Full,Green,Round,Slim,Solid,1260,0,1
M,Half,Green,Round,Slim,Solid,480,3,0
M,Sleeveless,White,Round,Slim,Solid,1292,3,1
S,Full,Green,Polo,Loose,Striped,1637,8,0
L,Full,Black,Polo,Regular,Solid,516,3,0
M,Full,Yellow,V-Neck,Regular,Checked,1892,9,1
L,Full,Yellow,Polo,Regular,Checked,2152,0,0
M,Full,Blue,V-Neck,Regular,Solid,1855,5,1
S,Sleeveless,Black,Round,Slim,Solid,1514,6,1
S,Half,Green,Polo,Loose,Checked,2800,1,0
XL,Full,Black,Polo,Loose,Solid,430,1,0
L,Sleeveless,Blue,V-Neck,Loose,Solid,1513,0,0
M,Sleeveless,Red,Polo,Slim,Striped,1742,4,1
L,Half,Yellow,Polo,Slim,Checked,1609,10,1
S,Half,Green,Round,Slim,Solid,1917,0,0
M,Half,Green,Polo,Regular,Solid,1564,7,0
M,Half,White,V-Neck,Regular,Printed,915,2,0
M,Half,Yellow,Round,Regular,Printed,1015,0,0
S,Full,Red,Mandarin,Loose,Striped,2241,4,0
L,Sleeveless,Blue,Round,Slim,Striped,2032,9,0
M,Full,Blue,Polo,Loose,Solid,773,4,0
XL,Half,White,Polo,Regular,Checked,670,0,1
L,Half,White,V-Neck,Slim,Solid,2799,7,0
XL,Half,Green,Round,Regular,Striped,705,1,1
L,Sleeveless,Black,Polo,Slim,Printed,1566,8,0
M,Full,Blue,Round,Loose,Striped,2905,6,0
L,Full,Black,Polo,Regular,Solid,883,1,0
M,Half,Green,V-Neck,Slim,Solid,1971,4,0
M,Sleeveless,Black,V-Neck,Regular,Solid,503,0,1
S,Full,Black,Round,Slim,Striped,402,1,0
M,Full,Red,Polo,Slim,Solid,886,3,1
M,Sleeveless,Black,Polo,Slim,Checked,2790,6,0
L,Full,Blue,Round,Regular,Printed,933,2,1
S,Half,White,Polo,Regular,Solid,1220,1,1
S,Sleeveless,Blue,Round,Regular,Solid,2640,3,0
S,Half,Yellow,Round,Regular,Checked,983,2,0
L,Full,White,Mandarin,Slim,Printed,1601,2,0
M,Full,Blue,V-Neck,Regular,Solid,784,1,1
M,Full,Blue,V-Neck,Regular,Solid,3000,0,1
S,Sleeveless,White,V-Neck,Regular,Printed,698,7,1
S,Full,Black,Mandarin,Slim,Printed,1359,0,0
M,Sleeveless,Black,V-Neck,Slim,Printed,629,3,0
S,Full,Yellow,Mandarin,Slim,Solid,2190,2,0
XL,Full,Black,Mandarin,Loose,Striped,542,6,1
S,Full,White,Round,Loose,Printed,562,2,1
XL,Sleeveless,Blue,Polo,Slim,Solid,2378,3,0
S,Sleeveless,Black,Polo,Loose,Solid,1408,4,0
L,Full,Red,Round,Loose,Solid,1951,6,1
M,Full,White,V-Neck,Slim,Checked,681,1,0
M,Full,Yellow,V-Neck,Loose,Striped,483,5,0
M,Sleeveless,Black,Polo,Loose,Striped,279,4,0
L,Full,White,V-Neck,Regular,Checked,2230,2,0
S,Full,Yellow,Round,Regular,Printed,2160,1,0
XL,Half,Black,V-Neck,Slim,Checked,2146,5,0
M,Full,Yellow,Polo,Slim,Checked,1367,2,0
L,Sleeveless,White,Round,Regular,Solid,484,1,1
S,Full,White,Mandarin,Loose,Printed,414,1,0
XL,Half,Green,Mandarin,Loose,Striped,494,3,0
L,Sleeveless,Blue,Mandarin,Loose,Striped,828,3,0
L,Full,Green,Round,Loose,Solid,776,1,0
M,Sleeveless,Blue,Polo,Regular,Striped,2003,9,1
M,Full,Blue,Round,Slim,Solid,500,8,1
S,Half,Blue,V-Neck,Slim,Solid,364,2,1
L,Sleeveless,Blue,Round,Regular,Solid,292,9,0
S,Full,Yellow,Polo,Regular,Printed,1147,8,0
L,Half,Blue,Polo,Loose,Solid,1830,6,0
XL,Full,Black,Round,Slim,Printed,200,1,1
S,Full,Red,V-Neck,Slim,Printed,1435,0,1
M,Full,White,Round,Regular,Printed,522,0,1
XL,Full,Blue,V-Neck,Regular,Checked,1232,1,0
M,Half,White,Mandarin,Loose,Striped,1032,1,0
S,Sleeveless,Red,Polo,Loose,Checked,540,0,0
M,Full,White,V-Neck,Regular,Checked,1316,5,1
M,Sleeveless,Black,Mandarin,Regular,Solid,2102,6,0
S,Half,Red,Round,Regular,Printed,1716,2,0
L,Half,Red,Round,Loose,Printed,758,0,0
M,Full,Blue,Round,Regular,Printed,2693,9,0
M,Half,Black,V-Neck,Loose,Solid,3000,2,0
S,Full,White,Mandarin,Slim,Striped,1451,3,0
L,Full,Red,Round,Slim,Checked,1415,9,0
M,Sleeveless,Yellow,Round,Regular,Printed,2633,5,0
M,Sleeveless,Black,Mandarin,Loose,Striped,1322,0,0
L,Full,Blue,Polo,Regular,Solid,321,2,1
L,Full,Red,Mandarin,Regular,Solid,922,5,0
M,Half,White,Mandarin,Regular,Solid,394,3,1
M,Full,Black,V-Neck,Slim,Solid,397,1,1
XL,Full,Green,Round,Slim,Checked,1481,2,1
S,Full,Green,Round,Regular,Checked,606,3,0
L,Full,Red,Round,Regular,Printed,1146,5,0
S,Full,Black,Round,Regular,Solid,811,3,1
M,Half,Blue,Round,Slim,Solid,1435,1,1
S,Half,Yellow,Polo,Regular,Striped,724,3,1
S,Sleeveless,Blue,Mandarin,Regular,Printed,1121,3,1
L,Sleeveless,Blue,Mandarin,Regular,Printed,796,0,0
M,Half,Green,Mandarin,Regular,Solid,1899,7,0
XL,Sleeveless,Black,Round,Regular,Printed,587,3,0
L,Sleeveless,Blue,V-Neck,Slim,Solid,419,0,1
L,Half,Green,Polo,Slim,Printed,1185,2,0
L,Sleeveless,Black,Polo,Loose,Checked,300,2,0
M,Full,White,V-Neck,Loose,Printed,1065,2,0
XL,Full,Red,V-Neck,Regular,Printed,390,1,1
S,Full,Yellow,Polo,Slim,Printed,1938,5,0
M,Full,Yellow,Mandarin,Loose,Solid,606,1,0
XL,Sleeveless,Black,Polo,Loose,Printed,717,0,0
S,Half,White,Mandarin,Regular,Striped,785,2,1
XL,Half,Blue,Round,Regular,Solid,2728,5,1
S,Half,Blue,Round,Regular,Checked,917,0,1
L,Half,Black,V-Neck,Regular,Striped,844,1,0
L,Half,White,Polo,Slim,Checked,1237,2,0
M,Sleeveless,Black,Polo,Slim,Striped,2515,0,1
M,Sleeveless,White,Polo,Loose,Solid,606,2,1
S,Full,Black,V-Neck,Loose,Solid,2174,6,0
M,Sleeveless,Black,V-Neck,Regular,Striped,651,1,0
XL,Half,Green,Mandarin,Slim,Checked,1623,2,0
XL,Half,Yellow,Round,Slim,Solid,710,1,1
M,Full,Yellow,Round,Loose,Solid,618,1,0
XL,Half,Green,V-Neck,Regular,Solid,323,3,0
M,Full,Black,Round,Regular,Solid,1050,2,1
L,Sleeveless,Black,Polo,Loose,Striped,581,5,0
S,Half,Black,Mandarin,Loose,Printed,452,1,0
M,Full,White,V-Neck,Loose,Striped,466,6,0
M,Half,Blue,Round,Regular,Solid,1015,2,1
M,Half,Black,Round,Regular,Printed,654,8,0
S,Full,Blue,Polo,Regular,Checked,2987,4,0
L,Half,Black,Polo,Slim,Striped,1811,2,0
XL,Full,Black,V-Neck,Regular,Printed,2702,3,1
S,Full,Green,Round,Regular,Solid,2105,2,1
S,Half,Green,Polo,Loose,Printed,972,2,1
XL,Half,Black,Round,Slim,Printed,2179,1,0
M,Full,Green,Mandarin,Regular,Printed,1141,3,0
M,Half,White,Mandarin,Regular,Printed,329,1,0
S,Half,White,Round,Loose,Solid,2904,1,0
M,Sleeveless,White,Polo,Regular,Printed,791,0,0
M,Sleeveless,Red,Polo,Regular,Striped,679,1,1
XL,Half,Yellow,V-Neck,Loose,Checked,2407,9,0
L,Sleeveless,Black,V-Neck,Loose,Solid,360,0,0
S,Sleeveless,Black,Round,Loose,Printed,412,0,0
L,Sleeveless,White,Round,Loose,Solid,900,8,0
L,Half,Black,V-Neck,Loose,Solid,546,2,1
S,Half,Black,Mandarin,Regular,Checked,1890,0,0
M,Half,Black,Round,Slim,Striped,531,3,1
M,Sleeveless,Yellow,Polo,Regular,Solid,2327,3,0
M,Full,Red,Polo,Regular,Solid,1200,0,0
XL,Half,Blue,Mandarin,Slim,Solid,2003,2,0
L,Full,Blue,Round,Regular,Solid,624,3,1
S,Sleeveless,Red,Round,Slim,Printed,1450,4,0
M,Sleeveless,Green,Round,Slim,Printed,1239,9,1
S,Sleeveless,White,Polo,Slim,Striped,2193,0,0
S,Full,Blue,Round,Slim,Striped,1728,8,0
XL,Half,Yellow,Polo,Regular,Striped,1893,0,0
M,Sleeveless,White,V-Neck,Regular,Solid,1157,2,1
M,Half,Blue,Mandarin,Regular,Printed,2607,3,0
L,Half,Black,Polo,Regular,Printed,3000,2,0
M,Half,Black,V-Neck,Loose,Printed,481,3,0
XL,Sleeveless,Red,Mandarin,Slim,Checked,2449,6,0
L,Half,White,V-Neck,Regular,Checked,596,0,0
L,Half,Black,Round,Slim,Solid,2458,7,1
M,Full,Green,Polo,Slim,Striped,731,3,0
L,Half,Black,Mandarin,Slim,Striped,691,4,0
M,Full,Black,Mandarin,Slim,Solid,1308,4,0
M,Half,Red,Round,Slim,Striped,2388,2,0
S,Sleeveless,Green,Round,Regular,Checked,283,3,0
M,Sleeveless,Blue,Polo,Regular,Checked,630,0,1
S,Full,Blue,Mandarin,Regular,Printed,1535,3,0
S,Sleeveless,Blue,Round,Loose,Printed,2041,1,0
XL,Full,Blue,V-Neck,Loose,Printed,2203,2,0
M,Half,Red,V-Neck,Slim,Solid,200,3,0
M,Sleeveless,White,Polo,Regular,Checked,1093,6,1
XL,Half,Red,Polo,Slim,Checked,2804,0,0
XL,Half,White,Mandarin,Slim,Solid,1012,4,0
M,Full,Red,Round,Regular,Solid,2880,2,0
M,Sleeveless,Black,V-Neck,Regular,Striped,477,5,1
M,Half,Black,Mandarin,Slim,Solid,2480,3,1
S,Half,Yellow,Polo,Regular,Checked,2514,1,0
L,Half,Black,Mandarin,Regular,Printed,2070,6,0
M,Half,Red,Round,Regular,Printed,1752,1,0
L,Half,Blue,V-Neck,Regular,Printed,783,1,1
L,Half,White,V-Neck,Regular,Striped,2502,9,0
M,Sleeveless,Green,V-Neck,Slim,Solid,2828,7,1
L,Half,Yellow,V-Neck,Slim,Solid,2440,6,0
XL,Full,Yellow,Round,Regular,Solid,218,0,1
S,Half,Blue,Mandarin,Slim,Solid,865,9,0
S,Half,Blue,Mandarin,Loose,Printed,541,3,0
XL,Sleeveless,Black,Polo,Loose,Printed,2298,4,0
M,Half,Red,V-Neck,Loose,Striped,622,1,0
L,Full,Black,Polo,Loose,Solid,1285,1,0
L,Sleeveless,Yellow,Mandarin,Regular,Solid,1135,2,0
L,Half,Black,Polo,Regular,Striped,200,2,0
L,Half,Red,Mandarin,Loose,Solid,1386,2,0
XL,Half,Black,Mandarin,Loose,Striped,617,2,0
L,Half,Green,Polo,Slim,Striped,2003,7,0
M,Sleeveless,Blue,V-Neck,Loose,Printed,1405,2,1
L,Sleeveless,Blue,Polo,Slim,Printed,729,3,1
L,Sleeveless,Yellow,V-Neck,Loose,Solid,675,6,0
M,Sleeveless,Blue,Round,Slim,Printed,2799,7,1
L,Sleeveless,Red,Polo,Regular,Checked,503,7,1
L,Full,Yellow,Mandarin,Regular,Solid,831,1,0
S,Half,Red,Mandarin,Regular,Striped,1530,0,0
M,Full,Green,Polo,Regular,Printed,624,2,0
M,Full,Blue,Polo,Slim,Printed,498,0,1
S,Full,Blue,Polo,Slim,Striped,1821,6,0
M,Full,Blue,Polo,Slim,Checked,2703,0,0
M,Sleeveless,Black,V-Neck,Loose,Striped,2528,0,1
S,Full,Black,Polo,Slim,Solid,1136,3,1
S,Full,Blue,Polo,Loose,Solid,1586,2,1
M,Half,Green,V-Neck,Loose,Striped,1784,2,0
XL,Sleeveless,Red,Round,Slim,Solid,2683,3,1
S,Half,Red,Polo,Regular,Printed,285,0,0
S,Half,Red,Round,Slim,Solid,2468,6,0
M,Sleeveless,Green,V-Neck,Slim,Solid,2758,2,0
M,Half,Green,Round,Regular,Solid,317,0,1
S,Full,Green,V-Neck,Slim,Striped,1645,1,1
S,Full,Red,V-Neck,Slim,Checked,355,0,0
M,Half,Blue,Polo,Loose,Printed,1065,1,0
M,Sleeveless,White,Round,Regular,Solid,645,1,0
L,Full,Green,V-Neck,Slim,Solid,1111,3,0
M,Full,Red,Round,Regular,Solid,1790,3,0
L,Half,White,Round,Loose,Checked,1562,1,0
XL,Sleeveless,Red,Round,Regular,Solid,1466,4,1
L,Sleeveless,Blue,Polo,Regular,Checked,671,3,0
M,Full,Black,Round,Regular,Checked,755,0,0
S,Sleeveless,Blue,Polo,Loose,Printed,420,7,0
L,Full,Red,Round,Regular,Checked,1702,8,0
S,Full,Red,Round,Regular,Checked,649,6,1
S,Full,Black,V-Neck,Slim,Striped,368,8,0
L,Full,White,Round,Loose,Solid,1023,1,1
L,Sleeveless,Blue,Round,Loose,Checked,2747,8,0
M,Half,Blue,Mandarin,Regular,Solid,1958,5,1
L,Half,Black,Round,Loose,Striped,498,3,1
L,Sleeveless,Green,Round,Regular,Printed,1384,7,1
S,Full,Yellow,V-Neck,Slim,Checked,2373,2,0
L,Half,Blue,Polo,Loose,Striped,1218,2,0
XL,Full,White,Polo,Regular,Checked,1637,3,0
XL,Sleeveless,Blue,Mandarin,Loose,Printed,610,3,0
L,Full,Green,Mandarin,Loose,Striped,1603,0,0
S,Sleeveless,Black,V-Neck,Loose,Printed,403,3,0
L,Sleeveless,Blue,V-Neck,Loose,Solid,833,3,1
S,Half,White,V-Neck,Slim,Printed,2193,2,0
XL,Half,Black,Polo,Slim,Striped,406,1,0
S,Full,White,Round,Regular,Striped,2836,1,1
S,Full,Blue,Round,Regular,Striped,441,2,0
L,Half,Green,V-Neck,Loose,Printed,3000,4,0
L,Full,Black,Round,Regular,Printed,2698,4,1
S,Sleeveless,Red,V-Neck,Loose,Printed,907,2,0
L,Full,White,V-Neck,Regular,Solid,600,0,1
M,Sleeveless,White,Mandarin,Loose,Checked,524,6,1
L,Full,Red,Round,Slim,Solid,1716,1,1
S,Full,Blue,Round,Loose,Solid,2224,3,0
S,Half,Blue,Round,Slim,Checked,563,0,1
S,Sleeveless,White,Mandarin,Slim,Striped,1846,8,0
S,Full,Black,Polo,Slim,Printed,2770,9,1
M,Sleeveless,White,V-Neck,Loose,Striped,2655,2,0
M,Half,Black,V-Neck,Regular,Solid,639,3,1
S,Half,Green,Polo,Loose,Checked,450,3,0
S,Half,White,Polo,Regular,Striped,779,3,0
M,Full,Blue,Polo,Regular,Solid,871,2,0
XL,Half,Yellow,Round,Loose,Printed,2497,5,0
L,Full,Yellow,V-Neck,Regular,Solid,2909,4,0
S,Sleeveless,Blue,Round,Loose,Striped,556,3,0
L,Full,Green,Round,Loose,Solid,313,0,1
L,Full,Black,Round,Loose,Printed,1182,2,0
S,Full,Black,Mandarin,Loose,Striped,2686,7,1
L,Full,White,V-Neck,Slim,Solid,947,1,0
M,Full,White,Round,Loose,Printed,1837,0,0
S,Half,Black,Round,Slim,Striped,2128,6,0
M,Half,Blue,Round,Regular,Solid,756,2,1
M,Full,Blue,V-Neck,Slim,Printed,589,3,1
M,Full,Blue,Polo,Slim,Checked,2745,2,0
M,Sleeveless,Blue,Mandarin,Loose,Striped,993,6,0
L,Sleeveless,White,V-Neck,Regular,Solid,227,5,0
S,Full,Red,Round,Regular,Printed,311,3,0
L,Half,Green,Round,Loose,Striped,669,2,0
L,Full,Green,Polo,Regular,Striped,3000,3,0
L,Sleeveless,White,Mandarin,Loose,Printed,486,2,1
L,Sleeveless,Black,Polo,Slim,Solid,1185,2,0
L,Sleeveless,Blue,Mandarin,Regular,Checked,593,9,0
S,Full,White,Polo,Loose,Printed,699,6,0
L,Half,Black,Polo,Regular,Checked,259,3,0
L,Sleeveless,Black,V-Neck,Regular,Striped,555,4,0
S,Full,Black,Polo,Slim,Printed,840,2,1
M,Half,Blue,Polo,Slim,Striped,399,1,0
L,Sleeveless,Black,V-Neck,Regular,Striped,1286,1,0
M,Half,Blue,Polo,Loose,Striped,1836,3,0
XL,Half,Black,Mandarin,Regular,Printed,1782,5,0
L,Half,Blue,Polo,Regular,Striped,1226,0,0
XL,Half,White,Polo,Regular,Checked,271,3,0
M,Full,Yellow,V-Neck,Slim,Solid,730,3,1
M,Half,Black,Polo,Loose,Solid,2699,1,1
L,Sleeveless,White,Round,Regular,Striped,2530,1,0
M,Sleeveless,Black,Mandarin,Regular,Printed,283,6,1
L,Full,Green,Round,Slim,Striped,2148,6,0
S,Half,Green,Mandarin,Loose,Checked,2595,7,0
S,Full,Yellow,Polo,Loose,Solid,1009,7,0
L,Full,Black,Mandarin,Loose,Striped,1209,3,0
S,Half,Blue,Polo,Regular,Solid,1128,2,1
L,Full,White,Polo,Regular,Checked,966,5,0
S,Half,Blue,Round,Slim,Solid,1242,0,1
L,Full,Blue,Mandarin,Regular,Striped,1262,7,0
XL,Full,Green,Round,Regular,Solid,696,1,1
M,Full,Green,V-Neck,Slim,Striped,497,5,0
M,Full,White,Mandarin,Regular,Printed,476,0,0
S,Half,Green,Polo,Slim,Striped,1939,3,0
S,Sleeveless,Green,Round,Slim,Solid,703,2,0
M,Half,Yellow,V-Neck,Regular,Checked,815,2,0
L,Sleeveless,White,V-Neck,Loose,Solid,511,2,1
M,Half,Red,Round,Slim,Striped,2008,3,1
L,Full,White,Mandarin,Loose,Solid,1585,7,1
XL,Half,Yellow,Mandarin,Loose,Solid,2504,6,0
L,Full,Red,Round,Regular,Checked,1264,3,1
L,Full,Blue,Round,Regular,Checked,528,3,0
XL,Sleeveless,Yellow,V-Neck,Loose,Checked,1756,2,0
XL,Sleeveless,White,Round,Regular,Printed,1468,7,0
S,Sleeveless,Blue,Polo,Regular,Solid,991,2,1
XL,Full,Red,V-Neck,Regular,Checked,3000,2,0
S,Sleeveless,Green,V-Neck,Loose,Printed,785,3,0
L,Full,Red,Mandarin,Regular,Striped,2943,0,0
XL,Sleeveless,Red,V-Neck,Slim,Solid,424,1,0
M,Half,Green,Round,Loose,Solid,1409,4,0
M,Half,Black,V-Neck,Regular,Solid,1580,9,0
S,Sleeveless,Red,Polo,Regular,Solid,2425,6,0
L,Sleeveless,Black,V-Neck,Loose,Solid,1051,1,0
S,Full,Black,Round,Loose,Striped,1454,2,0
S,Sleeveless,White,Mandarin,Loose,Solid,1242,7,0
M,Half,Black,V-Neck,Regular,Solid,728,3,0
M,Half,White,Round,Loose,Checked,590,3,1
M,Full,White,V-Neck,Regular,Checked,658,2,1
L,Half,Green,Polo,Regular,Printed,1537,3,0
L,Full,White,V-Neck,Slim,Solid,330,2,0
S,Full,Blue,Round,Regular,Checked,1559,1,1
S,Sleeveless,Green,Mandarin,Regular,Striped,1220,2,0
XL,Full,Black,V-Neck,Loose,Solid,599,5,1
L,Half,Yellow,Mandarin,Slim,Printed,2231,2,0
XL,Half,Black,Round,Regular,Checked,2870,6,1
S,Half,White,Round,Regular,Checked,932,1,0
M,Full,Red,Round,Loose,Solid,951,2,1
M,Full,White,Mandarin,Regular,Solid,2504,0,1
M,Full,Black,Round,Loose,Printed,362,5,0
M,Half,White,Round,Loose,Striped,1917,7,0
L,Half,Green,Mandarin,Loose,Striped,2691,1,0
S,Full,Green,Polo,Regular,Solid,290,0,0
XL,Half,Green,V-Neck,Regular,Printed,702,1,0
XL,Full,Green,Mandarin,Slim,Printed,1792,0,0
S,Sleeveless,Blue,Polo,Slim,Printed,1728,4,1
M,Half,Blue,Polo,Regular,Solid,2744,9,1
L,Half,Green,Round,Regular,Striped,2498,3,0
L,Half,Blue,Polo,Loose,Solid,925,3,0
XL,Full,Red,Polo,Regular,Checked,1383,3,0
XL,Full,Black,V-Neck,Loose,Solid,2771,9,1
M,Full,Green,Round,Slim,Striped,200,0,0
S,Full,Red,Round,Loose,Printed,2420,8,0
S,Half,Black,Mandarin,Regular,Solid,901,7,0
XL,Full,Black,V-Neck,Loose,Striped,2434,0,0
M,Half,Yellow,Polo,Slim,Solid,1006,2,1
S,Full,White,V-Neck,Slim,Checked,937,1,0
S,Sleeveless,White,Round,Regular,Striped,1256,0,1
L,Half,Yellow,Mandarin,Loose,Printed,2342,7,0
S,Full,Blue,Round,Slim,Printed,531,0,0
M,Half,Green,Round,Regular,Printed,307,9,0
L,Half,White,Polo,Slim,Checked,341,1,0
S,Half,Green,V-Neck,Loose,Printed,1562,0,0
L,Full,Blue,Polo,Slim,Solid,1245,0,1
S,Half,Black,Polo,Slim,Checked,728,1,0
M,Full,Blue,Mandarin,Regular,Checked,2062,2,0
M,Half,Black,Round,Slim,Striped,919,3,0
M,Half,Red,V-Neck,Regular,Striped,1950,4,0
L,Sleeveless,Blue,Round,Slim,Solid,221,0,1
M,Full,White,Round,Slim,Printed,1519,3,0
XL,Sleeveless,Red,Mandarin,Regular,Printed,1065,0,0
XL,Sleeveless,Black,V-Neck,Regular,Printed,2705,8,1
M,Half,Black,Polo,Regular,Striped,2914,7,0
L,Sleeveless,White,Round,Regular,Striped,1174,3,0
L,Full,Black,V-Neck,Loose,Checked,1453,2,1
L,Half,Yellow,Polo,Slim,Printed,2835,9,1
M,Full,Blue,Round,Regular,Striped,2022,10,0
L,Full,Blue,Mandarin,Loose,Solid,1454,2,0
XL,Full,Red,Round,Regular,Striped,581,8,0
L,Half,Yellow,Round,Regular,Striped,2732,2,0
M,Half,Blue,Mandarin,Slim,Checked,2671,1,0
S,Full,White,V-Neck,Regular,Solid,200,1,0
XL,Sleeveless,Red,V-Neck,Regular,Checked,784,2,0
M,Half,Blue,Polo,Slim,Striped,2685,6,0
S,Sleeveless,Yellow,V-Neck,Regular,Checked,1201,5,1
XL,Sleeveless,Black,V-Neck,Slim,Printed,1651,1,0
S,Sleeveless,Blue,Polo,Slim,Solid,1833,1,0
M,Full,White,Round,Slim,Striped,1100,2,1
L,Full,Red,Round,Regular,Checked,695,2,0
M,Full,Green,Polo,Loose,Checked,1952,6,0
L,Half,White,Round,Loose,Solid,2620,7,0
S,Sleeveless,Red,Polo,Loose,Printed,2466,6,0
S,Half,White,V-Neck,Loose,Solid,913,3,1
M,Sleeveless,Blue,V-Neck,Slim,Checked,2745,4,0
M,Full,Green,Round,Slim,Checked,385,1,0
M,Half,Red,Round,Loose,Striped,481,1,1
M,Full,Blue,V-Neck,Regular,Printed,1053,2,1
S,Full,Red,Mandarin,Slim,Striped,882,0,0
XL,Half,White,V-Neck,Slim,Solid,2223,6,0
L,Half,Red,Round,Slim,Checked,664,7,0
S,Sleeveless,Black,Round,Regular,Printed,466,0,1
S,Full,Blue,Mandarin,Slim,Solid,691,9,1
M,Sleeveless,Black,Polo,Regular,Striped,2865,3,0
S,Full,White,V-Neck,Regular,Solid,928,0,1
L,Half,Yellow,Mandarin,Loose,Solid,1936,3,0
M,Full,Blue,Polo,Regular,Solid,876,10,0
M,Full,Blue,Polo,Slim,Solid,779,6,0
M,Full,Green,Polo,Regular,Solid,2565,3,0
M,Full,White,Mandarin,Loose,Striped,1056,3,0
L,Full,Green,Mandarin,Regular,Printed,665,5,1
M,Half,Green,Mandarin,Slim,Printed,1494,0,1
L,Sleeveless,Blue,Polo,Loose,Checked,671,0,0
XL,Full,White,Mandarin,Loose,Solid,2743,10,0
S,Half,White,Mandarin,Slim,Checked,921,3,0
S,Half,Black,V-Neck,Slim,Solid,467,1,1
L,Half,Black,V-Neck,Loose,Solid,2344,3,0
M,Full,Black,Polo,Loose,Printed,674,3,0
M,Half,Yellow,V-Neck,Slim,Printed,586,7,0
S,Full,Black,V-Neck,Slim,Striped,357,2,1
S,Half,Blue,V-Neck,Loose,Printed,532,1,0
M,Full,Black,V-Neck,Regular,Solid,289,3,1
L,Full,Red,Round,Slim,Checked,457,3,1
M,Full,Blue,Polo,Slim,Striped,1056,1,1
L,Full,White,Polo,Regular,Solid,2542,4,0
M,Full,Red,V-Neck,Slim,Printed,2306,4,1
S,Full,Blue,Polo,Slim,Solid,1750,5,0
M,Half,Black,Polo,Slim,Printed,1457,2,0
XL,Half,Green,V-Neck,Regular,Solid,2539,0,1
M,Full,Blue,V-Neck,Slim,Solid,1717,2,0
M,Half,Green,Polo,Regular,Checked,824,1,1
XL,Full,White,Mandarin,Slim,Striped,1581,6,0
XL,Half,White,Polo,Regular,Solid,1201,4,1
M,Sleeveless,White,Mandarin,Slim,Solid,382,1,0
M,Half,Blue,Mandarin,Regular,Checked,379,8,0
S,Sleeveless,Blue,V-Neck,Slim,Checked,2907,0,0
M,Sleeveless,Blue,V-Neck,Loose,Striped,1942,2,0
L,Full,Green,Polo,Regular,Striped,1526,2,0
S,Half,White,Mandarin,Loose,Solid,1427,0,1
M,Half,White,Round,Regular,Solid,1154,2,0
S,Full,Green,V-Neck,Regular,Printed,3000,0,0
M,Sleeveless,White,Mandarin,Slim,Striped,714,1,1
M,Full,Green,Mandarin,Slim,Striped,1369,7,1
M,Full,Green,V-Neck,Slim,Checked,514,3,1
M,Half,Red,Round,Regular,Printed,2696,7,1
S,Full,Black,Polo,Regular,Printed,2246,0,0
M,Full,Black,Round,Slim,Printed,1786,4,1
L,Sleeveless,Red,Mandarin,Regular,Checked,274,0,0
M,Half,White,Round,Slim,Solid,401,2,1
M,Half,Black,Round,Loose,Solid,813,7,0
L,Sleeveless,Black,Round,Regular,Solid,944,3,1
S,Full,Black,Polo,Regular,Printed,1785,2,0
L,Half,Blue,Mandarin,Regular,Checked,1432,2,1
L,Full,Red,Polo,Loose,Checked,1777,9,0
S,Full,White,Polo,Loose,Printed,1101,4,1
L,Half,Black,Round,Slim,Striped,387,1,0
S,Half,Red,Round,Loose,Checked,1063,3,0
S,Half,Green,Polo,Loose,Striped,1075,7,1
L,Half,White,Round,Regular,Checked,2363,2,1
M,Full,Blue,Round,Regular,Solid,1006,7,1
M,Half,Yellow,Round,Slim,Solid,2869,0,0
S,Sleeveless,Green,Round,Slim,Checked,1004,5,0
S,Full,Blue,Mandarin,Regular,Printed,1721,0,0
M,Half,Blue,Polo,Regular,Printed,1980,8,0
L,Half,Black,Mandarin,Slim,Solid,504,2,0
S,Sleeveless,Green,Round,Slim,Checked,895,0,0
XL,Sleeveless,Black,Round,Slim,Solid,200,4,1
M,Full,Blue,Mandarin,Regular,Printed,1556,1,0
S,Half,Red,Round,Regular,Solid,2792,8,1
L,Full,Green,V-Neck,Slim,Solid,1088,5,1
S,Half,White,Round,Regular,Striped,1397,0,0
XL,Half,Black,Mandarin,Loose,Solid,1966,4,1
M,Half,Black,Round,Slim,Striped,493,0,0
S,Half,Yellow,V-Neck,Regular,Solid,1231,6,1
M,Full,Black,V-Neck,Regular,Checked,609,1,1
L,Half,Blue,V-Neck,Regular,Printed,2632,9,1
L,Full,Yellow,Polo,Regular,Checked,661,0,0
S,Full,White,Mandarin,Loose,Printed,479,2,0
L,Half,Red,Mandarin,Loose,Solid,2448,0,0
L,Sleeveless,White,Polo,Regular,Solid,2137,4,0
L,Full,Blue,Mandarin,Regular,Solid,1778,2,0
XL,Sleeveless,Blue,V-Neck,Regular,Solid,568,7,0
M,Sleeveless,Red,V-Neck,Slim,Printed,1000,5,1
S,Sleeveless,Yellow,V-Neck,Loose,Printed,265,1,0
S,Half,Green,V-Neck,Slim,Solid,777,0,0
S,Half,White,V-Neck,Slim,Printed,419,2,0
XL,Full,Blue,Round,Loose,Striped,1027,0,0
S,Full,White,Round,Regular,Solid,544,7,0
S,Half,Green,Round,Slim,Solid,953,2,1
M,Half,Red,Round,Regular,Striped,736,1,0
XL,Sleeveless,Black,Mandarin,Regular,Solid,1280,2,1
M,Full,Red,V-Neck,Slim,Solid,465,0,0
L,Half,White,Round,Regular,Solid,1156,2,0
M,Full,Blue,Round,Regular,Striped,1831,0,1
S,Sleeveless,Red,Polo,Slim,Printed,1668,4,0
L,Sleeveless,Red,V-Neck,Loose,Checked,2680,1,0
L,Half,White,Polo,Slim,Striped,2044,1,0
XL,Full,Red,V-Neck,Loose,Checked,2679,8,0
M,Sleeveless,Red,V-Neck,Regular,Solid,1576,0,0
S,Half,Yellow,Mandarin,Regular,Solid,215,2,0
L,Sleeveless,White,V-Neck,Loose,Checked,1043,7,0
XL,Full,Blue,V-Neck,Slim,Striped,2149,2,0
S,Half,Black,V-Neck,Slim,Printed,402,1,0
M,Sleeveless,Yellow,Round,Slim,Striped,2116,9,0
L,Full,Green,V-Neck,Slim,Solid,1393,0,1
M,Full,Black,Mandarin,Regular,Checked,1753,0,1
S,Sleeveless,Yellow,Round,Slim,Solid,217,3,0
XL,Full,Black,Round,Loose,Solid,905,5,0
M,Half,White,Round,Loose,Printed,607,0,1
S,Full,Black,Round,Regular,Solid,1722,3,0
M,Full,Black,V-Neck,Slim,Solid,799,1,1
M,Full,Black,Round,Regular,Striped,687,1,1
L,Full,Green,Round,Regular,Printed,908,4,0
L,Half,Green,Round,Loose,Checked,377,3,1
L,Half,Blue,V-Neck,Regular,Striped,1028,0,1
XL,Half,Blue,V-Neck,Slim,Solid,860,4,1
S,Half,White,Polo,Loose,Striped,690,3,0
M,Half,Green,Mandarin,Slim,Solid,855,3,0
L,Half,Black,V-Neck,Regular,Checked,1171,1,0
M,Full,Red,Round,Regular,Solid,770,2,1
L,Half,Black,Mandarin,Regular,Printed,321,2,0
L,Full,Yellow,Polo,Slim,Striped,984,1,1
M,Half,Black,Polo,Slim,Solid,1454,0,0
XL,Half,Yellow,V-Neck,Regular,Checked,1468,7,1
L,Half,Blue,V-Neck,Loose,Solid,2329,4,0
M,Sleeveless,Red,Polo,Regular,Solid,492,2,0
L,Full,White,V-Neck,Loose,Printed,582,1,0
M,Full,Black,Round,Regular,Printed,1387,1,0
L,Half,Blue,Mandarin,Slim,Solid,2537,2,1
L,Full,Yellow,V-Neck,Regular,Striped,1337,2,0
S,Half,Red,Round,Slim,Solid,2607,1,1
S,Half,White,Polo,Regular,Solid,1287,0,1
L,Half,Black,Mandarin,Slim,Solid,2921,0,0
M,Full,Yellow,Mandarin,Loose,Checked,2879,3,0
L,Half,Blue,V-Neck,Slim,Printed,795,1,1
XL,Full,Black,Mandarin,Regular,Striped,680,3,0
S,Half,Green,V-Neck,Slim,Solid,915,3,1
XL,Full,Black,Polo,Slim,Solid,384,0,1
L,Full,Black,Round,Loose,Printed,815,2,0
L,Sleeveless,Yellow,Mandarin,Slim,Printed,1002,3,1
L,Half,White,Mandarin,Regular,Solid,303,6,0
M,Full,White,Polo,Slim,Printed,688,2,1
XL,Full,White,V-Neck,Regular,Solid,1437,1,1
L,Full,Yellow,Round,Regular,Solid,2598,5,0
M,Sleeveless,Blue,Polo,Regular,Printed,2262,3,1
M,Full,Black,Round,Loose,Printed,1954,3,0
M,Full,Blue,Polo,Regular,Solid,1761,3,1
M,Half,Green,Polo,Slim,Solid,1711,8,1
S,Half,Green,V-Neck,Slim,Solid,2297,3,1
M,Full,Green,Polo,Slim,Solid,2222,1,1
L,Full,Red,Round,Slim,Printed,1031,0,0
L,Half,Yellow,Mandarin,Regular,Striped,1401,2,1
M,Half,Yellow,Mandarin,Regular,Checked,221,2,0
L,Half,Red,Round,Slim,Checked,672,0,1
XL,Full,Black,V-Neck,Slim,Printed,967,3,0
L,Full,Green,Mandarin,Regular,Striped,615,3,0
L,Sleeveless,Red,Round,Loose,Printed,1756,3,0
S,Full,Blue,Mandarin,Slim,Printed,1933,1,1
L,Half,Yellow,Mandarin,Slim,Solid,1874,5,0
M,Half,Red,Mandarin,Regular,Solid,286,1,0
L,Half,Black,Round,Loose,Striped,810,3,1
M,Sleeveless,Red,Mandarin,Slim,Checked,738,1,1
L,Half,Black,Round,Regular,Checked,1399,0,0
L,Full,Black,Round,Regular,Solid,1017,0,1
S,Full,Red,V-Neck,Regular,Solid,1772,3,1
M,Full,Red,Round,Slim,Solid,2372,8,0
L,Half,Black,V-Neck,Regular,Striped,2098,5,1
L,Sleeveless,Blue,Round,Loose,Checked,1465,3,1
S,Full,Blue,Round,Regular,Printed,1581,3,0
L,Half,Blue,Round,Slim,Printed,2375,0,0
XL,Full,Blue,Round,Slim,Striped,234,2,0
L,Sleeveless,Black,Polo,Loose,Checked,1398,3,0
L,Half,Green,Polo,Slim,Checked,537,0,1
M,Sleeveless,Red,Round,Slim,Printed,1364,3,1
XL,Full,Black,Polo,Slim,Solid,264,1,0
L,Full,White,V-Neck,Regular,Striped,469,9,0
XL,Full,Yellow,V-Neck,Regular,Solid,1131,3,0
M,Full,Yellow,V-Neck,Slim,Printed,2079,4,0
L,Sleeveless,Yellow,V-Neck,Slim,Printed,699,2,0
L,Half,Green,V-Neck,Slim,Printed,608,1,1
M,Half,Black,Mandarin,Slim,Solid,258,0,0
XL,Half,Yellow,Round,Slim,Striped,2409,9,0
M,Full,Blue,V-Neck,Regular,Striped,271,3,0
L,Full,Black,Round,Regular,Printed,2041,3,0
L,Sleeveless,Black,Round,Regular,Solid,1141,4,0
S,Full,Blue,Round,Loose,Solid,1090,0,1
XL,Half,Yellow,Round,Loose,Printed,1873,7,0
M,Sleeveless,Black,Round,Slim,Checked,461,7,1
XL,Sleeveless,Black,Round,Slim,Checked,621,3,1
M,Full,Black,Round,Loose,Printed,1089,0,0
S,Full,White,Polo,Slim,Solid,1182,8,0
M,Full,Green,Polo,Slim,Striped,2584,5,0
M,Sleeveless,Red,Mandarin,Regular,Printed,2761,6,0
M,Full,Yellow,Polo,Regular,Striped,722,3,1
L,Full,Red,V-Neck,Loose,Striped,2555,10,0
L,Full,Green,Polo,Regular,Solid,3000,1,1
L,Half,Yellow,V-Neck,Regular,Checked,716,8,0
S,Sleeveless,Yellow,Polo,Regular,Printed,2167,2,1
M,Sleeveless,Yellow,Round,Regular,Solid,1991,6,0
L,Full,Yellow,Round,Regular,Solid,1443,0,0
M,Full,Black,Polo,Loose,Striped,614,1,1
XL,Sleeveless,Yellow,Polo,Regular,Solid,994,0,1
S,Half,Blue,Round,Loose,Striped,2131,1,0
L,Sleeveless,Black,Mandarin,Loose,Printed,2315,5,1
S,Full,Yellow,Polo,Regular,Printed,745,0,1
S,Full,Black,V-Neck,Regular,Printed,2599,5,1
L,Half,White,Round,Regular,Checked,1854,3,0
XL,Full,Black,Round,Loose,Striped,425,1,1
S,Half,White,Round,Slim,Solid,2424,0,0
XL,Sleeveless,Black,Polo,Loose,Striped,2846,2,1
M,Sleeveless,Black,V-Neck,Regular,Printed,1303,3,1
L,Full,Blue,V-Neck,Regular,Solid,1649,0,1
L,Full,Blue,Round,Slim,Solid,3000,1,0
M,Full,Green,Polo,Regular,Striped,1900,2,1
M,Full,Green,Polo,Regular,Checked,2975,4,0
M,Half,Black,Polo,Loose,Checked,467,0,0
M,Full,Yellow,V-Neck,Slim,Checked,428,0,0
S,Full,Green,Round,Regular,Checked,700,8,0
XL,Sleeveless,Black,V-Neck,Regular,Printed,703,4,0
S,Half,Black,Mandarin,Regular,Printed,820,5,0
M,Half,Blue,Round,Loose,Printed,742,3,1
M,Half,Red,Round,Regular,Checked,1348,1,1
S,Full,Black,Round,Regular,Striped,781,0,1
S,Full,Black,Mandarin,Loose,Solid,2311,9,0
L,Half,Blue,Mandarin,Regular,Solid,1051,3,1
M,Half,Red,Round,Slim,Printed,452,0,0
M,Full,Black,Round,Loose,Solid,1086,10,0
M,Full,Yellow,Round,Regular,Solid,910,3,0
S,Sleeveless,Green,V-Neck,Slim,Striped,539,1,1
M,Full,White,V-Neck,Loose,Solid,608,2,0
L,Half,Black,Round,Regular,Solid,760,2,1
L,Sleeveless,Blue,Round,Loose,Solid,1891,3,0
L,Half,Blue,Polo,Slim,Solid,2413,5,0
XL,Full,Green,Mandarin,Slim,Solid,365,2,0
M,Full,Green,Polo,Regular,Solid,1421,4,0
M,Full,Black,Mandarin,Slim,Checked,1278,4,0
S,Half,Black,Mandarin,Loose,Striped,471,2,1
S,Sleeveless,Black,Polo,Regular,Solid,1018,2,1
M,Half,Blue,Polo,Regular,Striped,1580,1,0
L,Half,Blue,Polo,Loose,Solid,1686,2,0
S,Half,Green,Polo,Loose,Solid,2659,8,0
L,Sleeveless,Black,Polo,Regular,Printed,609,2,0
S,Full,Yellow,Round,Slim,Solid,517,1,0
XL,Half,Red,Round,Regular,Striped,264,3,0
M,Full,Black,Polo,Slim,Solid,1651,5,1
XL,Half,Black,Mandarin,Slim,Printed,1246,3,0
S,Full,White,Mandarin,Slim,Striped,663,3,1
L,Sleeveless,Green,Mandarin,Loose,Solid,1214,3,1
L,Half,Red,Mandarin,Regular,Printed,1053,10,0
S,Half,White,Round,Slim,Solid,661,3,0
XL,Full,Blue,Polo,Regular,Printed,1888,2,1
L,Half,Blue,V-Neck,Regular,Checked,1957,3,0
M,Full,Yellow,Polo,Regular,Striped,1740,3,0
M,Sleeveless,Red,Mandarin,Slim,Striped,2717,2,0
L,Half,Yellow,Polo,Slim,Printed,1689,3,0
M,Sleeveless,Red,V-Neck,Loose,Striped,1443,2,1
M,Sleeveless,Green,Polo,Slim,Striped,247,2,0
M,Full,Black,Mandarin,Regular,Solid,2985,2,0
S,Full,Yellow,Round,Loose,Solid,2643,7,1
L,Full,White,Mandarin,Regular,Checked,1650,5,0
L,Half,Green,Round,Loose,Striped,1495,1,0
M,Half,Yellow,Polo,Slim,Solid,2354,0,1
M,Full,White,Round,Loose,Printed,922,0,0
L,Sleeveless,Blue,Polo,Regular,Checked,958,2,0
L,Sleeveless,White,Polo,Slim,Solid,2554,8,0
M,Full,Red,V-Neck,Loose,Solid,446,8,1
L,Sleeveless,Blue,Polo,Slim,Solid,472,2,1
S,Sleeveless,Black,V-Neck,Loose,Solid,665,4,0
M,Half,Blue,Mandarin,Slim,Printed,832,1,0
L,Full,Blue,Polo,Slim,Checked,658,2,1
M,Half,Green,V-Neck,Regular,Solid,802,0,0
M,Full,Yellow,V-Neck,Regular,Solid,1025,1,1
L,Half,White,Round,Slim,Printed,1943,2,0
XL,Half,Red,Round,Slim,Solid,474,1,0
M,Half,White,Polo,Regular,Checked,442,4,0
M,Full,Yellow,Round,Regular,Solid,699,1,0
S,Half,Red,Polo,Slim,Solid,1100,1,0
M,Full,Blue,V-Neck,Regular,Printed,1692,1,0
M,Sleeveless,White,Polo,Slim,Printed,1185,3,1
L,Half,Yellow,V-Neck,Regular,Striped,1894,7,0
M,Half,Red,V-Neck,Slim,Checked,451,0,1
M,Half,Red,V-Neck,Loose,Printed,1644,0,0
S,Full,White,Round,Regular,Solid,1132,0,0
S,Full,White,Round,Regular,Solid,703,1,0
L,Half,White,V-Neck,Loose,Solid,900,3,0
S,Full,Red,Round,Loose,Striped,494,2,1
L,Full,Blue,Round,Regular,Printed,349,4,1
M,Full,Black,Round,Regular,Checked,972,3,0
L,Half,Blue,V-Neck,Slim,Checked,906,5,1
L,Full,Yellow,Mandarin,Regular,Checked,905,0,0
S,Full,Blue,Mandarin,Loose,Printed,2861,3,0
